fecha_index;fecha;receta;litros_past;kg_cuba;est_cuba;mg_cuba;mp_cuba;lactosa_cuba;ph_final_moldeo_cuba;formato;est_salida_salmuera;mg_salida_salmuera;ph_salida_salmuera;peso_queso_total;sal_queso;densidad;densidad_original;densidad_ajustada;litros_past_ajustado
2022-02-23;23/02/2022;bajo mg;12330;12860,51;10,28;2,46;3,38;4,44;6,46;3 kg;50,85;20,34;5,44;1419,3;1,47;1,0430259529602595;1,0430259529602595;1,03888150754897;12379,188489303042
2022-02-24;24/02/2022;mezcla;7500;7704,462;12,8;4,9;3,89;4,01;6,35;barra;59,42;32,13;5,4;1062,4;1,31;1,0272616;1,0272616;1,0354311663557634;7440,82489531016
2022-03-01;01/03/2022;bajo mg;13030;13867,37;10,41;2,47;3,43;4,51;6,4;barra;52,1;21,15;5,34;1536,0;1,17;1,0642647735993862;1,0642647735993862;1,0601203281880967;13080,939617204964
2022-03-01;01/03/2022;vaca;14820;15810,99;12,85;5,03;3,97;3,85;6,38;barra;55,94;30,5;5,41;2351,0;1,55;1,0668684210526316;1,0668684210526316;1,0606531885554091;14906,842472735398
2022-03-04;04/03/2022;oveja;11890;12344,19;14,37;5,86;4,55;3,96;6,42;barra;57,6;31,99;5,42;2051,0;;1,0381993271656855;1,0381993271656855;1,0499533086670798;11756,894233393105
2022-03-04;04/03/2022;vaca;14020;14989,74;12,5;4,87;3,95;3,68;6,41;barra;54,58;29,8;5,88;2266,0;1,77;1,0691683309557773;1,0691683309557773;1,062953098458555;14101,97686213759
2022-03-04;04/03/2022;mezcla;13530;14131,77;13,61;5,2;4,11;4,3;6,31;3 kg;52,65;28,8;5,44;2397,0;1,02;1,0444767184035477;1,0444767184035477;1,052646284759311;13424,993945835518
2022-03-08;08/03/2022;bajo mg;10660;11638,92;9,98;2,36;3,28;4,34;6,47;3 kg;50,26;19,97;5,34;1210,5;1,95;1,0918311444652908;1,0918311444652908;1,0876866990540013;10700,618119282668
2022-03-08;08/03/2022;oveja;13750;14268,52;15,04;6,1;4,74;4,2;6,4;barra;53,78;29,85;5,42;2656,0;1,32;1,0377105454545454;1,0377105454545454;1,0494645269559397;13596,00027776741
2022-03-10;10/03/2022;mezcla;9490;10153,85;12,41;4,76;3,78;3,87;6,36;500 g;54,6;29,92;5,98;1439,0;1,79;1,0699525816649105;1,0699525816649105;1,0781221480206737;9418,088681919271
2022-03-11;11/03/2022;i+D;12030;12599,03;14,0;4,78;4,24;4,46;6,35;3 kg;58,67;30,89;5,36;1210,0;1,0;1,047300914380715;1,047300914380715;1,0558350294172973;11932,763783138786
2022-03-15;15/03/2022;mezcla;15030;15397,16;13,47;5,12;4,05;4,3;;barra;55,65;30,63;5,41;2414,3;1,13;1,0244284763805722;1,0244284763805722;1,0325980427363355;14911,087725092197
2022-03-15;15/03/2022;oveja;13830;14279,2;15,23;6,08;4,84;4,31;6,46;barra;56,02;30,82;5,41;2540,0;1,44;1,0324801156905279;1,0324801156905279;1,0442340971919222;13674,328427312017
2022-03-17;17/03/2022;i+D;9520;9633,75;12,55;4,58;3,62;4,35;6,24;barra;56,87;31,57;5,35;1071,0;1,93;1,0119485294117647;1,0119485294117647;1,020482644448347;9440,385931509709
2022-03-18;18/03/2022;mezcla;14530;14642,42;12,99;5,1;3,87;4,02;6,42;barra;54,46;30,55;5,42;2250,0;1,51;1,0077370956641432;1,0077370956641432;1,0159066620199064;14413,154817674664
2022-03-25;25/03/2022;vaca;13230;13011,79;12,37;4,83;3,84;3,7;6,42;barra;54,1;30,63;5,48;1867,0;1,32;0,9835064247921391;0,9835064247921391;0,9772911922949167;13314,138204238967
2022-03-29;29/03/2022;bajo mg;12630;13011,79;10,22;2,44;3,33;4,45;6,42;3 kg;50,67;20,1;5,39;1385,0;1,8;1,0302288202692005;1,0302288202692005;1,026084374857911;12681,013685450414
2022-04-01;01/04/2022;vaca;15340;15946,8;12,6;4,92;3,84;3,84;6,48;barra;56,76;30,51;5,36;2261,0;1,36;1,0395567144719686;1,0395567144719686;1,0333414819747462;15432,26540129328
2022-04-05;05/04/2022;bajo mg;14530;14508,35;10,26;2,4;3,33;4,53;;3 kg;50,04;20,98;5,22;1633,0;1,49;0,9985099793530626;0,9985099793530626;0,9943655339417731;14590,560015176032
2022-04-08;08/04/2022;vaca;15830;16452,76;12,67;4,85;3,85;3,97;6,41;barra;55,63;30,01;5,31;2346,0;1,9;1,0393404927353127;1,0393404927353127;1,0331252602380903;15925,232528152836
2022-04-08;08/04/2022;oveja;10850;10994,12;14,85;6,08;4,8;3,97;6,42;barra;56,45;31,0;5,38;1951,0;1,56;1,0132829493087558;1,0132829493087558;1,0250369308101501;10725,584288276
2022-04-12;12/04/2022;bajo mg;14530;14665,92;10,77;2,55;3,49;4,73;;3 kg;54,14;20,27;5,43;1465,0;1,74;1,0093544390915348;1,0093544390915348;1,0052099936802452;14589,906678410116
2022-04-13;13/04/2022;i+D;9020;9227,15;13,17;4,82;3,91;4,19;6,39;500 g;58,45;29,43;5,74;832,0;1,61;1,0229656319290465;1,0229656319290465;1,0314997469656288;8945,373013559703
2022-04-15;15/04/2022;vaca;14050;14584,98;12,64;4,64;3,95;4,05;6,4;barra;55,68;29,31;5,43;2155,0;1,17;1,0380768683274022;1,0380768683274022;1,0318616358301798;14134,627641491601
2022-04-19;19/04/2022;oveja;11940;12114,63;15,18;6,12;4,91;4,15;6,39;barra;54,84;30,07;5,46;2244,0;0,96;1,0146256281407036;1,0146256281407036;1,0263796096420978;11803,264490244903
2022-04-19;19/04/2022;bajo mg;12780;12877,99;9,63;2,4;3,33;3,9;;3 kg;49,48;20,17;5,44;1354,0;1,16;1,00766744913928;1,00766744913928;1,0035230037279905;12832,780067980024
2022-04-22;22/04/2022;vaca;13910;14382,29;12,76;4,97;3,93;3,86;;barra;54,13;29,34;5,46;2228,0;1,59;1,0339532710280375;1,0339532710280375;1,027738038530815;13994,120545114738
2022-04-29;29/04/2022;bajo mg;15350;15663,47;10,16;2,48;3,27;4,41;6,4;3 kg;45,1;19,6;5,41;1967,0;1,45;1,0204214983713356;1,0204214983713356;1,016277052960046;15412,598320879133
2022-04-29;29/04/2022;i+D;15440;15709,1;12,45;4,54;3,6;4,31;;barra;57,45;30,59;5,2;1918,0;1,44;1,017428756476684;1,017428756476684;1,0259628715132663;15311,56773424902
2022-05-03;03/05/2022;vaca;13790;14315,49;12,72;4,93;3,92;3,87;6,39;barra;55,77;31,16;5,35;2168,0;1,25;1,0381065989847715;1,0381065989847715;1,031891366487549;13873,059185220669
2022-05-06;06/05/2022;bajo mg;15130;16025,31;10,42;2,41;3,42;4,59;6,39;3 kg;50,26;19,7;5,44;1714,0;1,77;1,059174487772637;1,059174487772637;1,0550300423613475;15189,434761622964
2022-05-06;06/05/2022;oveja;11780;12171,48;13,61;5,36;4,34;3,91;6,43;barra;54,55;30,25;5,24;2002,0;1,67;1,03323259762309;1,03323259762309;1,0449865791244843;11647,498870461635
2022-05-10;10/05/2022;mezcla;14840;14707,58;13,32;5,09;4,01;4,22;6,4;3 kg;54,95;30,28;5,36;2300,0;1,2;0,9910768194070081;0,9910768194070081;0,9992463857627712;14718,672200923718
2022-05-10;10/05/2022;mezcla;13910;14047,38;13,4;5,07;4,07;4,26;6,4;barra;56,72;30,6;5,44;2157,0;1,76;1,0098763479511141;1,0098763479511141;1,0180459143068774;13798,375694640417
2022-05-13;13/05/2022;vaca;13390;13742,96;12,56;4,83;3,91;3,82;6,41;barra;54,85;30,05;5,4;2097,0;1,25;1,0263599701269603;1,0263599701269603;1,020144737629738;13471,578583967575
2022-05-17;17/05/2022;mezcla;12530;12698,69;13,33;5,0;3,99;4,34;6,41;barra;55,87;30,27;5,45;1909,0;1,48;1,0134628890662412;1,0134628890662412;1,0216324554220044;12429,802844071324
2022-05-17;17/05/2022;oveja;11130;11253,11;14,05;5,65;4,56;3,84;6,43;barra;57,95;31,6;5,5;1857,0;1,35;1,0110610961365678;1,0110610961365678;1,022815077637962;11002,096318317255
2022-05-20;20/05/2022;oveja;11030;11287,58;16,26;6,61;5,26;4,39;6,42;barra;56,88;31,59;5,37;2193,0;1,34;1,0233526745240253;1,0233526745240253;1,0351066560254196;10904,750669212975
2022-05-20;20/05/2022;i+D;14090;14550,54;11,78;4,3;3,54;3,94;6,34;3 kg;58,39;32,52;5,2;1732,0;1,29;1,0326855926188787;1,0326855926188787;1,041219707655461;13974,514593815935
2022-05-20;20/05/2022;oveja;11450;11275,17;14,16;5,77;4,41;3,98;6,38;barra;56,25;30,87;5,39;1925,0;1,4;0,9847310043668123;0,9847310043668123;0,9964849858682066;11314,942181668992
2022-05-24;24/05/2022;mezcla;13030;13592,29;13,38;5,1;4,0;4,28;6,4;barra;55,76;31,02;5,46;2028,0;1,57;1,0431534919416732;1,0431534919416732;1,0513230582974364;12928,747155999807
2022-05-25;25/05/2022;mezcla;9910;10046,51;12,36;4,66;3,68;4,02;6,38;500 g;54,5;29,56;5,54;1438,0;1,77;1,0137749747729565;1,0137749747729565;1,0219445411287198;9830,77808596522
2022-05-25;25/05/2022;bajo mg;12320;13021,82;9,95;2,45;3,34;4,16;;500 g;52,67;21,26;5,58;1322,0;1,76;1,0569659090909092;1,0569659090909092;1,0528214636796196;12368,497840544238
2022-05-27;27/05/2022;oveja;11680;12425,0;15,1;6,1;4,95;4,05;6,44;barra;57,99;32,06;5,39;2195,0;1,2;1,0637842465753424;1,0637842465753424;1,0755382280767367;11552,355532929983
2022-05-30;30/05/2022;mezcla;12080;12550,32;12,93;4,97;3,92;4,04;6,36;3 kg;48,7;26,2;5,41;2234,0;1,26;1,0389337748344372;1,0389337748344372;1,0471033411902004;11985,751077572299
