Fecha;FORMATO;PH;ES;MG;SAL
02/02/2015;3 KG;5,52;57,2;32,06;1,36
02/02/2015;3 KG;5,37;57,02;31,89;1,75
02/02/2015;3 KG;5,44;57,74;32,45;1,34
02/02/2015;3 KG;5,49;57,81;32,71;1,25
02/02/2015;3 KG;5,5;58,28;32,92;0,93
02/02/2015;3 KG;5,53;57,97;31,68;1,11
02/02/2015;3 KG;5,51;58,55;32,95;1,44
03/02/2015;BARRA 4.2 KG;5,41;57,92;32,73;1,14
03/02/2015;BARRA 4.2 KG;5,52;59,27;33,06;1,19
03/02/2015;BARRA 4.2 KG;5,39;58,64;32,52;1,17
03/02/2015;BARRA 4.2 KG;5,42;56,73;31,02;1,04
03/02/2015;BARRA 4.2 KG;5,37;58,54;32,86;1,2
03/02/2015;BARRA 4.2 KG;5,42;57,22;31,27;0,91
04/02/2015;500 G;5,54;56;28,81;1,08
04/02/2015;BARRA 3 KG;5,83;57,6;30,81;1,96
04/02/2015;BARRA 3 KG;5,5;56,54;30,06;1,18
04/02/2015;BARRA 3 KG;5,45;57,66;31,39;1,41
04/02/2015;500 G;5,42;56,8;30,48;0,64
04/02/2015;BARRA 3 KG;5,42;57,4;31,35;1,47
04/02/2015;BARRA 3 KG;5,41;57,83;31,91;1,14
04/02/2015;BARRA 3 KG;5,55;56,86;31,42;1,5
04/02/2015;BARRA 3 KG;5,52;57,9;31,77;1,8
04/02/2015;500 G;5,47;58,32;30,99;0,61
04/02/2015;500 G;5,44;58,93;30,78;1,52
04/02/2015;BARRA 3 KG;5,58;56,53;31,3;1,57
04/02/2015;BARRA 3 KG;5,66;56,79;31,31;1,71
04/02/2015;BARRA 3 KG;5,8;56,96;31,52;1,64
04/02/2015;BARRA 3 KG;5,38;58,26;31,86;1,2
05/02/2015;BARRA 3 KG;5,49;58,01;32,02;1,59
05/02/2015;BARRA 3 KG;5,5;57,15;31,69;1,83
05/02/2015;BARRA 3 KG;5,49;57,02;30,72;1,51
05/02/2015;BARRA 3 KG;5,54;56,86;31,42;1,43
05/02/2015;BARRA 3 KG;5,56;56,86;30,44;1,39
05/02/2015;BARRA 3 KG;5,55;57,68;31,9;1,28
05/02/2015;BARRA 3 KG;5,62;58,78;32,42;1,64
05/02/2015;BARRA 3 KG;5,48;57,9;32,04;1,8
06/02/2015;BARRA 4.2 KG;5,51;56,93;30,36;1,64
06/02/2015;BARRA 4.2 KG;5,41;57,09;31,01;1,6
06/02/2015;BARRA 4.2 KG;5,48;57,71;31,45;1,44
06/02/2015;BARRA 4.2 KG;5,44;56,89;30,4;1,62
06/02/2015;BARRA 4.2 KG;5,5;58,66;31,55;1,23
06/02/2015;BARRA 4.2 KG;5,45;57,66;31,26;1,39
09/02/2015;BARRA 3 KG;5,48;56,77;31,08;1,62
09/02/2015;3 KG;5,41;57,59;31,69;1,67
09/02/2015;3 KG;5,45;57,09;31,65;1,79
09/02/2015;3 KG;5,42;57,45;31,95;1,8
09/02/2015;BARRA 3 KG;5,44;57,5;31,67;1,25
09/02/2015;BARRA 3 KG;5,53;57,85;31,49;1,52
09/02/2015;3 KG;5,44;58;32,63;1,41
09/02/2015;3 KG;5,45;56,66;31,6;1,56
09/02/2015;3 KG;5,44;56,79;31,5;1,82
09/02/2015;BARRA 3 KG;5,41;57,99;31,71;1,27
09/02/2015;3 KG;5,48;57,1;31,49;1,67
09/02/2015;BARRA 3 KG;5,42;57,76;31,91;1,41
09/02/2015;BARRA 3 KG;5,56;55,97;30,34;1,47
09/02/2015;3 KG;5,49;56,94;31,8;1,78
09/02/2015;BARRA 3 KG;5,46;57,36;32;1,32
09/02/2015;BARRA 3 KG;5,47;56,46;31,39;1,48
09/02/2015;BARRA 3 KG;5,47;57,98;31,95;1,45
10/02/2015;BARRA 4.2 KG;5,48;58,86;31,87;0,89
10/02/2015;BARRA 4.2 KG;5,43;58,44;31,44;0,84
11/02/2015;500 G;5,6;58,17;31,77;1,01
11/02/2015;500 G;5,69;57,5;31,49;0,87
11/02/2015;500 G;5,56;58,73;32,47;1,3
12/02/2015;BARRA 3 KG;5,47;57,25;31,03;1,26
12/02/2015;BARRA 3 KG;5,46;58,51;31,96;1,23
12/02/2015;BARRA 3 KG;5,59;56,75;30,78;1,33
12/02/2015;1 KG;5,52;57,32;31,54;1,51
12/02/2015;BARRA 3 KG;5,53;56,37;30,41;1,56
12/02/2015;BARRA 3 KG;5,47;58,17;31,35;1,14
12/02/2015;BARRA 3 KG;5,51;57,01;30,79;1,44
12/02/2015;BARRA 3 KG;5,6;56,74;30,73;1,28
12/02/2015;BARRA 3 KG;5,5;57,14;31,56;1,48
12/02/2015;1 KG;5,35;57,27;30,82;1,45
13/02/2015;BARRA 4.2 KG;5,41;58,15;31,95;0,88
13/02/2015;BARRA 4.2 KG;5,45;57,16;31,39;1,32
13/02/2015;BARRA 4.2 KG;5,4;57,19;31,33;0,79
13/02/2015;BARRA 4.2 KG;5,47;57,81;31,77;1,15
13/02/2015;BARRA 4.2 KG;5,39;57,29;31,79;1,46
16/02/2015;3 KG;5,42;57,03;30,17;1,38
16/02/2015;3 KG;5,44;57,02;30,96;1,51
16/02/2015;BARRA 3 KG;5,52;58,4;32,13;1,62
16/02/2015;BARRA 3 KG;5,44;56,89;31,07;1,24
16/02/2015;BARRA 3 KG;5,39;58,14;32,06;1,2
16/02/2015;BARRA 3 KG;5,56;57,12;31,27;1,23
16/02/2015;3 KG;5,39;56,45;30,38;1,5
16/02/2015;BARRA 3 KG;5,47;57,56;31,53;1,06
16/02/2015;3 KG;5,28;57,05;29,8;0,69
16/02/2015;3 KG;5,46;56,79;31,55;1,36
16/02/2015;3 KG;5,42;57,34;30,89;1,3
16/02/2015;3 KG;5,41;57,35;31,23;1,69
16/02/2015;BARRA 3 KG;5,47;57,27;31,3;1,22
16/02/2015;3 KG;5,45;56,49;30,84;1,3
16/02/2015;3 KG;5,47;57,65;31,51;1,27
16/02/2015;BARRA 3 KG;5,45;58,73;32,31;1,06
16/02/2015;3 KG;5,41;57,59;30,67;1,28
16/02/2015;BARRA 3 KG;5,39;58,05;32,26;1,3
16/02/2015;3 KG;5,5;56,96;31,14;1,46
16/02/2015;3 KG;5,33;56,12;30,19;1,37
16/02/2015;BARRA 3 KG;5,52;57,41;31,9;1,24
17/02/2015;3 KG;5,36;57,51;31,72;1,15
17/02/2015;3 KG;5,46;57,33;31,8;1,22
17/02/2015;BARRA 4.2 KG;5,42;57,25;30,7;0,94
18/02/2015;BARRA 3 KG;5,5;57,67;31,08;1,16
18/02/2015;BARRA 3 KG;5,42;57,4;30,38;1,43
18/02/2015;BARRA 3 KG;5,26;57,67;31,13;1,06
18/02/2015;BARRA 3 KG;5,48;57,53;30,82;1,58
18/02/2015;BARRA 3 KG;5,47;59,09;32,25;1,11
18/02/2015;BARRA 3 KG;5,42;57,79;31,41;1,48
18/02/2015;BARRA 3 KG;5,59;58,09;31,85;1,28
18/02/2015;BARRA 3 KG;5,39;58,2;31,77;1,17
20/02/2015;BARRA 4.2 KG;5,38;56,25;30,06;1,18
20/02/2015;BARRA 4.2 KG;5,52;57,1;31,39;1,45
20/02/2015;BARRA 4.2 KG;5,34;57,21;31,1;1,32
23/02/2015;3 KG;5,51;57,39;32,01;1,37
23/02/2015;BARRA 3 KG;5,49;57,65;31,6;1,06
23/02/2015;BARRA 3 KG;5,51;56,92;31,09;1,54
23/02/2015;BARRA 3 KG;5,55;57,04;31,2;1,62
23/02/2015;BARRA 3 KG;5,46;57,99;31,79;1,44
23/02/2015;3 KG;5,37;57,23;31,62;1,43
23/02/2015;BARRA 3 KG;5,46;58,18;32,35;1,19
23/02/2015;3 KG;5,54;58,1;31,9;1,21
23/02/2015;BARRA 3 KG;5,47;58,03;31,71;1,13
23/02/2015;BARRA 3 KG;5,51;58,12;31,64;1,14
23/02/2015;3 KG;5,5;58,07;31,32;1,32
23/02/2015;3 KG;5,4;56,49;31,45;1,5
23/02/2015;BARRA 3 KG;5,43;57,67;31,86;1,17
23/02/2015;3 KG;5,54;57,41;31,88;1,21
23/02/2015;3 KG;5,36;57,25;31,83;1,36
23/02/2015;BARRA 3 KG;5,45;58,34;31,99;0,97
23/02/2015;BARRA 3 KG;5,47;58,64;32,28;1,25
23/02/2015;3 KG;5,48;57,17;31,13;1,44
24/02/2015;BARRA 4.2 KG;5,42;57,67;30,6;0,7
24/02/2015;BARRA 4.2 KG;5,45;57,63;30,79;0,75
25/02/2015;500 G;5,61;56,98;30,86;1,11
25/02/2015;BARRA 3 KG;5,53;57,09;31;1,52
25/02/2015;BARRA 3 KG;5,41;58,08;31,42;0,95
25/02/2015;BARRA 3 KG;5,48;57,37;30,63;1,03
25/02/2015;BARRA 3 KG;5,41;58,03;31,65;1,39
25/02/2015;BARRA 3 KG;5,5;57,02;30,9;0,93
25/02/2015;BARRA 3 KG;5,49;58,29;31,69;1,1
25/02/2015;BARRA 3 KG;5,42;57,01;30,98;1,48
25/02/2015;BARRA 3 KG;5,36;56,78;30,34;1,14
25/02/2015;500 G;5,77;56,15;30,42;0,82
25/02/2015;BARRA 3 KG;5,5;57,36;30,89;1,42
27/02/2015;BARRA 4.2 KG;5,5;58,67;31,58;1,23
27/02/2015;BARRA 4.2 KG;5,46;57,84;31,45;1,39
27/02/2015;BARRA 4.2 KG;5,42;57,87;31,5;1,02
02/03/2015;3 KG;5,38;57,27;31,01;1,49
02/03/2015;BARRA 3 KG;5,55;57,97;31,81;1,3
02/03/2015;3 KG;5,26;58,01;31,81;1,25
02/03/2015;3 KG;5,42;57,97;31,41;1
02/03/2015;3 KG;5,38;57,41;31,32;1,35
02/03/2015;BARRA 3 KG;5,5;58,31;31,42;1,4
02/03/2015;3 KG;5,39;57,18;31,05;1,69
02/03/2015;BARRA 3 KG;5,63;55,92;30,75;1,59
02/03/2015;BARRA 3 KG;5,53;57,6;31,32;1,14
02/03/2015;3 KG;5,41;58,11;31,61;1,37
02/03/2015;BARRA 3 KG;5,71;56,94;30,75;1,13
02/03/2015;BARRA 3 KG;5,53;57,81;31,86;1,72
02/03/2015;3 KG;5,48;57,37;31,21;1,34
02/03/2015;BARRA 3 KG;5,66;57,75;31,59;1
02/03/2015;BARRA 3 KG;5,48;57,04;31,24;1,36
02/03/2015;BARRA 3 KG;5,73;58,18;31,87;1,09
02/03/2015;3 KG;5,46;57,67;31,36;1,56
02/03/2015;3 KG;5,44;57,22;31,05;1,24
03/03/2015;BARRA 4.2 KG;5,55;57,22;30,66;0,88
03/03/2015;1 KG;5,46;57,72;30,13;1,2
03/03/2015;1 KG;5,46;59,05;31,35;1,13
03/03/2015;1 KG;5,53;56,61;29,79;1,59
03/03/2015;BARRA 4.2 KG;5,55;56,06;29,71;0,99
03/03/2015;BARRA 4.2 KG;5,62;56,38;30,02;0,83
03/03/2015;BARRA 4.2 KG;5,53;57,54;30,1;0,79
04/03/2015;500 G;5,55;57,99;30,36;0,96
04/03/2015;500 G;5,49;56,18;29,42;1,05
05/03/2015;BARRA 3 KG;5,31;56,68;30,67;1,18
05/03/2015;BARRA 3 KG;5,51;57,61;30,55;1,21
05/03/2015;BARRA 3 KG;5,4;56,51;30,59;1,62
05/03/2015;BARRA 3 KG;5,42;56,47;30,17;1,18
05/03/2015;BARRA 3 KG;5,37;57,96;30,84;1,08
05/03/2015;BARRA 3 KG;5,42;56,86;30,14;1,2
05/03/2015;BARRA 3 KG;5,37;57,02;30,32;1,3
05/03/2015;BARRA 3 KG;5,51;57,68;31,34;1,28
05/03/2015;BARRA 3 KG;5,44;56,71;30,18;1,24
06/03/2015;BARRA 4.2 KG;5,46;57,29;30,46;1,23
06/03/2015;BARRA 4.2 KG;5,45;58,38;31;1,21
06/03/2015;BARRA 4.2 KG;5,47;59,81;32,41;1,19
09/03/2015;3 KG;5,51;56,93;30,04;1,4
09/03/2015;3 KG;5,59;57,24;31,25;1,29
09/03/2015;1 KG;5,38;58,8;31,81;1,14
09/03/2015;BARRA 3 KG;5,51;58,27;31,64;1,17
09/03/2015;BARRA 3 KG;5,32;58,33;31,98;1,39
09/03/2015;BARRA 3 KG;5,56;57,69;31,27;1,1
09/03/2015;BARRA 3 KG;5,56;57,09;30,99;1,26
09/03/2015;1 KG;5,32;58,55;31,61;1,04
09/03/2015;BARRA 3 KG;5,46;58,48;32;1,22
09/03/2015;BARRA 3 KG;5,48;58,36;31,72;1,29
09/03/2015;BARRA 3 KG;5,44;57,47;31,72;1,41
09/03/2015;3 KG;5,55;57,62;31,22;1,43
09/03/2015;BARRA 3 KG;5,5;58,56;31,95;1,24
09/03/2015;BARRA 3 KG;5,52;58,61;31,68;1,33
09/03/2015;3 KG;5,32;56,69;30,48;0,91
10/03/2015;BARRA 4.2 KG;5,45;58,34;31,45;0,91
10/03/2015;BARRA 4.2 KG;5,4;57,26;30,78;0,81
10/03/2015;BARRA 4.2 KG;5,25;57,62;29,61;0,92
10/03/2015;BARRA 4.2 KG;5,41;58,31;31,82;1,03
10/03/2015;BARRA 4.2 KG;5,52;57,68;30,83;1,08
10/03/2015;BARRA 4.2 KG;5,44;58,41;31,16;0,96
10/03/2015;BARRA 4.2 KG;5,52;58,41;31,42;1,15
11/03/2015;3 KG;5,39;58,15;31,23;1,31
11/03/2015;3 KG;5,53;57,49;31,03;1,36
11/03/2015;3 KG;5,44;57,9;31,24;1,38
12/03/2015;BARRA 3 KG;5,55;56,69;29,88;1,3
12/03/2015;BARRA 3 KG;5,5;57;30,28;1,47
12/03/2015;BARRA 3 KG;5,63;57,54;30,2;1,21
12/03/2015;BARRA 3 KG;5,58;57,37;30,99;1,2
12/03/2015;BARRA 3 KG;5,52;57,02;30,62;1,21
12/03/2015;BARRA 3 KG;5,57;57,14;30,13;1,24
12/03/2015;500 G;5,6;57,18;29,54;0,83
12/03/2015;BARRA 3 KG;5,55;57,19;31,18;1,46
12/03/2015;BARRA 3 KG;5,69;56,9;30,43;1,2
12/03/2015;BARRA 3 KG;5,53;57,37;30,76;1,21
12/03/2015;BARRA 3 KG;5,61;56,44;30,16;1,42
12/03/2015;BARRA 3 KG;5,54;57,09;30,8;1,2
12/03/2015;500 G;5,47;58,5;29,87;1
12/03/2015;BARRA 3 KG;5,6;56,28;29,72;1,48
12/03/2015;500 G;5,51;57,65;29,05;0,85
12/03/2015;BARRA 3 KG;5,51;58,12;31,37;1,35
12/03/2015;BARRA 3 KG;5,63;56,38;29,96;1,23
12/03/2015;BARRA 3 KG;5,56;57,87;31,03;1,21
12/03/2015;BARRA 3 KG;5,46;58,53;31,36;1,2
13/03/2015;BARRA 4.2 KG;5,49;58,59;30,9;1,18
13/03/2015;BARRA 4.2 KG;5,44;57,75;30,55;1,46
13/03/2015;BARRA 4.2 KG;5,49;57,93;30,63;1,22
16/03/2015;BARRA 3 KG;5,56;58,48;31,32;1,03
16/03/2015;BARRA 3 KG;5,56;56,08;30,44;1,03
16/03/2015;BARRA 3 KG;5,59;57,97;31,06;1,26
16/03/2015;BARRA 3 KG;5,5;58,85;31,54;0,95
16/03/2015;BARRA 3 KG;5,48;56,83;31,16;1,92
16/03/2015;BARRA 3 KG;5,58;57,66;31,54;1,49
16/03/2015;BARRA 3 KG;5,54;57,62;31,24;1,23
16/03/2015;BARRA 3 KG;5,55;57,1;30,68;1,27
16/03/2015;BARRA 3 KG;5,58;56,57;31,06;1,01
16/03/2015;BARRA 3 KG;5,53;57,89;30,99;1,25
16/03/2015;BARRA 3 KG;5,59;58,87;31,9;1,18
16/03/2015;BARRA 3 KG;5,58;56,93;31,03;1,6
16/03/2015;BARRA 3 KG;5,59;57,52;31,08;1,18
16/03/2015;BARRA 3 KG;5,59;57,85;31,17;1,24
16/03/2015;BARRA 3 KG;5,63;56,59;30,23;1,13
16/03/2015;BARRA 3 KG;5,87;56,07;29,79;1,58
16/03/2015;BARRA 3 KG;5,54;56,7;30,52;1,79
16/03/2015;BARRA 3 KG;5,57;57,66;31,68;1,37
17/03/2015;BARRA 4.2 KG;5,48;57,66;31,6;0,93
17/03/2015;BARRA 4.2 KG;5,53;57,66;30,9;1,11
17/03/2015;3 KG;5,5;57,1;31,07;1,51
17/03/2015;BARRA 4.2 KG;5,57;58,41;31,7;1,11
17/03/2015;3 KG;5,45;57,73;31,37;1,36
17/03/2015;3 KG;5,42;57,22;31,12;1,51
17/03/2015;BARRA 4.2 KG;5,46;57,55;30,68;0,63
17/03/2015;3 KG;5,44;57,57;31,33;1,43
17/03/2015;3 KG;5,5;57,36;30,31;1,77
17/03/2015;3 KG;5,54;57,4;30,22;1
17/03/2015;BARRA 4.2 KG;5,47;57,65;31,19;0,86
17/03/2015;3 KG;5,48;57,2;30,74;1,45
17/03/2015;BARRA 4.2 KG;5,39;57,01;30,92;1,61
17/03/2015;BARRA 4.2 KG;5,46;56,55;30,19;0,79
17/03/2015;BARRA 4.2 KG;5,5;58,82;32,21;1,41
17/03/2015;BARRA 4.2 KG;5,52;57,35;30,84;1,47
19/03/2015;500 G;5,62;57,67;30,99;0,8
19/03/2015;BARRA 3 KG;5,67;57,68;31,92;1,62
19/03/2015;BARRA 3 KG;5,57;57,42;31,41;1,21
19/03/2015;500 G;5,4;59,72;31,42;0,89
19/03/2015;BARRA 3 KG;5,7;56,18;30,88;1,22
19/03/2015;BARRA 3 KG;5,5;57,8;31,76;1,31
19/03/2015;BARRA 3 KG;5,58;58,4;32,15;1,1
19/03/2015;BARRA 3 KG;5,62;56,82;30,84;1,36
19/03/2015;500 G;5,71;57,18;30,8;0,7
19/03/2015;BARRA 3 KG;5,48;57,38;30,98;1,21
20/03/2015;BARRA 4.2 KG;6,28;55,85;29,42;1,5
20/03/2015;BARRA 4.2 KG;5,43;58,89;31,83;1,28
20/03/2015;BARRA 4.2 KG;5,4;59,21;31,89;1,13
23/03/2015;3 KG;5,45;58,28;31,85;1,15
23/03/2015;BARRA 3 KG;5,58;57,86;31,44;1,27
23/03/2015;3 KG;5,44;58,53;31,94;1,27
23/03/2015;BARRA 3 KG;5,59;57,52;31,7;1,02
23/03/2015;3 KG;NA;58,72;32,38;1,32
23/03/2015;BARRA 3 KG;5,6;59,44;32,92;1,39
23/03/2015;3 KG;NA;58,13;32,08;1,25
23/03/2015;3 KG;5,38;58,44;31,76;1,37
23/03/2015;3 KG;5,4;58,64;32,17;1,34
23/03/2015;3 KG;5,42;57,75;31,1;1,25
23/03/2015;3 KG;5,42;57,13;30,76;1,49
23/03/2015;3 KG;5,43;58,09;31,49;1,01
23/03/2015;3 KG;5,46;57,97;31,49;1,27
23/03/2015;BARRA 3 KG;5,49;58,8;31,85;0,98
23/03/2015;3 KG;5,45;57,65;31,12;1,54
23/03/2015;BARRA 3 KG;5,38;58,97;32,64;1,23
23/03/2015;3 KG;5,48;56,99;30,47;1,18
23/03/2015;BARRA 3 KG;5,34;57,81;31,17;1,23
24/03/2015;BARRA 4.2 KG;5,53;58,1;31,38;1
24/03/2015;BARRA 4.2 KG;5;56,68;30,09;0,85
24/03/2015;BARRA 4.2 KG;5,47;57,35;30,14;0,79
24/03/2015;BARRA 4.2 KG;5,42;56,7;29,73;0,76
24/03/2015;BARRA 4.2 KG;5,4;56,82;30,49;1,37
24/03/2015;BARRA 4.2 KG;5,44;57,63;30,81;1,04
24/03/2015;BARRA 4.2 KG;5,5;57,1;30,68;1,37
25/03/2015;BARRA 3 KG;5,73;57,49;31,49;1,93
25/03/2015;500 G;5,51;56,6;29,59;1,54
25/03/2015;BARRA 3 KG;5,64;57,65;31,29;1,25
25/03/2015;500 G;5,64;57,2;30,46;0,76
25/03/2015;BARRA 3 KG;5,56;56,28;29,85;1,43
25/03/2015;BARRA 3 KG;5,54;58,38;31,96;1,18
25/03/2015;BARRA 3 KG;5,55;58,01;31,18;1,25
25/03/2015;BARRA 3 KG;5,52;57,23;30,87;1,27
25/03/2015;BARRA 3 KG;5,56;57,47;30,87;1,18
25/03/2015;BARRA 3 KG;5,6;57,12;30,84;1,25
25/03/2015;BARRA 3 KG;5,59;57,14;30,93;1,24
25/03/2015;BARRA 3 KG;5,51;57,24;30,6;1,04
25/03/2015;BARRA 3 KG;5,53;57,54;31,01;1,13
25/03/2015;500 G;5,55;58,32;30,94;0,83
25/03/2015;BARRA 3 KG;5,56;58,54;31,98;1,02
25/03/2015;BARRA 3 KG;5,43;57,14;30,7;1,71
25/03/2015;BARRA 3 KG;5,49;57,3;30,78;1,1
26/03/2015;1 KG;5,39;57,89;30,43;1,36
26/03/2015;1 KG;5,56;58,38;31,14;1,39
27/03/2015;3 KG;5,44;58,09;31,53;1,16
27/03/2015;BARRA 4.2 KG;5,45;57,29;31,37;0,87
27/03/2015;BARRA 4.2 KG;5,31;59,21;32,13;0,9
27/03/2015;3 KG;5,4;58,72;32,26;1,08
27/03/2015;3 KG;5,41;59,08;32,3;1,16
27/03/2015;BARRA 4.2 KG;5,36;58,29;31,78;0,64
27/03/2015;3 KG;5,46;59,07;32,68;1,03
27/03/2015;BARRA 4.2 KG;5,34;59,61;32,8;0,84
27/03/2015;3 KG;5,36;58,47;32,18;1,1
27/03/2015;3 KG;5,44;58,82;32,34;1,1
30/03/2015;BARRA 3 KG;5,56;57,43;31,16;0,92
30/03/2015;BARRA 3 KG;5,55;57,94;31,69;1,08
30/03/2015;BARRA 3 KG;5,47;57,49;31,77;1,37
30/03/2015;BARRA 3 KG;5,5;57,88;31,46;1,32
30/03/2015;BARRA 3 KG;5,51;57,98;31,49;1,12
30/03/2015;BARRA 3 KG;5,53;58,32;31,66;1,16
30/03/2015;BARRA 3 KG;5,48;56,94;31,27;1,47
30/03/2015;BARRA 3 KG;5,47;57,3;31,26;1,37
30/03/2015;BARRA 3 KG;5,39;59,03;32,09;1,12
31/03/2015;BARRA 3 KG;5,54;58,7;32,8;1,06
31/03/2015;BARRA 3 KG;5,52;57,32;31,26;1,18
31/03/2015;BARRA 3 KG;5,54;56,81;30,9;1,53
31/03/2015;BARRA 3 KG;5,62;57,24;31,54;1,19
31/03/2015;BARRA 3 KG;5,55;57,23;31,65;1,24
31/03/2015;BARRA 3 KG;5,53;56,39;30,58;1,32
31/03/2015;BARRA 3 KG;5,55;56,91;30,84;1,56
31/03/2015;BARRA 3 KG;5,53;56,44;31,22;1,49
31/03/2015;BARRA 3 KG;5,55;56,92;30,98;1,36
01/04/2015;500 G;5,42;57,94;31,79;0,66
01/04/2015;500 G;5,53;57,65;32,11;1,04
01/04/2015;500 G;5,42;57,58;31,31;0,75
01/04/2015;500 G;5,52;57,33;31,23;1
01/04/2015;500 G;5,58;58,04;31,68;1,06
03/04/2015;BARRA 4.2 KG;5,37;58,4;31,71;1,21
03/04/2015;BARRA 4.2 KG;5,43;58,76;31,77;0,9
03/04/2015;BARRA 4.2 KG;5,37;58,92;32,04;0,95
06/04/2015;3 KG;5,32;57,5;30,99;1,27
06/04/2015;3 KG;5,41;58,41;31,68;1,3
06/04/2015;3 KG;5,39;59,2;32,59;1
06/04/2015;3 KG;5,26;58,16;31,75;1,2
06/04/2015;3 KG;5,45;58,1;32,05;1,09
06/04/2015;3 KG;5,39;57,15;30,96;1,25
06/04/2015;BARRA 4.2 KG;5,36;56,71;31,13;1,2
06/04/2015;3 KG;5,38;57,77;31,53;1,31
06/04/2015;3 KG;5,4;58,66;31,71;0,98
06/04/2015;BARRA 4.2 KG;5,39;57,17;30,78;0,92
06/04/2015;3 KG;5,39;57,73;30,58;1,54
06/04/2015;BARRA 4.2 KG;5,32;57,31;30,28;1
06/04/2015;3 KG;5,48;58,23;31,92;1,27
06/04/2015;3 KG;5,45;57,78;32,22;1,35
06/04/2015;BARRA 4.2 KG;5,3;56,88;30,76;0,96
06/04/2015;3 KG;5,42;56,98;31,11;1,34
06/04/2015;BARRA 4.2 KG;5,36;56,21;30,23;1,01
06/04/2015;3 KG;5,37;58,9;32,15;1,03
06/04/2015;BARRA 4.2 KG;5,34;57,95;30,61;1,44
06/04/2015;3 KG;5,38;58,12;31,48;1,2
07/04/2015;BARRA 3 KG;5,44;57,36;31,09;1,28
07/04/2015;BARRA 3 KG;5,51;58,32;31,75;1,08
07/04/2015;BARRA 3 KG;5,42;58,14;31,35;1,02
07/04/2015;BARRA 3 KG;5,45;57,03;31,12;1,24
07/04/2015;BARRA 3 KG;5,42;56,68;30,99;1,6
07/04/2015;BARRA 3 KG;5,49;57,61;31,54;1,27
07/04/2015;BARRA 3 KG;5,47;57,66;31,71;1,24
07/04/2015;BARRA 3 KG;5,51;58,19;31,24;1,35
07/04/2015;BARRA 3 KG;5,43;58,02;31,77;1,11
07/04/2015;BARRA 3 KG;5,49;57,31;31,39;0,91
07/04/2015;BARRA 3 KG;5,51;57,99;31,68;1,03
07/04/2015;BARRA 3 KG;5,48;56,44;30,47;1,25
07/04/2015;BARRA 3 KG;5,45;56,9;31,36;1,61
08/04/2015;500 G;5,54;58,03;31,47;0,72
08/04/2015;500 G;5,58;56,94;30,28;0,54
08/04/2015;500 G;5,43;59,3;31,8;0,97
08/04/2015;500 G;5,69;59,25;31,91;1,26
08/04/2015;500 G;5,68;56,99;30,25;1,4
10/04/2015;BARRA 4.2 KG;5,4;59,02;32,48;1,34
10/04/2015;BARRA 4.2 KG;5,33;57,72;31,29;1,2
10/04/2015;BARRA 4.2 KG;5,43;57,91;31,54;1,2
13/04/2015;3 KG;5,45;58,86;32;1,16
13/04/2015;3 KG;5,36;56,45;31,45;1,22
13/04/2015;3 KG;5,4;57,68;31,23;1,27
13/04/2015;BARRA 4.2 KG;5,5;58,99;31,84;0,63
13/04/2015;3 KG;5,41;57,17;31,15;1,31
13/04/2015;BARRA 4.2 KG;5,35;57,38;31,47;0,79
13/04/2015;3 KG;5,36;57,57;32,13;1,19
13/04/2015;3 KG;5,5;58,29;32,26;1,35
13/04/2015;3 KG;5,41;58,24;31,93;1,65
13/04/2015;3 KG;5,5;57,7;31,67;1,39
13/04/2015;BARRA 4.2 KG;5,51;59,04;32,21;1,04
13/04/2015;3 KG;5,45;57,72;31,71;1,3
13/04/2015;3 KG;5,46;57,75;31,95;1,29
13/04/2015;3 KG;5,39;58,45;32,16;1,48
13/04/2015;BARRA 4.2 KG;5,43;57,72;31,59;1,31
13/04/2015;3 KG;5,48;57,92;32,29;1,33
13/04/2015;3 KG;5,45;58,43;32,59;1,09
13/04/2015;BARRA 4.2 KG;5,42;57,65;31,04;0,84
13/04/2015;3 KG;5,52;58,83;32,48;1,07
13/04/2015;3 KG;5,4;57,72;31,21;1,22
13/04/2015;BARRA 4.2 KG;5,42;58,42;31,62;0,58
13/04/2015;BARRA 4.2 KG;5,38;57,88;31,76;1,27
14/04/2015;BARRA 4.2 KG;NA;NA;NA;NA
14/04/2015;BARRA 4.2 KG;5,53;57,87;32,06;1,06
14/04/2015;BARRA 4.2 KG;5,51;58,02;32,12;1,08
14/04/2015;BARRA 4.2 KG;5,53;57,25;31,57;1,41
15/04/2015;1 KG;5,58;57,5;30,38;1,07
15/04/2015;1 KG;NA;NA;NA;NA
16/04/2015;500 G;NA;NA;NA;NA
16/04/2015;BARRA 3 KG;5,38;57,18;31,47;1,28
16/04/2015;BARRA 3 KG;5,53;NA;NA;NA
16/04/2015;BARRA 3 KG;5,54;57,75;31,93;0,96
16/04/2015;BARRA 3 KG;5,39;56,67;31,25;1,14
16/04/2015;BARRA 3 KG;5,49;57,37;31,87;1,1
16/04/2015;500 G;5,69;57,08;31,52;0,6
16/04/2015;500 G;5,64;56,61;30,7;1,57
16/04/2015;500 G;5,68;55,72;30,3;0,8
16/04/2015;500 G;5,8;56,73;31,45;0,8
16/04/2015;500 G;5,61;57,87;31,84;0,64
16/04/2015;BARRA 3 KG;5,47;NA;NA;NA
16/04/2015;BARRA 3 KG;5,5;NA;NA;NA
16/04/2015;BARRA 3 KG;5,49;58,13;32,04;1,35
16/04/2015;BARRA 3 KG;5,45;57,03;30,35;1,39
16/04/2015;BARRA 3 KG;5,35;56,88;30,96;1,23
16/04/2015;BARRA 3 KG;5,5;NA;NA;NA
17/04/2015;BARRA 4.2 KG;5,38;58,42;32,17;1,01
17/04/2015;BARRA 4.2 KG;5,4;58,12;31,77;1,34
17/04/2015;BARRA 4.2 KG;NA;NA;NA;NA
17/04/2015;BARRA 4.2 KG;5,42;58,09;31,47;1,34
17/04/2015;BARRA 4.2 KG;NA;NA;NA;NA
17/04/2015;BARRA 4.2 KG;5,44;57,34;31,2;1,32
20/04/2015;3 KG;5,52;57,75;31,88;1,35
20/04/2015;BARRA 4.2 KG;5,34;57,28;32;0,89
20/04/2015;3 KG;5,58;57,51;32,22;1,18
20/04/2015;1 KG;NA;NA;NA;NA
20/04/2015;3 KG;5,42;57,32;33,1;1,34
20/04/2015;500 G;5,42;57,73;33,4;1,23
20/04/2015;3 KG;5,38;57,45;33,02;1,6
20/04/2015;3 KG;5,39;58,02;33,18;1,11
20/04/2015;1 KG;NA;NA;NA;NA
20/04/2015;1 KG;5,55;57,19;31,61;1,76
20/04/2015;1 KG;5,57;58,04;32,46;1,23
20/04/2015;500 G;5,37;57,02;32,53;1,09
20/04/2015;3 KG;5,39;57,66;32,02;1,39
20/04/2015;1 KG;5,51;58,48;32,14;1,23
20/04/2015;3 KG;5,33;58,36;33,21;1,13
20/04/2015;1 KG;5,47;57,75;31,39;1,65
20/04/2015;1 KG;NA;NA;NA;NA
20/04/2015;3 KG;5,4;57,25;33,21;1,46
20/04/2015;3 KG;5,46;58,56;32,61;1,21
20/04/2015;1 KG;5,52;58,2;32,74;1,4
22/04/2015;500 G;5,35;57,97;31,28;1,08
23/04/2015;BARRA 3 KG;5,53;59,25;33,51;1,23
23/04/2015;BARRA 3 KG;5,47;58,26;32,55;1,23
23/04/2015;BARRA 3 KG;5,54;57,69;31,67;1,51
23/04/2015;BARRA 3 KG;5,46;57,73;31,92;1,57
23/04/2015;BARRA 3 KG;5,57;57,31;31,66;1,79
23/04/2015;BARRA 3 KG;5,54;58,57;32,64;1,37
23/04/2015;BARRA 3 KG;5,44;58,66;32,59;1,13
23/04/2015;BARRA 3 KG;5,44;58,14;32,38;1,45
23/04/2015;BARRA 3 KG;5,5;58,02;32,29;1,25
23/04/2015;BARRA 3 KG;5,49;57,79;32,35;1,5
24/04/2015;BARRA 4.2 KG;5,42;57,41;30,92;1,4
24/04/2015;BARRA 4.2 KG;5,42;57,74;30,94;1,2
24/04/2015;BARRA 4.2 KG;5,44;56,9;30,91;1,31
27/04/2015;1 KG;5,55;58,82;32,29;1,03
27/04/2015;3 KG;5,46;56,46;31,32;1,5
27/04/2015;3 KG;5,59;57,52;32,03;1,09
27/04/2015;3 KG;5,63;56,7;31,45;1,02
27/04/2015;3 KG;5,55;58,54;32,34;1
27/04/2015;1 KG;5,53;57,8;31,16;1,49
27/04/2015;3 KG;5,49;58;31,8;1,06
27/04/2015;1 KG;5,44;58,9;31,54;1,29
27/04/2015;3 KG;5,47;56,62;31,25;1,18
27/04/2015;1 KG;5,53;59,81;32,49;1,2
27/04/2015;3 KG;5,64;56,93;31,57;1,41
27/04/2015;3 KG;5,43;58,84;32,81;1,11
27/04/2015;3 KG;5,61;57,95;32,2;1,08
28/04/2015;BARRA 4.2 KG;5,5;57,27;31,58;1,26
28/04/2015;BARRA 4.2 KG;5,42;57,08;31,57;1,115
28/04/2015;BARRA 4.2 KG;5,38;59,05;31,95;1,32
28/04/2015;BARRA 4.2 KG;5,37;57,02;31,17;0,98
28/04/2015;BARRA 4.2 KG;5,39;56,31;30,29;1,02
28/04/2015;BARRA 4.2 KG;5,52;57,85;31,88;1,09
29/04/2015;500 G;5,58;57,55;30,25;0,86
29/04/2015;500 G;5,37;NA;NA;NA
29/04/2015;BARRA 3 KG;5,45;57,81;31,93;1,05
29/04/2015;BARRA 3 KG;5,39;57,47;30,77;1,28
29/04/2015;BARRA 3 KG;5,51;59,47;32,81;1,27
29/04/2015;BARRA 3 KG;5,48;57,33;31,07;1,21
29/04/2015;500 G;5,56;57,31;29,75;0,93
29/04/2015;BARRA 3 KG;5,5;57,95;31,78;1,33
29/04/2015;500 G;5,57;58,61;30,86;0,79
29/04/2015;500 G;5,95;57,64;30,33;1,11
29/04/2015;500 G;5,3;NA;NA;NA
29/04/2015;500 G;5,3;NA;NA;NA
29/04/2015;BARRA 3 KG;5,53;58,01;31,18;1,03
29/04/2015;BARRA 3 KG;5,5;57,08;30,6;1,37
29/04/2015;BARRA 3 KG;5,52;58,4;31,94;1,24
29/04/2015;500 G;5,4;NA;NA;NA
29/04/2015;BARRA 3 KG;5,4;58,33;31,86;1,34
29/04/2015;500 G;5,47;NA;NA;NA
01/05/2015;BARRA 4.2 KG;5,36;58,13;32,14;1,21
01/05/2015;BARRA 4.2 KG;5,34;58,96;32,5;1,21
01/05/2015;BARRA 4.2 KG;5,36;58,29;31,88;1,22
04/05/2015;3 KG;5,53;57,86;32,34;1,17
04/05/2015;3 KG;5,54;56,94;31,54;1,33
04/05/2015;3 KG;5,53;57,66;31,61;1,19
04/05/2015;3 KG;5,49;57,11;31,44;1,23
04/05/2015;3 KG;5,45;56,97;30,81;1,7
04/05/2015;3 KG;5,52;57,28;31,07;1,42
04/05/2015;3 KG;5,43;55,78;30,57;1,42
04/05/2015;3 KG;5,5;57,06;31,41;1,11
05/05/2015;BARRA 4.2 KG;5,43;57,37;30,79;1,07
05/05/2015;BARRA 4.2 KG;5,48;57,87;31,79;1,26
06/05/2015;3 KG;5,43;55,92;30,57;1,7
06/05/2015;500 G;5,38;58,7;31,5;1,02
06/05/2015;3 KG;5,51;57,39;31,49;1,56
06/05/2015;3 KG;5,46;57,46;31;1,06
06/05/2015;500 G;5,26;58,66;32,07;1,07
06/05/2015;500 G;5,43;58,02;31,76;1,11
06/05/2015;3 KG;5,39;57,47;30,93;1,18
06/05/2015;3 KG;5,39;56,9;30,98;1,43
07/05/2015;BARRA 3 KG;5,42;57,18;31,22;1,53
07/05/2015;1 KG;5,51;58,17;31,03;1,38
07/05/2015;1 KG;5,52;57,71;31,07;1,08
07/05/2015;BARRA 3 KG;5,46;57,24;31,07;1,16
07/05/2015;BARRA 3 KG;5,58;57,07;31,17;1,21
07/05/2015;BARRA 3 KG;5,39;57,7;31,32;1,08
07/05/2015;BARRA 3 KG;5,43;57,03;31,06;1,28
08/05/2015;BARRA 4.2 KG;5,44;56,33;30,94;1,33
08/05/2015;BARRA 4.2 KG;5,34;57,55;30,63;1,33
11/05/2015;3 KG;5,25;57,15;30,83;1,4
11/05/2015;3 KG;5,35;57,49;31,66;1,25
11/05/2015;3 KG;5,31;57,26;30,82;1,42
11/05/2015;3 KG;5,31;56,92;30,79;1,48
12/05/2015;BARRA 4.2 KG;5,42;57,71;31,34;1,12
12/05/2015;BARRA 4.2 KG;5,49;58,65;31,42;1,14
12/05/2015;BARRA 4.2 KG;5,42;57,53;29,92;1,15
12/05/2015;BARRA 4.2 KG;5,41;57,39;30,92;1,19
12/05/2015;BARRA 4.2 KG;5,41;56,64;30,72;1,5
13/05/2015;500 G;5,42;57,43;30,43;0,99
14/05/2015;BARRA 3 KG;5,4;57,76;31,6;1,37
14/05/2015;BARRA 3 KG;5,45;58,1;31,7;1,15
14/05/2015;BARRA 3 KG;5,4;58,61;31,75;1,21
14/05/2015;BARRA 3 KG;5,37;58,16;31,59;1,16
14/05/2015;BARRA 3 KG;5,44;58,1;31,47;1,19
15/05/2015;BARRA 4.2 KG;5,32;57,99;31,73;1,33
15/05/2015;BARRA 4.2 KG;5,42;57,91;32,21;1,18
15/05/2015;BARRA 4.2 KG;5,42;58,72;32,71;1,26
18/05/2015;3 KG;5,55;56,55;31,31;1,73
18/05/2015;3 KG;5,44;56,94;31,91;1,4
18/05/2015;3 KG;5,39;56,63;31,85;1,46
18/05/2015;3 KG;5,45;57,52;32,17;1,9
19/05/2015;BARRA 4.2 KG;5,35;57,43;31,14;0,92
19/05/2015;BARRA 4.2 KG;5,37;56,55;30,33;1,12
19/05/2015;BARRA 4.2 KG;5,42;57,67;31,26;1
19/05/2015;BARRA 4.2 KG;5,48;56,64;31,07;1,22
21/05/2015;500 G;5,64;57,69;30,7;1,09
21/05/2015;BARRA 3 KG;5,46;58,73;32,59;1,48
21/05/2015;BARRA 3 KG;5,65;57,94;31,84;1,05
21/05/2015;BARRA 3 KG;5,49;58,15;31,19;1,2
21/05/2015;BARRA 3 KG;5,49;58,33;32,11;1,25
21/05/2015;BARRA 3 KG;5,5;57,28;30,83;1,29
21/05/2015;BARRA 3 KG;5,41;57,98;31,55;1,61
21/05/2015;BARRA 3 KG;5,53;57,99;31,94;1,32
21/05/2015;BARRA 3 KG;5,6;57,24;31,33;1,17
21/05/2015;500 G;5,56;57,81;30,79;1,26
21/05/2015;BARRA 3 KG;5,54;56,83;30,97;1,41
22/05/2015;BARRA 4.2 KG;5,41;57,71;31,04;1,56
22/05/2015;BARRA 4.2 KG;5,44;57,58;31,31;1,17
22/05/2015;BARRA 4.2 KG;5,42;57,73;31,53;1,22
25/05/2015;3 KG;5,65;57,11;31,36;1,35
25/05/2015;3 KG;5,55;57,66;31,61;1,4
25/05/2015;3 KG;5,58;58,43;31,81;1,32
25/05/2015;3 KG;5,38;58,16;31,71;1,24
26/05/2015;3 KG;5,42;58,72;32,25;1,26
26/05/2015;BARRA 4.2 KG;5,42;57,44;31,95;1,17
26/05/2015;BARRA 4.2 KG;5,48;57,34;31,61;1,32
26/05/2015;3 KG;5,42;58,09;31,7;1,45
27/05/2015;BARRA 3 KG;5,51;56,67;31,11;1,37
27/05/2015;BARRA 3 KG;5,58;57,38;31,68;1,4
27/05/2015;BARRA 3 KG;5,59;58,64;32,7;1,13
27/05/2015;BARRA 3 KG;5,45;57,7;31,92;1,27
27/05/2015;BARRA 3 KG;5,47;57,55;31,61;1,67
27/05/2015;BARRA 3 KG;5,54;57,55;31,91;0,99
27/05/2015;BARRA 3 KG;5,39;57,41;31,89;1,51
27/05/2015;BARRA 3 KG;5,44;59,19;33,15;1,16
27/05/2015;BARRA 3 KG;5,5;57,76;31,96;1,13
29/05/2015;BARRA 3 KG;5,4;59,42;33,07;1,03
29/05/2015;BARRA 4.2 KG;5,39;59,37;32,55;0,92
29/05/2015;BARRA 3 KG;5,36;58,02;32,02;1,26
01/06/2015;BARRA 3 KG;5,61;58,55;32,22;1,25
01/06/2015;3 KG;5,49;57,18;31,02;1,56
01/06/2015;3 KG;5,5;56,95;31,03;1,68
01/06/2015;3 KG;5,46;56,66;30,6;1,47
01/06/2015;BARRA 3 KG;5,58;56,42;31,09;1,9
01/06/2015;BARRA 3 KG;5,53;56,57;30,63;1,72
01/06/2015;BARRA 3 KG;5,55;58,01;31,66;1,21
01/06/2015;BARRA 3 KG;5,55;57,46;31,95;1,74
01/06/2015;1 KG;5,46;57,95;31,5;1,29
01/06/2015;1 KG;5,44;57,62;31,69;1,54
01/06/2015;BARRA 3 KG;5,54;57,38;31,82;1,27
01/06/2015;1 KG;5,39;57,52;30,93;1,26
01/06/2015;3 KG;5,52;56,95;31,04;1,28
01/06/2015;3 KG;5,45;56,97;30,63;1,4
01/06/2015;BARRA 3 KG;5,46;57,06;30,99;1,9
01/06/2015;BARRA 3 KG;5,67;58,3;32,56;1,48
02/06/2015;BARRA 3 KG;5,44;56,88;31,11;1,5
02/06/2015;BARRA 3 KG;5,49;57,48;31,62;1,29
02/06/2015;BARRA 3 KG;5,43;57,18;31,69;1,32
02/06/2015;500 G;5,46;57,56;31,02;1,01
02/06/2015;BARRA 3 KG;5,51;58,07;32,43;1,45
02/06/2015;500 G;5,29;57,03;31,47;1,24
02/06/2015;BARRA 3 KG;5,5;57,62;32,04;1,32
02/06/2015;BARRA 3 KG;5,57;57,45;32,22;1,27
02/06/2015;BARRA 3 KG;5,45;59,33;33,03;1,22
02/06/2015;BARRA 3 KG;5,56;56,27;31;1,57
02/06/2015;BARRA 3 KG;5,47;58,55;32,59;1,43
02/06/2015;500 G;5,42;58,63;31,56;0,85
02/06/2015;BARRA 3 KG;5,48;58,36;32,3;1,31
05/06/2015;BARRA 4.2 KG;5,4;58,14;32,13;0,92
05/06/2015;BARRA 4.2 KG;5,43;57,67;31,89;1,2
08/06/2015;3 KG;5,5;57,92;31,85;1,46
08/06/2015;BARRA 3 KG;5,44;57,05;31,3;1,51
08/06/2015;BARRA 3 KG;5,54;57,73;31,72;1,55
08/06/2015;3 KG;5,4;56,58;31,37;1,43
08/06/2015;3 KG;5,46;57,48;31,89;1,76
08/06/2015;BARRA 3 KG;5,51;57,62;31,78;1,53
08/06/2015;3 KG;5,42;57,07;31,7;1,62
08/06/2015;3 KG;5,46;57,78;31,73;1,71
08/06/2015;BARRA 3 KG;5,51;57,98;32,65;1,45
08/06/2015;BARRA 3 KG;5,52;57,51;31,66;1,41
08/06/2015;BARRA 3 KG;5,48;57,35;31,63;1,52
09/06/2015;BARRA 4.2 KG;5,56;57,16;31,16;1,28
10/06/2015;BARRA 3 KG;5,61;58;32,16;1,24
10/06/2015;500 G;5,71;58,67;31,34;1,03
10/06/2015;BARRA 3 KG;5,56;58,84;32,83;1,41
10/06/2015;500 G;5,69;58,97;31,71;1,08
10/06/2015;BARRA 3 KG;5,5;57,42;31,53;1,46
10/06/2015;500 G;5,74;58,51;31,73;0,97
10/06/2015;BARRA 3 KG;5,56;58,34;32,01;1,2
10/06/2015;3 KG;5,61;58,29;32,47;1,28
10/06/2015;BARRA 3 KG;5,56;58,05;32,19;1,27
10/06/2015;BARRA 3 KG;5,59;57,89;31,63;1,68
10/06/2015;3 KG;5,63;59,07;32,88;0,88
10/06/2015;BARRA 3 KG;5,33;57,47;31,77;1,39
10/06/2015;BARRA 3 KG;5,55;58,64;32,39;1,1
10/06/2015;BARRA 3 KG;5,63;57,46;31,82;1,73
10/06/2015;BARRA 3 KG;5,64;57,83;32,27;1,27
11/06/2015;3 KG;5,48;56,73;30,84;1,4
11/06/2015;3 KG;5,36;56,66;31,03;1,66
12/06/2015;BARRA 4.2 KG;5,6;57,77;32,02;1,3
12/06/2015;BARRA 4.2 KG;5,49;57,12;31,67;1,02
12/06/2015;BARRA 4.2 KG;5,6;57,08;31,67;1,25
12/06/2015;BARRA 4.2 KG;5,58;58,85;32,47;1,39
12/06/2015;BARRA 4.2 KG;5,53;57,19;31,89;1,17
15/06/2015;BARRA 3 KG;5,55;56,63;31,28;1,37
15/06/2015;3 KG;5,42;57,63;31,69;1,43
15/06/2015;1 KG;5,57;58,59;32,58;1,08
15/06/2015;3 KG;5,46;57,28;31,46;1,46
15/06/2015;BARRA 3 KG;5,51;58,37;32,2;0,97
15/06/2015;BARRA 3 KG;5,56;56,8;31,66;1,18
15/06/2015;3 KG;5,42;56,81;30,88;1,44
15/06/2015;BARRA 3 KG;5,5;57,79;32,27;1,23
15/06/2015;3 KG;5,55;58,78;32,04;1,11
15/06/2015;3 KG;5,43;57,27;31,72;1,88
15/06/2015;1 KG;5,49;57,52;31,79;1,59
15/06/2015;BARRA 3 KG;5,52;56,52;31,37;1,33
15/06/2015;BARRA 3 KG;5,4;58,56;32,62;1,51
15/06/2015;1 KG;5,54;57,55;31,12;1,19
15/06/2015;BARRA 3 KG;5,44;57,37;31,84;1,04
15/06/2015;1 KG;5,51;57,54;31,66;1,27
15/06/2015;BARRA 3 KG;5,49;58,76;32,52;1,05
15/06/2015;1 KG;5,56;57,86;30,97;1,24
16/06/2015;BARRA 4.2 KG;5,4;57,41;30,67;1,09
16/06/2015;BARRA 4.2 KG;5,47;56,81;30,08;1,37
17/06/2015;BARRA 3 KG;5,46;58,43;32,4;1,23
17/06/2015;BARRA 3 KG;5,45;57,95;32,09;1,21
19/06/2015;BARRA 4.2 KG;5,49;57,12;30,58;1,42
19/06/2015;3 KG;5,55;56,64;30,84;1,86
19/06/2015;3 KG;5,57;57,33;31,26;1,6
19/06/2015;BARRA 4.2 KG;5,47;59,72;32,49;1,45
19/06/2015;BARRA 4.2 KG;5,48;58,01;31,44;1,2
22/06/2015;3 KG;5,39;58,61;32,47;1,13
22/06/2015;3 KG;5,46;56,56;30,59;1,53
22/06/2015;1 KG;5,39;56,88;29,73;1,23
22/06/2015;3 KG;5,38;57,82;30,65;1,15
22/06/2015;3 KG;5,44;57,69;31,76;1,34
22/06/2015;3 KG;5,35;57,22;30,97;1,68
22/06/2015;1 KG;5,41;56,96;30,47;1,45
24/06/2015;BARRA 3 KG;5,37;58,03;31,55;1,34
24/06/2015;BARRA 3 KG;5,36;58,11;31,66;1,33
24/06/2015;BARRA 3 KG;5,65;56,96;31,09;1,47
24/06/2015;BARRA 3 KG;5,61;57,36;31,36;1,24
24/06/2015;BARRA 3 KG;5,59;56,62;31,42;1,53
24/06/2015;BARRA 3 KG;5,38;57,89;31,62;1,2
24/06/2015;BARRA 3 KG;5,34;57,65;31,39;1,2
24/06/2015;BARRA 3 KG;5,41;57,61;31,7;1,2
24/06/2015;BARRA 3 KG;5,35;58,44;31,78;1,16
24/06/2015;BARRA 3 KG;5,37;57,42;31,36;1,18
24/06/2015;BARRA 3 KG;5,28;59,63;32,71;1,04
24/06/2015;BARRA 3 KG;5,37;58,85;32,2;1,28
24/06/2015;BARRA 3 KG;5,41;57,28;31,34;1,34
29/06/2015;1 KG;5,54;56,62;30,65;1,5
29/06/2015;1 KG;5,47;58,95;31,45;1,21
29/06/2015;1 KG;5,48;58,16;33,04;1,45
29/06/2015;3 KG;5,55;57,73;31,48;1,63
29/06/2015;3 KG;5,55;57,01;31,06;1,54
29/06/2015;3 KG;5,61;57,86;31,73;1,74
29/06/2015;3 KG;5,63;57,23;31,39;1,88
29/06/2015;3 KG;5,56;57,66;31,96;1,66
29/06/2015;1 KG;5,46;59,47;32,05;1,13
30/06/2015;BARRA 4.2 KG;5,47;57,47;31,5;1,22
30/06/2015;BARRA 4.2 KG;5,55;57,74;31,57;1,34
30/06/2015;BARRA 4.2 KG;5,41;58,1;32,18;1,28
30/06/2015;3 KG;5,28;58,5;31,7;1,22
30/06/2015;3 KG;5,35;59,7;33,19;1,35
30/06/2015;3 KG;5,43;58,81;32,6;1,15
01/07/2015;BARRA 3 KG;5,46;59,09;32,61;1,42
01/07/2015;BARRA 3 KG;5,6;58,37;32,29;1,47
01/07/2015;BARRA 3 KG;5,47;56,87;30,86;1,99
01/07/2015;BARRA 3 KG;5,58;57,98;31,59;1,21
01/07/2015;BARRA 3 KG;5,55;58,2;32,14;1,61
01/07/2015;BARRA 3 KG;5,36;57,55;31,19;1,27
01/07/2015;500 G;5,53;56,29;30,21;1,17
01/07/2015;BARRA 3 KG;5,62;57,61;31,27;1,34
01/07/2015;BARRA 3 KG;5,52;58,95;32,56;1,21
01/07/2015;BARRA 3 KG;5,45;58,5;31,39;2
01/07/2015;500 G;5,7;56,85;29,98;1,12
01/07/2015;BARRA 3 KG;5,39;58,04;32,12;1,25
01/07/2015;BARRA 3 KG;5,56;58,12;31,72;1,63
01/07/2015;BARRA 3 KG;5,43;58,06;31,51;1,71
01/07/2015;BARRA 3 KG;5,58;58;31,9;1,57
01/07/2015;BARRA 3 KG;5,68;58,35;31,87;1,44
01/07/2015;BARRA 3 KG;5,48;58,77;32,23;1,71
01/07/2015;500 G;5,74;57,52;30,75;1,05
06/07/2015;3 KG;5,43;58,48;32,13;1,03
06/07/2015;3 KG;5,53;58,52;32,13;1,22
06/07/2015;3 KG;5,41;58,05;31,9;1,27
06/07/2015;3 KG;5,43;58,17;31,56;1,06
06/07/2015;3 KG;5,45;58,29;31,85;1,21
06/07/2015;3 KG;5,35;58,22;31,88;1,1
06/07/2015;3 KG;5,49;57,05;31,83;1,37
06/07/2015;3 KG;5,44;57,02;31,24;1,3
06/07/2015;3 KG;5,41;57,28;31,3;1,41
07/07/2015;BARRA 4.2 KG;5,45;58,78;32,2;1,16
07/07/2015;BARRA 4.2 KG;5,61;58,46;32,27;1,02
07/07/2015;BARRA 4.2 KG;5,52;58,98;32,62;1,02
07/07/2015;BARRA 4.2 KG;5,55;59,66;32,84;0,98
07/07/2015;BARRA 4.2 KG;5,54;57,06;31,21;1,37
07/07/2015;BARRA 4.2 KG;5,57;57;31,05;1,36
08/07/2015;BARRA 3 KG;5,62;57,5;31,99;1,16
08/07/2015;BARRA 3 KG;5,59;58,53;32,46;1,11
08/07/2015;BARRA 3 KG;5,42;58,37;32,26;1,14
08/07/2015;500 G;5,5;57,36;29,81;1,01
08/07/2015;BARRA 3 KG;5,52;58,84;32,08;0,98
08/07/2015;500 G;5,46;59,26;31,73;1,01
08/07/2015;BARRA 3 KG;5,52;57,88;31,96;1,24
08/07/2015;BARRA 3 KG;5,53;58,65;32,32;1,28
08/07/2015;BARRA 3 KG;5,46;57,5;31,46;1,16
08/07/2015;BARRA 3 KG;5,5;57,76;31,95;1,08
08/07/2015;BARRA 3 KG;5,55;57,61;31,88;1,02
08/07/2015;BARRA 3 KG;5,54;58,5;31,99;1,08
08/07/2015;BARRA 3 KG;5,39;58,14;31,24;0,68
08/07/2015;BARRA 3 KG;5,5;57,74;31,68;1,17
13/07/2015;3 KG;5,41;57,25;30,91;1,44
13/07/2015;3 KG;5,39;57,27;31,26;1,54
13/07/2015;3 KG;5,43;57,3;31,88;1,55
13/07/2015;3 KG;5,49;57,44;31,64;1,93
13/07/2015;3 KG;5,39;57,62;31,56;1,48
13/07/2015;3 KG;5,44;57,26;31,41;1,23
13/07/2015;3 KG;5,47;57,45;31,22;1,6
13/07/2015;3 KG;5,43;57,52;30,8;1,42
13/07/2015;3 KG;5,43;57,72;31,85;1,48
14/07/2015;BARRA 4.2 KG;5,51;57,09;31,27;1,34
14/07/2015;BARRA 4.2 KG;5,6;57,2;30,98;1,68
14/07/2015;BARRA 4.2 KG;5,53;57,98;31,16;1,42
14/07/2015;BARRA 4.2 KG;5,51;56,19;30,99;1,46
15/07/2015;500 G;5,64;57,81;30,48;0,79
15/07/2015;BARRA 3 KG;5,66;57,21;31,79;1,26
15/07/2015;BARRA 3 KG;5,61;57,09;31,41;1,42
15/07/2015;BARRA 3 KG;5,62;57,6;31,7;1,47
15/07/2015;BARRA 3 KG;5,62;57,86;32,01;1,41
15/07/2015;BARRA 3 KG;5,49;57,23;31,49;1,23
15/07/2015;3 KG;5,39;58,88;32,91;0,96
15/07/2015;BARRA 3 KG;5,63;58,22;32,11;1,58
15/07/2015;500 G;5,62;58,25;31,71;1,23
15/07/2015;BARRA 3 KG;5,6;56,56;31,6;1,32
15/07/2015;500 G;5,46;58,84;31,72;0,81
15/07/2015;3 KG;5,42;57,55;31,92;1,07
20/07/2015;3 KG;5,44;57,49;31,95;1,84
20/07/2015;3 KG;5,47;57,35;31,33;1,21
20/07/2015;BARRA 3 KG;5,6;58,24;32,45;1,21
20/07/2015;BARRA 3 KG;5,64;59,23;32,73;1,3
20/07/2015;BARRA 3 KG;5,65;59,84;33,07;1,18
20/07/2015;3 KG;5,57;57,45;30,97;1,76
20/07/2015;BARRA 3 KG;5,65;59,62;33,12;1,29
20/07/2015;3 KG;5,55;56,68;30,48;1,6
20/07/2015;3 KG;5,59;57,15;31,57;1,56
20/07/2015;1 KG;5,4;57,95;30,97;1,44
20/07/2015;BARRA 3 KG;5,68;59,03;32,47;1,27
20/07/2015;3 KG;5,62;56,52;31,58;1,7
21/07/2015;BARRA 4.2 KG;5,59;57,94;31,97;1
21/07/2015;BARRA 4.2 KG;5,51;56,5;30,5;1,35
21/07/2015;BARRA 4.2 KG;5,56;58,07;31,97;0,94
21/07/2015;BARRA 4.2 KG;5,59;57,72;32,04;1,25
22/07/2015;BARRA 3 KG;5,5;56,65;31,02;1,21
22/07/2015;BARRA 3 KG;5,5;58,69;32,75;1,13
22/07/2015;BARRA 3 KG;5,51;58,11;32,01;1,18
22/07/2015;BARRA 3 KG;5,57;59,36;32,97;1,2
22/07/2015;BARRA 3 KG;5,45;58,23;32,54;1,49
22/07/2015;BARRA 3 KG;5,51;58,17;32,72;1,21
22/07/2015;BARRA 3 KG;5,47;58,88;32,64;1,25
22/07/2015;BARRA 3 KG;5,48;58,05;32,71;1,4
22/07/2015;500 G;5,55;57,42;30,7;0,82
22/07/2015;BARRA 3 KG;5,5;58,91;32,27;1,25
22/07/2015;3 KG;5,56;57,07;30,68;1,18
22/07/2015;500 G;5,42;59,15;31,43;0,98
27/07/2015;3 KG;5,34;56,17;31,28;2
27/07/2015;3 KG;5,41;56,47;31,02;1,46
27/07/2015;3 KG;5,33;58,44;32,15;1,46
27/07/2015;3 KG;5,37;57;31,68;1,69
27/07/2015;3 KG;5,31;57,11;31,71;1,53
27/07/2015;3 KG;5,49;56,85;31,68;1,61
27/07/2015;3 KG;5,33;57,74;32,1;1,35
28/07/2015;BARRA 4.2 KG;5,43;58,14;31,56;1,09
28/07/2015;BARRA 4.2 KG;5,41;57,44;31,2;1,14
28/07/2015;BARRA 4.2 KG;5,48;58,22;31,93;1,37
28/07/2015;BARRA 4.2 KG;5,37;57,36;31,33;1,35
29/07/2015;BARRA 3 KG;5,53;57,42;30,71;1,33
29/07/2015;500 G;5,63;57,89;30,91;0,89
29/07/2015;BARRA 3 KG;5,49;58,72;31,42;1,1
29/07/2015;BARRA 3 KG;5,53;58,46;32,05;1,01
29/07/2015;BARRA 3 KG;5,47;57,55;31,35;1,28
29/07/2015;BARRA 3 KG;5,53;57,33;31,29;1,34
29/07/2015;BARRA 3 KG;5,48;57,67;31,52;1,24
29/07/2015;BARRA 3 KG;5,55;57,76;31,46;1,43
29/07/2015;BARRA 3 KG;5,57;58,62;31,79;1,23
29/07/2015;500 G;5,58;56,75;29,98;1,17
29/07/2015;BARRA 3 KG;5,36;57,7;32,15;1,37
29/07/2015;BARRA 3 KG;5,49;58,7;32,04;0,93
29/07/2015;BARRA 3 KG;5,56;58;31,25;1,29
29/07/2015;BARRA 3 KG;5,53;57,62;31,47;1,18
31/07/2015;BARRA 4.2 KG;5,52;56,87;31,98;1,51
31/07/2015;BARRA 4.2 KG;5,47;57,21;32,76;1,77
31/07/2015;BARRA 4.2 KG;5,53;56,98;31,11;1,46
31/07/2015;BARRA 4.2 KG;5,53;56,52;31,24;1,06
03/08/2015;BARRA 3 KG;5,49;57;31,36;1,47
03/08/2015;BARRA 3 KG;5,53;57,87;31,91;1,12
03/08/2015;BARRA 3 KG;5,58;57,97;32,43;1,25
03/08/2015;BARRA 3 KG;5,49;58,07;31,96;1,2
03/08/2015;3 KG;5,49;57,51;31,7;1,38
03/08/2015;BARRA 3 KG;5,54;56,73;31,38;1,48
03/08/2015;3 KG;5,47;57,88;31,81;1,15
03/08/2015;3 KG;5,41;56,88;31,41;1,54
03/08/2015;1 KG;5,51;57,44;30,9;1,24
03/08/2015;BARRA 3 KG;5,52;57,56;31,63;1,52
03/08/2015;3 KG;5,49;57,25;31,89;1,59
03/08/2015;BARRA 3 KG;5,48;57,08;31,45;1,53
03/08/2015;3 KG;5,36;57,08;31,43;1,26
03/08/2015;BARRA 3 KG;5,5;56,96;30,51;1,43
03/08/2015;BARRA 3 KG;5,57;56,48;30,99;1,26
03/08/2015;1 KG;5,57;57,17;31,03;1,41
04/08/2015;BARRA 4.2 KG;5,44;58,4;31,77;1,1
04/08/2015;BARRA 4.2 KG;5,54;57,01;31,19;1,17
04/08/2015;BARRA 4.2 KG;5,57;58,26;32,51;0,97
04/08/2015;BARRA 4.2 KG;5,49;57,89;31,89;1,07
04/08/2015;BARRA 4.2 KG;5,51;56,96;31,55;1,13
05/08/2015;BARRA 3 KG;5,34;58,38;32,22;1,41
05/08/2015;BARRA 3 KG;5,39;57,91;32,18;1,16
06/08/2015;BARRA 4.2 KG;5,53;58,64;32,06;0,96
06/08/2015;BARRA 4.2 KG;5,32;57,36;31,2;1,23
06/08/2015;BARRA 4.2 KG;5,37;56,59;30,71;1,35
06/08/2015;BARRA 4.2 KG;5,41;57,04;30,21;1,18
07/08/2015;500 G;5,53;57,9;31,18;1,1
07/08/2015;500 G;5,61;57,89;31,23;1,13
07/08/2015;500 G;5,66;57,56;30,82;1,02
07/08/2015;500 G;5,58;57,03;30,23;1
10/08/2015;3 KG;5,38;58,11;32,63;1,3
10/08/2015;3 KG;5,32;57,25;31,67;1,35
10/08/2015;3 KG;5,37;56,96;31,15;1,16
10/08/2015;3 KG;5,4;57,75;31,97;1,18
10/08/2015;3 KG;5,3;56,34;31,29;1,39
11/08/2015;BARRA 3 KG;5,53;57,67;31,41;1,2
11/08/2015;BARRA 3 KG;5,5;56,9;31,04;1,29
11/08/2015;BARRA 3 KG;5,61;57,74;31,52;1,08
11/08/2015;BARRA 3 KG;5,53;57,79;31,64;1,11
11/08/2015;BARRA 3 KG;5,6;57,14;31,29;1,21
11/08/2015;BARRA 3 KG;5,55;57,46;31,16;1,14
11/08/2015;BARRA 3 KG;5,6;56,67;31,04;1,41
11/08/2015;BARRA 3 KG;5,64;57,18;31,34;1,33
12/08/2015;500 G;5,43;58,05;31,35;1,06
12/08/2015;500 G;5,59;57,82;31,6;1,33
12/08/2015;500 G;5,45;56,89;30,27;1,11
12/08/2015;500 G;5,46;59,04;32,09;0,99
14/08/2015;BARRA 4.2 KG;5,44;56,94;30,66;1,4
14/08/2015;BARRA 4.2 KG;5,48;57,56;30,62;1,43
14/08/2015;BARRA 4.2 KG;5,4;56,87;30,69;1,3
17/08/2015;3 KG;5,54;57,93;33,15;1,21
17/08/2015;3 KG;5,56;57,65;32,71;1,05
19/08/2015;500 G;5,35;58,57;32,57;1,12
19/08/2015;500 G;5,56;57,33;31,7;1,36
20/08/2015;BARRA 3 KG;5,52;57,11;31,47;1,49
20/08/2015;BARRA 3 KG;5,38;57,05;31,7;1,35
20/08/2015;BARRA 3 KG;5,48;56,94;31,2;1,49
20/08/2015;BARRA 3 KG;5,52;56,93;31;1,42
20/08/2015;BARRA 3 KG;5,53;56,79;31,32;1,75
20/08/2015;BARRA 3 KG;5,54;56,35;31,61;1,81
20/08/2015;BARRA 3 KG;5,49;57,12;31,23;1,87
20/08/2015;BARRA 3 KG;5,54;56,71;31,23;1,77
20/08/2015;BARRA 3 KG;5,52;58,51;32,47;1,47
21/08/2015;BARRA 4.2 KG;5,31;56,71;31,45;1,35
21/08/2015;BARRA 4.2 KG;5,34;58,54;32,65;1,12
21/08/2015;BARRA 4.2 KG;5,29;58,24;31,62;1,35
21/08/2015;BARRA 4.2 KG;5,36;58,92;32,59;1,15
24/08/2015;3 KG;5,39;57,1;31,33;1,51
24/08/2015;3 KG;5,42;57,25;32,08;1,32
24/08/2015;3 KG;5,41;57,38;31,68;1,21
24/08/2015;3 KG;5,46;57,99;32,16;1,33
25/08/2015;500 G;5,5;57,55;29,81;1,17
25/08/2015;500 G;5,48;57,26;29,36;1,33
25/08/2015;BARRA 4.2 KG;5,46;57,31;30,68;1,06
25/08/2015;500 G;5,92;57,37;31,62;1,2
28/08/2015;BARRA 4.2 KG;5,42;58,45;32,28;0,93
28/08/2015;BARRA 4.2 KG;5,38;58,05;31,49;1,51
28/08/2015;BARRA 4.2 KG;5,4;57,36;31,16;1,23
31/08/2015;3 KG;5,49;57,95;32,2;1,61
31/08/2015;3 KG;5,55;56,35;30,93;1,55
31/08/2015;1 KG;5,48;56,17;30,88;1,65
31/08/2015;1 KG;5,59;57,37;31,57;1,78
31/08/2015;3 KG;5,57;56,21;31,36;1,78
31/08/2015;3 KG;5,47;55,98;30,83;1,58
07/09/2015;3 KG;5,44;57,71;32,34;1,35
07/09/2015;3 KG;5,5;57,37;32,16;1,27
07/09/2015;3 KG;5,43;56,17;31,54;1,43
07/09/2015;3 KG;5,47;56,32;32,02;1,48
07/09/2015;3 KG;5,63;56,92;32,41;1,22
07/09/2015;3 KG;5,53;56,86;32,75;1,46
07/09/2015;3 KG;5,42;56,71;32,45;1,58
07/09/2015;1 KG;5,46;56,8;31,18;1,39
07/09/2015;1 KG;5,45;56,81;31,25;1,54
07/09/2015;3 KG;5,44;57,31;32,23;1,27
10/09/2015;BARRA 3 KG;5,37;56,44;30,65;1,21
10/09/2015;BARRA 3 KG;5,39;56,69;30,58;1,42
10/09/2015;BARRA 3 KG;5,46;57,58;31,71;1,16
10/09/2015;BARRA 3 KG;5,41;57,64;31,49;1,5
10/09/2015;500 G;5,66;54,78;29,5;1,34
10/09/2015;500 G;5,62;54,55;29,21;1,28
10/09/2015;BARRA 3 KG;5,41;58,02;32,27;1,25
10/09/2015;BARRA 3 KG;5,48;56,84;31,27;1,39
10/09/2015;BARRA 3 KG;5,38;57,26;31,43;1,36
10/09/2015;BARRA 3 KG;5,54;56,73;30,72;1,61
10/09/2015;BARRA 3 KG;5,43;57,04;31,16;1,3
10/09/2015;BARRA 3 KG;5,39;57,13;31,09;1,28
11/09/2015;BARRA 4.2 KG;5,31;58,55;31,69;1,51
11/09/2015;BARRA 4.2 KG;5,35;58,54;31,94;1,37
11/09/2015;BARRA 4.2 KG;5,38;58;31,56;1,18
11/09/2015;BARRA 4.2 KG;5,37;56,93;30,7;1,37
14/09/2015;1 KG;5,63;56,45;30,9;1,44
14/09/2015;3 KG;5,53;56,38;29,91;1,44
14/09/2015;3 KG;5,43;58,62;32,02;1,11
14/09/2015;3 KG;5,4;57,05;30,67;1,21
14/09/2015;3 KG;5,46;56,8;31,03;1,22
14/09/2015;3 KG;5,52;57,06;30,76;1,12
14/09/2015;3 KG;5,41;57,14;31,3;1,53
14/09/2015;1 KG;5,62;56,53;30,59;1,34
14/09/2015;3 KG;5,45;58,14;31,89;1,2
14/09/2015;3 KG;5,58;57,09;30,96;1,09
14/09/2015;1 KG;5,57;57,73;31,41;1,33
14/09/2015;3 KG;5,5;59,04;32,32;0,99
14/09/2015;3 KG;5,47;56,03;30,05;1,44
14/09/2015;3 KG;5,39;57,87;32,11;1,35
14/09/2015;3 KG;5,43;56,9;31,04;1,16
15/09/2015;500 G;5,56;56,13;30,22;1,11
16/09/2015;BARRA 3 KG;5,58;57,64;31,29;1,21
16/09/2015;BARRA 3 KG;5,62;57,07;30,76;1,43
16/09/2015;BARRA 3 KG;5,57;57,61;31,32;1,26
16/09/2015;BARRA 3 KG;5,5;58,33;32,08;1,18
16/09/2015;BARRA 3 KG;5,44;56,26;30,6;1,38
16/09/2015;BARRA 3 KG;5,41;58,19;31,64;1,13
16/09/2015;BARRA 3 KG;5,47;57,34;31,36;1,63
16/09/2015;BARRA 3 KG;5,44;56,12;30,36;1,23
16/09/2015;BARRA 3 KG;5,62;57,08;31,24;1,37
16/09/2015;BARRA 3 KG;5,59;58,58;32,63;0,97
16/09/2015;BARRA 3 KG;5,53;58,1;31,6;1,16
17/09/2015;BARRA 4.2 KG;5,39;57,6;31,22;1,34
17/09/2015;BARRA 4.2 KG;5,41;57,9;31,6;0,61
17/09/2015;BARRA 4.2 KG;5,37;57,35;31,37;1,32
17/09/2015;BARRA 4.2 KG;5,37;57,66;31,77;1,38
21/09/2015;3 KG;5,5;57,76;32,18;1,22
21/09/2015;500 G;5,47;57,92;31,78;1,13
21/09/2015;3 KG;5,45;58,75;33,75;1,56
21/09/2015;3 KG;5,58;58,79;33,8;1,26
21/09/2015;3 KG;5,46;58,79;32,98;1,1
21/09/2015;3 KG;5,53;58,53;32,85;1,07
21/09/2015;3 KG;5,56;58,27;33,09;1,79
21/09/2015;3 KG;5,52;59,49;34,21;1,09
21/09/2015;3 KG;5,47;57,95;31,92;1,68
21/09/2015;3 KG;5,45;58,55;32,44;1,33
21/09/2015;3 KG;5,52;58,64;33,4;1,41
21/09/2015;3 KG;5,5;58,64;33,31;1,51
21/09/2015;3 KG;5,5;58,15;32,53;1,68
21/09/2015;500 G;5,49;57,31;31,06;1,35
24/09/2015;BARRA 3 KG;5,53;57,28;31,57;1,46
24/09/2015;BARRA 3 KG;5,43;58,51;31,65;1,09
24/09/2015;BARRA 3 KG;5,52;56,66;30,67;1,93
24/09/2015;BARRA 3 KG;5,49;57,53;31,98;1,2
24/09/2015;BARRA 3 KG;5,49;57,55;31,8;1,73
24/09/2015;BARRA 3 KG;5,48;57,17;31,52;1,36
24/09/2015;BARRA 3 KG;5,47;58,08;32,53;1,35
24/09/2015;BARRA 3 KG;5,51;57,48;31,62;1,5
24/09/2015;BARRA 3 KG;5,49;57,86;32,52;1,3
24/09/2015;BARRA 3 KG;5,43;57,79;32,38;1,18
24/09/2015;BARRA 3 KG;5,46;58,15;32,26;1,11
24/09/2015;BARRA 3 KG;5,68;58,98;33,26;1,13
24/09/2015;BARRA 3 KG;5,51;57,84;31,64;1,27
24/09/2015;1 KG;5,52;57,55;31,66;1,26
24/09/2015;1 KG;5,5;56,27;30,48;1,49
24/09/2015;BARRA 3 KG;5,48;57,85;32,22;1,2
24/09/2015;BARRA 3 KG;5,66;57,83;32,17;1,08
24/09/2015;BARRA 3 KG;5,45;57,78;31,65;1,23
28/09/2015;3 KG;5,41;57,49;31,39;1,35
28/09/2015;3 KG;5,51;57,2;31,99;1,8
28/09/2015;3 KG;5,47;57,05;31,8;1,16
28/09/2015;BARRA 4.2 KG;5,41;59,61;33,23;0,99
28/09/2015;BARRA 4.2 KG;5,41;58,89;33,31;1,12
28/09/2015;3 KG;5,46;58,69;32,85;1,28
28/09/2015;3 KG;5,44;58,7;31,87;1,34
28/09/2015;BARRA 4.2 KG;5,4;58,76;32,41;1,12
28/09/2015;3 KG;5,5;56,66;31,45;1,34
28/09/2015;3 KG;5,43;57,75;32,34;1,19
28/09/2015;3 KG;5,49;57,84;32,57;1
28/09/2015;BARRA 4.2 KG;5,37;57,02;31,28;1,36
28/09/2015;3 KG;5,45;57,07;31,84;1,31
28/09/2015;BARRA 4.2 KG;5,31;56,68;31,54;1,43
30/09/2015;BARRA 3 KG;5,52;56,98;31,66;1,28
30/09/2015;BARRA 3 KG;5,43;56,94;31,14;1,33
30/09/2015;BARRA 3 KG;5,42;57,57;31,45;1,26
30/09/2015;BARRA 3 KG;5,47;56,63;31,65;1,23
30/09/2015;BARRA 3 KG;5,44;57,23;31,16;1,41
30/09/2015;BARRA 3 KG;5,46;56,56;31,98;1,46
30/09/2015;BARRA 3 KG;5,48;57,48;32,32;1,37
30/09/2015;BARRA 3 KG;5,49;59,07;33,07;1,53
30/09/2015;BARRA 3 KG;5,49;58,21;32,97;1,12
30/09/2015;BARRA 3 KG;5,46;57,59;31,76;1,53
30/09/2015;BARRA 3 KG;5,46;57,1;31,63;1,53
30/09/2015;BARRA 3 KG;5,41;57,2;31,51;1,36
30/09/2015;BARRA 3 KG;5,5;56,98;31,68;1,43
30/09/2015;BARRA 3 KG;5,49;57,93;31,99;1,19
30/09/2015;BARRA 3 KG;5,35;58,54;32,28;1,21
01/10/2015;1 KG;5,6;56,95;30,47;1,32
01/10/2015;1 KG;5,45;56,94;30,32;1,1
02/10/2015;BARRA 4.2 KG;5,37;57,39;30,99;1,63
02/10/2015;BARRA 4.2 KG;5,35;57,86;31,9;1,27
02/10/2015;BARRA 4.2 KG;5,39;58,03;31,97;1,14
02/10/2015;BARRA 4.2 KG;5,34;57,51;32,27;1,12
02/10/2015;BARRA 4.2 KG;5,36;57,09;31,94;1,37
05/10/2015;3 KG;5,46;56,86;31,3;1,5
05/10/2015;3 KG;5,43;57,95;32,17;1,34
05/10/2015;3 KG;5,45;57,39;31,9;1,8
05/10/2015;3 KG;5,43;58,52;32,39;1,31
05/10/2015;3 KG;5,47;57,55;31,89;1,55
06/10/2015;BARRA 4.2 KG;5,53;57,31;30,77;1,52
06/10/2015;BARRA 4.2 KG;5,66;57,28;30,82;1,26
07/10/2015;BARRA 3 KG;5,44;56,76;30,41;1,51
07/10/2015;BARRA 3 KG;5,39;58,47;32,25;1,31
07/10/2015;BARRA 3 KG;5,37;56,79;30,75;1,57
07/10/2015;BARRA 3 KG;5,59;55,68;30,47;1,68
07/10/2015;BARRA 3 KG;5,41;57,21;31,1;1,32
07/10/2015;BARRA 3 KG;5,47;57,88;32,64;1,42
07/10/2015;BARRA 3 KG;5,59;56,43;31,06;1,57
07/10/2015;BARRA 3 KG;5,38;57,92;31,94;1,4
07/10/2015;BARRA 3 KG;5,36;57,74;31,87;1,38
07/10/2015;BARRA 3 KG;5,43;56,03;30,32;1,76
08/10/2015;1 KG;5,4;55,93;30,81;1,77
09/10/2015;500 G;5,56;58,56;31,44;0,84
10/10/2015;3 KG;5,28;58,64;31,82;1,61
10/10/2015;3 KG;5,39;57,79;31,09;1,51
10/10/2015;3 KG;5,43;58,97;32,61;1,13
10/10/2015;3 KG;5,33;57,9;31,35;1,24
10/10/2015;BARRA 4.2 KG;5,24;59,1;32,2;1,57
10/10/2015;3 KG;5,34;58,6;32;1,22
10/10/2015;3 KG;5,3;57,06;31,1;1,26
10/10/2015;BARRA 4.2 KG;5,38;58,55;31,66;1,78
13/10/2015;BARRA 4.2 KG;5,31;56,59;30,94;1,98
14/10/2015;BARRA 3 KG;5,47;58,75;32,2;1,13
14/10/2015;BARRA 3 KG;5,51;57,6;30,66;1,57
14/10/2015;BARRA 3 KG;5,61;57,32;31,36;1,44
14/10/2015;BARRA 3 KG;5,55;56,81;31,06;1,95
14/10/2015;BARRA 3 KG;5,47;58,64;31,83;1,05
14/10/2015;BARRA 3 KG;5,54;57,94;31,53;1,23
14/10/2015;500 G;5,65;56,91;31,36;1,43
14/10/2015;BARRA 3 KG;5,49;55,79;29,76;1,86
14/10/2015;500 G;5,68;57,23;30,83;1,4
14/10/2015;BARRA 3 KG;5,51;58,34;31,99;1,22
14/10/2015;BARRA 3 KG;5,46;57,96;31,36;1,61
14/10/2015;BARRA 3 KG;5,56;57,1;32,23;1,6
14/10/2015;500 G;5,75;57,24;30,83;1
14/10/2015;BARRA 3 KG;5,53;56,47;30,19;1,44
14/10/2015;BARRA 3 KG;5,49;57,54;30,77;1,21
14/10/2015;BARRA 3 KG;5,47;56,25;30,51;1,52
14/10/2015;BARRA 3 KG;5,43;57,26;31,31;1,43
14/10/2015;BARRA 3 KG;5,54;57,72;31,09;1,18
14/10/2015;BARRA 3 KG;5,47;57,39;32,1;1,63
19/10/2015;3 KG;5,45;58,28;31,84;1,45
19/10/2015;1 KG;5,4;57,86;30,76;1,18
19/10/2015;3 KG;5,51;57,5;31,95;1,78
19/10/2015;3 KG;5,52;58,33;32,11;1,78
19/10/2015;3 KG;5,47;58,14;32,35;1,55
19/10/2015;3 KG;5,46;56,79;30,99;1,97
19/10/2015;3 KG;5,46;56,95;30,89;1,77
19/10/2015;1 KG;5,42;57,1;30,95;1,4
20/10/2015;BARRA 4.2 KG;5,37;57,75;30,67;1,45
20/10/2015;BARRA 4.2 KG;5,45;56,91;30,72;1,56
20/10/2015;BARRA 4.2 KG;5,41;57,93;31,86;1,72
20/10/2015;BARRA 4.2 KG;5,46;57,42;31,9;1,28
20/10/2015;BARRA 4.2 KG;5,46;57,78;32,27;1,27
21/10/2015;BARRA 3 KG;5,5;57,71;31,99;1,9
21/10/2015;BARRA 3 KG;5,44;57,7;31,24;1,65
21/10/2015;BARRA 3 KG;5,42;57,71;31,42;1,36
21/10/2015;BARRA 3 KG;5,54;58,25;32,13;1,55
21/10/2015;BARRA 3 KG;5,56;58,04;32,28;1,86
21/10/2015;BARRA 3 KG;5,49;57,4;30,61;1,7
21/10/2015;BARRA 3 KG;5,57;58,37;32,68;1,65
21/10/2015;BARRA 3 KG;5,47;57,69;32,23;1,8
21/10/2015;BARRA 3 KG;5,55;58,24;32,36;1,72
21/10/2015;BARRA 3 KG;5,49;58,64;32,62;1,91
21/10/2015;BARRA 3 KG;5,51;58,8;33,16;1,27
21/10/2015;500 G;5,53;57,16;30,43;1,21
21/10/2015;500 G;5,48;57,17;31,5;1,65
21/10/2015;BARRA 3 KG;5,37;56,7;30,88;1,74
23/10/2015;BARRA 4.2 KG;5,29;57,75;31,47;1,3
23/10/2015;BARRA 4.2 KG;5,28;56,9;30,89;1,52
23/10/2015;BARRA 4.2 KG;5,26;58,4;31,81;1,17
26/10/2015;3 KG;5,36;58,43;32,74;1,31
26/10/2015;3 KG;5,26;57,64;31,97;1,36
26/10/2015;1 KG;5,53;55,66;31,18;1,76
26/10/2015;3 KG;5,3;56,84;31,15;1,93
26/10/2015;3 KG;5,28;58,22;32,47;1,18
26/10/2015;3 KG;5,27;58,65;32,98;1
26/10/2015;3 KG;5,34;57,14;32,17;1,1
26/10/2015;1 KG;5,47;57,71;31,69;1,12
26/10/2015;3 KG;5,31;57,67;32,22;1,5
27/10/2015;BARRA 4.2 KG;5,34;57,1;31,42;1,4
28/10/2015;BARRA 3 KG;5,43;57,97;32,55;1,6
28/10/2015;BARRA 3 KG;5,43;58,14;32,82;1,66
28/10/2015;500 G;5,36;59,23;31,65;1,32
28/10/2015;BARRA 3 KG;5,39;58,12;32,77;1,57
28/10/2015;BARRA 3 KG;5,45;57,93;32,71;1,71
28/10/2015;BARRA 3 KG;5,51;57,38;31,81;1,42
28/10/2015;BARRA 3 KG;5,44;58,26;33,01;1,34
28/10/2015;BARRA 3 KG;5,41;57,34;32,03;1,53
28/10/2015;BARRA 3 KG;5,5;57,02;31,98;1,08
28/10/2015;BARRA 3 KG;5,48;56,98;31,91;1,71
28/10/2015;BARRA 3 KG;5,46;56,71;31,71;1,59
28/10/2015;BARRA 3 KG;5,46;57,22;32,27;1,31
28/10/2015;BARRA 3 KG;5,39;57,75;32,29;1,52
30/10/2015;BARRA 4.2 KG;5,39;58,53;32,42;1,17
30/10/2015;BARRA 4.2 KG;5,5;57,57;31,52;1,49
30/10/2015;BARRA 4.2 KG;5,36;57,99;32,18;1,36
30/10/2015;BARRA 4.2 KG;5,47;56,5;30,71;1,68
30/10/2015;BARRA 4.2 KG;5,47;57,29;31,5;1,45
02/11/2015;3 KG;5,41;57,42;31,55;2
02/11/2015;1 KG;5,49;56,64;30,59;1,72
02/11/2015;3 KG;5,5;57,95;32,22;2
02/11/2015;3 KG;5,48;56,65;31,74;1,72
02/11/2015;3 KG;5,51;57,04;31,19;1,58
02/11/2015;3 KG;5,4;56,84;31,25;1,86
02/11/2015;1 KG;5,61;56,82;31,14;1,9
02/11/2015;3 KG;5,52;57,92;32,15;1,72
02/11/2015;3 KG;5,45;58,46;32,78;1,67
05/11/2015;BARRA 3 KG;5,51;58,31;32,36;1,45
05/11/2015;BARRA 3 KG;5,49;57,05;31,35;1,8
05/11/2015;BARRA 3 KG;5,48;58,5;31,9;1,75
05/11/2015;BARRA 3 KG;5,47;56,75;31,58;1,6
05/11/2015;BARRA 3 KG;5,4;58,59;32,13;1,34
05/11/2015;BARRA 3 KG;5,52;56,36;30,9;1,82
05/11/2015;BARRA 3 KG;5,43;57,53;31,85;1,72
05/11/2015;BARRA 3 KG;5,51;57,3;31,68;1,47
05/11/2015;BARRA 3 KG;5,62;58,26;32,53;1,21
05/11/2015;BARRA 3 KG;5,53;57,56;31,58;1,55
05/11/2015;BARRA 3 KG;5,51;57,84;31,98;1,85
05/11/2015;BARRA 3 KG;5,57;57,14;31,82;1,5
05/11/2015;BARRA 3 KG;5,42;58,49;32,94;1,76
06/11/2015;BARRA 4.2 KG;5,47;57,43;31,66;1,1
06/11/2015;BARRA 4.2 KG;5,44;58,3;32,45;1,35
06/11/2015;BARRA 4.2 KG;5,46;58,16;32,42;1,15
06/11/2015;BARRA 4.2 KG;5,44;58,39;32,78;1,1
06/11/2015;BARRA 4.2 KG;5,47;57,58;31,87;1,51
06/11/2015;BARRA 4.2 KG;5,49;58,89;33,08;1,36
06/11/2015;BARRA 4.2 KG;5,49;56,93;31,03;1,35
09/11/2015;1 KG;5,49;56,62;30,88;1,27
09/11/2015;3 KG;5,48;56,87;31,15;1,67
09/11/2015;3 KG;5,46;55,86;30,63;0,99
09/11/2015;3 KG;5,5;56,31;30,78;1,83
09/11/2015;3 KG;5,45;56,09;31,04;1,77
09/11/2015;3 KG;5,44;56,93;31,69;1,29
09/11/2015;1 KG;5,73;56,72;30,77;1,57
09/11/2015;3 KG;5,55;55,18;30,69;1,72
09/11/2015;3 KG;5,45;56,38;31,17;1,4
09/11/2015;3 KG;5,37;56,49;30,86;2
09/11/2015;3 KG;5,47;55,82;30,68;1,78
09/11/2015;3 KG;5,51;56,44;31,51;1,31
09/11/2015;1 KG;5,44;57,93;31,5;1,35
09/11/2015;1 KG;5,49;57,19;31,05;1,38
12/11/2015;BARRA 3 KG;5,54;57,96;31,83;1,37
12/11/2015;BARRA 3 KG;5,48;57,73;32,06;1,54
12/11/2015;BARRA 3 KG;5,47;58,26;32,36;1,12
12/11/2015;BARRA 3 KG;5,44;57,42;31,52;1,6
12/11/2015;500 G;5,63;57,03;31,24;1,39
12/11/2015;BARRA 3 KG;5,49;57,7;31,7;1,54
12/11/2015;BARRA 3 KG;5,57;57,24;31,39;1,41
12/11/2015;BARRA 3 KG;5,53;58,08;31,39;1,02
12/11/2015;BARRA 3 KG;5,52;58,48;32,27;1,26
12/11/2015;BARRA 3 KG;5,5;58,02;31,69;1,25
12/11/2015;BARRA 3 KG;5,39;58,3;32,13;1,54
12/11/2015;BARRA 3 KG;5,5;58,1;32,21;1,44
12/11/2015;BARRA 3 KG;5,49;57,49;31,81;2
12/11/2015;BARRA 3 KG;5,5;57,18;31,07;1,52
13/11/2015;BARRA 4.2 KG;5,35;57,38;31,52;1,62
13/11/2015;BARRA 4.2 KG;5,4;58,05;31,72;1,59
13/11/2015;BARRA 3 KG;5,24;57,11;30,64;1,66
13/11/2015;BARRA 4.2 KG;5,33;56,9;30,98;1,84
16/11/2015;3 KG;5,54;57,51;32,13;1,13
16/11/2015;3 KG;5,5;57,65;31,9;1,38
16/11/2015;3 KG;5,5;58,48;32,47;1,38
16/11/2015;3 KG;5,46;57,26;31,4;1,34
16/11/2015;3 KG;5,49;57,57;31,99;1,19
16/11/2015;3 KG;5,54;56,93;31,79;1,29
16/11/2015;3 KG;5,56;57,66;32,26;1,02
17/11/2015;1 KG;5,69;57,04;30,69;1,38
17/11/2015;1 KG;5,56;55,74;29,89;1,35
17/11/2015;1 KG;5,72;55,99;30,11;1,41
17/11/2015;1 KG;5,92;56,05;30,62;1,83
17/11/2015;1 KG;5,55;56,36;30,75;1,68
17/11/2015;1 KG;5,45;56,62;30,63;1,25
17/11/2015;1 KG;5,77;56,36;30,42;1,59
17/11/2015;1 KG;5,83;57,31;31,28;1,72
18/11/2015;BARRA 3 KG;5,46;56,55;31,32;1,45
18/11/2015;BARRA 3 KG;5,44;57,85;31,4;1,04
18/11/2015;BARRA 3 KG;5,47;56,38;31,59;2,01
18/11/2015;BARRA 3 KG;5,46;57,65;31,8;1,16
18/11/2015;BARRA 3 KG;5,49;57,74;32,09;1,14
18/11/2015;BARRA 3 KG;5,5;57,77;31,49;1,25
18/11/2015;BARRA 3 KG;5,48;56,56;30,87;1,56
18/11/2015;BARRA 3 KG;5,65;57,18;31,75;1,68
18/11/2015;BARRA 3 KG;5,53;56,1;30,9;2,04
18/11/2015;BARRA 3 KG;5,52;58,35;32,19;1,03
19/11/2015;BARRA 3 KG;5,46;58,53;31,98;1,11
19/11/2015;BARRA 3 KG;5,5;56,84;31;1,58
19/11/2015;BARRA 3 KG;5,51;58,02;32,4;1,44
19/11/2015;BARRA 3 KG;5,45;57,79;31,65;1,82
19/11/2015;BARRA 3 KG;5,53;58,04;31,61;1,32
19/11/2015;BARRA 3 KG;5,48;57,22;31,48;1,74
19/11/2015;BARRA 3 KG;5,39;57,39;31,04;1,66
19/11/2015;BARRA 3 KG;5,47;57,35;31,71;1,24
19/11/2015;BARRA 3 KG;5,46;57,78;32,22;1,46
19/11/2015;BARRA 3 KG;5,46;56,96;31,53;1,79
20/11/2015;3 KG;5,43;58,33;31,93;1,8
20/11/2015;BARRA 4.2 KG;5,59;57,51;31,38;1,06
20/11/2015;3 KG;5,53;56,91;30,61;1,62
20/11/2015;3 KG;5,52;57,11;31,04;1,5
20/11/2015;BARRA 4.2 KG;5,63;57,81;31,42;1,34
20/11/2015;BARRA 4.2 KG;5,58;58,47;31,28;1,07
20/11/2015;3 KG;5,51;58,24;31,84;1,63
20/11/2015;3 KG;5,45;57,39;30,83;0,66
20/11/2015;3 KG;5,47;57,14;31,19;1,32
20/11/2015;3 KG;5,45;57,64;31,45;1,75
23/11/2015;1 KG;5,51;58,87;32,91;1,42
23/11/2015;1 KG;5,65;58,24;32,18;1,66
25/11/2015;500 G;5,49;56,18;29,77;1,22
25/11/2015;500 G;5,52;57,12;30,57;1,27
30/11/2015;3 KG;5,42;57,99;31,76;1,75
30/11/2015;3 KG;5,45;57,55;31,48;1,69
30/11/2015;BARRA 4.2 KG;5,4;58,16;31,21;1,44
30/11/2015;3 KG;5,43;56,9;30,53;2,23
30/11/2015;3 KG;5,43;57,3;31,44;1,64
30/11/2015;3 KG;5,44;57,42;31,79;1,18
30/11/2015;3 KG;5,38;57,68;31,48;1,86
30/11/2015;BARRA 4.2 KG;5,48;57,5;30,55;1,36
02/12/2015;BARRA 3 KG;5,53;57,33;31,72;1,74
02/12/2015;BARRA 3 KG;5,41;58,2;32,2;1,95
02/12/2015;BARRA 3 KG;5,54;57,96;32,3;1,47
02/12/2015;BARRA 3 KG;5,56;57,98;31,23;1,75
02/12/2015;BARRA 3 KG;5,55;59,64;33,4;1,13
04/12/2015;BARRA 4.2 KG;5,41;56,43;29,9;1,67
04/12/2015;BARRA 4.2 KG;5,38;55,51;28,66;1,77
07/12/2015;500 G;5,8;57,07;30,67;1,49
07/12/2015;3 KG;5,45;57,41;30,61;1,7
07/12/2015;3 KG;5,33;57,04;30,33;1,88
07/12/2015;3 KG;5,29;58,61;32,32;1,06
07/12/2015;500 G;5,8;57,49;30,68;1,36
07/12/2015;3 KG;5,34;57,26;31,07;1,72
07/12/2015;3 KG;5,36;57,44;30,87;1,69
08/12/2015;BARRA 3 KG;5,59;58,25;32,1;1,85
08/12/2015;BARRA 3 KG;5,62;58,22;32,16;1,54
08/12/2015;BARRA 3 KG;5,57;57,13;31,17;1,32
08/12/2015;BARRA 3 KG;5,68;57,36;31,14;1,83
08/12/2015;BARRA 3 KG;5,52;59,24;32,18;1,53
08/12/2015;BARRA 3 KG;5,63;58,96;32,38;1,51
08/12/2015;BARRA 3 KG;5,61;59,07;32,18;1,07
09/12/2015;1 KG;5,5;54,91;29,32;2,16
09/12/2015;1 KG;5,49;55,1;29,91;1,85
11/12/2015;BARRA 4.2 KG;5,23;58,34;32,45;1,98
11/12/2015;BARRA 4.2 KG;5,25;57,11;31,55;2,26
11/12/2015;BARRA 4.2 KG;5,46;56,95;30,71;1,63
14/12/2015;3 KG;5,42;58,27;32;1,45
14/12/2015;3 KG;5,28;56,59;30,6;1,82
14/12/2015;3 KG;5,43;57,23;31,41;1,65
14/12/2015;3 KG;5,5;57,98;31,65;1,62
14/12/2015;3 KG;5,53;56,82;31,16;1,65
18/12/2015;BARRA 4.2 KG;5,31;57,04;30,98;1,2
18/12/2015;BARRA 4.2 KG;5,37;58,02;31,6;1,09
21/12/2015;3 KG;5,36;58;32,48;1,38
21/12/2015;3 KG;5,45;58;32,34;1,55
21/12/2015;3 KG;5,48;57,47;31,97;1,39
21/12/2015;3 KG;5,43;58,64;32,42;1,3
21/12/2015;3 KG;5,45;58,35;32,92;1,31
21/12/2015;3 KG;5,5;56,65;31,08;1,85
21/12/2015;1 KG;5,64;56,94;31,41;1,74
21/12/2015;1 KG;5,59;57,6;31,54;1,58
21/12/2015;1 KG;5,57;57,45;31,97;1,8
22/12/2015;BARRA 3 KG;5,42;58,98;32,64;1,39
22/12/2015;BARRA 3 KG;5,36;56,5;31,01;1,83
22/12/2015;BARRA 3 KG;5,42;57,66;31,53;1,66
22/12/2015;BARRA 3 KG;5,46;57,56;31,5;1,74
22/12/2015;BARRA 3 KG;5,44;57,5;31,74;1,69
22/12/2015;BARRA 3 KG;5,4;58,73;32,47;1,39
22/12/2015;BARRA 3 KG;5,41;57,09;31,15;1,82
22/12/2015;BARRA 3 KG;5,43;58,07;31,72;1,41
22/12/2015;BARRA 3 KG;5,44;58,07;32,15;1,44
22/12/2015;BARRA 3 KG;5,49;57,8;31,92;1,43
22/12/2015;BARRA 3 KG;5,37;57,63;31,91;1,8
22/12/2015;BARRA 3 KG;5,64;57,65;32,19;1
22/12/2015;BARRA 3 KG;5,45;57,64;31,74;1,61
24/12/2015;500 G;5,81;56,96;31,04;1,53
24/12/2015;500 G;5,82;55,76;29,92;1,57
26/12/2015;3 KG;5,56;56,32;31,1;0,97
26/12/2015;3 KG;5,52;56,22;31,11;1,54
26/12/2015;3 KG;5,58;56,38;31,89;1,93
26/12/2015;BARRA 4.2 KG;5,5;57,09;32,57;1,72
26/12/2015;BARRA 4.2 KG;5,53;57,31;32,1;1,72
26/12/2015;3 KG;5,55;55,97;31,19;1,66
26/12/2015;3 KG;5,56;55,53;30,82;1,86
26/12/2015;3 KG;5,58;56,25;31;1,97
29/12/2015;BARRA 3 KG;5,63;57,96;32,36;1,68
29/12/2015;BARRA 3 KG;5,58;57,62;32,07;1,49
29/12/2015;BARRA 3 KG;5,59;58,39;32,99;1,41
29/12/2015;BARRA 3 KG;5,62;57,06;31,32;1,28
29/12/2015;BARRA 3 KG;5,67;58,25;32,01;1,22
29/12/2015;BARRA 3 KG;5,54;57,98;31,62;1,06
29/12/2015;BARRA 3 KG;5,48;57,09;30,87;1,01
29/12/2015;BARRA 3 KG;5,7;58,79;32,42;1,7
29/12/2015;BARRA 3 KG;5,61;57,91;32;1,59
29/12/2015;BARRA 3 KG;5,48;59,43;32,6;1,08
29/12/2015;BARRA 3 KG;5,69;57,33;31,64;1,52
29/12/2015;BARRA 3 KG;5,56;57,44;31,56;1,2
29/12/2015;BARRA 3 KG;5,4;58,37;31,59;1,24
29/12/2015;BARRA 3 KG;5,52;57,67;31,54;0,98
29/12/2015;BARRA 3 KG;5,45;57,79;31,42;1,27
29/12/2015;BARRA 3 KG;5,56;57,97;32,11;1,29
30/12/2015;500 G;5,59;58,06;31,75;1,56
02/01/2016;BARRA 4.2 KG;5,44;56,73;30,56;1,96
02/01/2016;BARRA 4.2 KG;5,38;57,89;31,98;1,69
02/01/2016;BARRA 4.2 KG;5,39;57,74;31,37;1,72
04/01/2016;3 KG;5,47;58,28;32,76;1,49
04/01/2016;3 KG;5,49;57,66;32,06;1,86
04/01/2016;1 KG;5,51;57,3;31,9;1,69
04/01/2016;3 KG;5,44;56,58;31,37;1,66
04/01/2016;BARRA 3 KG;5,49;57,56;31,44;1,39
04/01/2016;BARRA 3 KG;5,43;57,86;31,52;1,3
04/01/2016;BARRA 3 KG;5,38;58,73;32,37;1,3
04/01/2016;3 KG;5,5;57,99;31,85;1,08
04/01/2016;BARRA 3 KG;5,51;57,97;31,74;1,43
04/01/2016;1 KG;5,53;56,4;30,84;1,85
04/01/2016;BARRA 3 KG;5,44;57,21;31,31;1,56
04/01/2016;BARRA 3 KG;5,47;57,55;32,5;1,56
04/01/2016;3 KG;5,45;57,24;31,51;1,49
04/01/2016;BARRA 3 KG;5,47;56,12;30,88;1,89
04/01/2016;BARRA 3 KG;5,56;57,04;30,89;1,49
04/01/2016;3 KG;5,53;57,22;31,52;1,65
04/01/2016;3 KG;5,47;57,78;32,28;1,6
04/01/2016;BARRA 3 KG;5,42;56,24;31,21;1,82
05/01/2016;BARRA 3 KG;5,52;57,82;31,4;1,07
05/01/2016;BARRA 3 KG;5,63;57,9;31,42;1,11
05/01/2016;BARRA 3 KG;5,5;56,32;29,59;1,16
05/01/2016;BARRA 3 KG;5,48;58,32;31,57;1,05
05/01/2016;BARRA 3 KG;5,51;58,07;31,61;1,25
05/01/2016;BARRA 3 KG;5,49;57,96;30,97;1,06
07/01/2016;500 G;5,57;56,47;30,28;1,41
07/01/2016;500 G;5,6;57,9;30,92;1,11
08/01/2016;BARRA 4.2 KG;5,43;56,21;30,6;1,83
08/01/2016;BARRA 4.2 KG;5,35;57,27;31,24;1,6
08/01/2016;BARRA 4.2 KG;5,4;56,97;31,38;1,37
08/01/2016;BARRA 4.2 KG;5,45;58,22;31,45;1,37
11/01/2016;1 KG;5,6;56,45;30,19;1,44
11/01/2016;3 KG;5,47;56,59;30,93;1,57
11/01/2016;3 KG;5,43;57,73;31,64;1,43
11/01/2016;3 KG;5,41;58,01;32,05;1,31
11/01/2016;1 KG;5,54;55,45;29,5;1,68
11/01/2016;1 KG;5,49;58,23;31,09;1,11
11/01/2016;3 KG;5,41;57,29;31,54;1,85
11/01/2016;3 KG;5,38;57,7;31,62;1,82
11/01/2016;1 KG;5,54;57,14;30,83;1,44
11/01/2016;3 KG;5,4;57,46;31,45;1,54
12/01/2016;BARRA 3 KG;5,36;57,12;31,41;1,63
12/01/2016;BARRA 3 KG;5,35;57,01;31,28;1,47
12/01/2016;BARRA 3 KG;5,32;56,72;30,89;1,65
12/01/2016;BARRA 3 KG;5,36;56,97;31,37;1,32
12/01/2016;BARRA 4.2 KG;5,35;59,31;32,56;1,35
12/01/2016;BARRA 3 KG;5,39;58,19;32,47;1,04
12/01/2016;BARRA 3 KG;5,4;55,43;30,43;2,14
12/01/2016;BARRA 3 KG;5,34;57,72;31,66;1,47
12/01/2016;BARRA 3 KG;5,48;56,29;31,03;1,73
13/01/2016;BARRA 3 KG;5,48;56,51;31,32;1,61
13/01/2016;BARRA 3 KG;5,44;59,12;33,73;1,47
13/01/2016;BARRA 3 KG;5,46;57,33;32,29;1,1
13/01/2016;BARRA 3 KG;5,45;58,47;33,28;1,63
13/01/2016;500 G;5,47;58,2;32,33;0,98
13/01/2016;BARRA 3 KG;5,5;57,14;31,92;1,3
15/01/2016;BARRA 4.2 KG;5,39;57,39;31,28;1,06
15/01/2016;BARRA 4.2 KG;5,31;58,04;31,49;1,06
18/01/2016;3 KG;5,47;58,44;31,98;1,41
18/01/2016;3 KG;5,47;58,15;31,31;1,25
18/01/2016;1 KG;5,49;57,93;30,06;1,32
18/01/2016;BARRA 3 KG;5,44;57,89;30,97;1,23
18/01/2016;3 KG;5,42;58,1;31,88;1,33
18/01/2016;BARRA 3 KG;5,42;57,29;31,03;1,22
18/01/2016;BARRA 3 KG;5,37;57,28;31,11;1,08
18/01/2016;BARRA 3 KG;5,57;57,9;31,34;1,27
18/01/2016;BARRA 3 KG;5,47;58,83;31,79;1,16
18/01/2016;3 KG;5,31;57,34;30,49;1,54
18/01/2016;1 KG;5,53;56,17;29,55;1,42
18/01/2016;3 KG;5,39;57,66;31,8;1,13
18/01/2016;BARRA 3 KG;5,47;58,78;32,17;1,27
18/01/2016;BARRA 3 KG;5,51;57,95;31,2;1,14
19/01/2016;BARRA 4.2 KG;5,39;57,92;32,49;1,64
19/01/2016;BARRA 4.2 KG;5,54;57,52;32,32;1,48
20/01/2016;BARRA 3 KG;5,51;57,83;33,15;2
20/01/2016;BARRA 3 KG;5,42;58,24;32,97;1,2
20/01/2016;500 G;5,54;56,55;31,1;1,73
20/01/2016;BARRA 3 KG;5,4;58,11;32,26;1,17
25/01/2016;BARRA 3 KG;5,52;56,94;30,53;1,46
25/01/2016;3 KG;5,53;57,6;31,71;1,39
25/01/2016;BARRA 3 KG;5,5;57,91;31,2;1,12
25/01/2016;BARRA 3 KG;5,54;58,23;32,08;1,37
25/01/2016;BARRA 3 KG;5,47;57,7;31,97;1,29
25/01/2016;BARRA 3 KG;5,47;57,85;31,03;1,2
25/01/2016;BARRA 3 KG;5,49;57,11;31,65;1,34
25/01/2016;3 KG;5,43;57,15;31,16;1,46
25/01/2016;3 KG;5,46;57,62;31,42;1,15
25/01/2016;BARRA 3 KG;5,52;59,23;32,38;1,05
25/01/2016;3 KG;5,48;57,48;31,55;1,33
25/01/2016;3 KG;5,45;57,49;31,65;1,61
25/01/2016;BARRA 3 KG;5,49;56,79;30,38;1,58
26/01/2016;BARRA 4.2 KG;5,42;58,21;32,02;1,43
26/01/2016;BARRA 4.2 KG;5,33;57,44;31,27;1,24
26/01/2016;BARRA 4.2 KG;5,34;57,63;31,71;1,72
26/01/2016;BARRA 4.2 KG;5,4;57,18;31,67;1,61
28/01/2016;BARRA 3 KG;5,55;57,24;31,51;1,31
28/01/2016;BARRA 3 KG;5,45;56,77;31,17;1,7
28/01/2016;500 G;5,48;58,45;31,58;1,03
28/01/2016;BARRA 3 KG;5,45;56,82;31,63;1,17
28/01/2016;BARRA 3 KG;5,57;56,68;31,17;1,16
28/01/2016;BARRA 3 KG;5,46;58,09;31,95;2,04
28/01/2016;BARRA 3 KG;5,4;57,41;31,91;2,11
28/01/2016;3 KG;5,43;58,02;32,04;1,61
29/01/2016;BARRA 4.2 KG;5,48;56,24;30,12;1,56
29/01/2016;BARRA 4.2 KG;5,48;55,92;29,8;1,71
29/01/2016;BARRA 4.2 KG;5,51;56,29;30,01;1,53
01/02/2016;3 KG;5,35;56,98;31,13;1,39
01/02/2016;3 KG;5,39;58,45;32,52;1,5
01/02/2016;BARRA 3 KG;5,54;57,31;31,24;1,49
01/02/2016;BARRA 3 KG;5,53;58,35;31,92;1,2
01/02/2016;1 KG;5,51;57,9;32,09;1,43
01/02/2016;3 KG;5,4;57,28;31,7;1,31
01/02/2016;BARRA 3 KG;5,56;57,46;31,85;1,26
01/02/2016;BARRA 3 KG;5,5;58,08;32,52;1,87
01/02/2016;BARRA 3 KG;5,55;57,53;31,87;1,55
01/02/2016;1 KG;5,54;56,95;30,86;1,51
01/02/2016;1 KG;5,51;58,3;31,77;1,54
01/02/2016;BARRA 3 KG;5,59;58,14;32,48;1,42
01/02/2016;BARRA 3 KG;5,55;57,9;31,83;1,1
01/02/2016;3 KG;5,38;56,96;31,16;1,44
01/02/2016;3 KG;5,4;58,01;32,17;1,35
01/02/2016;3 KG;5,36;57,66;32,15;1,56
01/02/2016;BARRA 3 KG;5,52;58,21;32,56;1,81
02/02/2016;BARRA 4.2 KG;5,41;60,41;33,34;1,04
02/02/2016;BARRA 4.2 KG;5,41;59,69;32,58;1,04
03/02/2016;BARRA 3 KG;5,49;57,51;31,4;1,16
03/02/2016;BARRA 3 KG;5,42;58,98;33,47;1,46
03/02/2016;BARRA 3 KG;5,46;59,67;34,01;1,31
03/02/2016;500 G;5,31;58,02;31,43;1,13
03/02/2016;BARRA 3 KG;5,48;57,42;32,19;1,9
03/02/2016;BARRA 3 KG;5,52;58,21;32,09;1,07
03/02/2016;BARRA 3 KG;5,58;55,55;31,18;1,34
05/02/2016;BARRA 3 KG;5,42;57,13;31,05;1,32
05/02/2016;3 KG;5,39;58,41;32,23;0,97
08/02/2016;3 KG;5,52;58,54;32,09;1,6
08/02/2016;3 KG;5,46;57,49;31,47;1,84
08/02/2016;3 KG;5,45;58,04;31,89;1,9
08/02/2016;3 KG;5,48;57,62;31,74;1,81
08/02/2016;3 KG;5,5;57,09;31,28;1,41
08/02/2016;3 KG;5,43;58,83;32,32;1,22
08/02/2016;3 KG;5,37;58,6;32,33;1,36
08/02/2016;3 KG;5,4;58,39;32,42;1,29
08/02/2016;3 KG;5,43;58,7;32,47;1,52
09/02/2016;BARRA 4.2 KG;5,51;58,06;31,48;1,25
10/02/2016;500 G;5,57;58,34;31,57;1,26
10/02/2016;BARRA 3 KG;5,42;57,52;30,86;1,82
10/02/2016;BARRA 3 KG;5,43;56,37;30,67;1,48
10/02/2016;BARRA 3 KG;5,5;56,28;30,93;1,51
10/02/2016;BARRA 3 KG;5,5;57,55;31,64;1,48
10/02/2016;3 KG;5,5;57,38;31,24;1,36
10/02/2016;BARRA 3 KG;5,44;57,38;31,02;1,67
10/02/2016;BARRA 3 KG;5,45;56,78;30,55;1,5
10/02/2016;3 KG;6,37;56,15;30,06;1,68
10/02/2016;BARRA 3 KG;5,46;57,15;31,06;1,49
10/02/2016;BARRA 3 KG;5,51;57,36;31,33;1,64
10/02/2016;BARRA 3 KG;5,5;57,2;31,44;1,85
10/02/2016;3 KG;5,45;57,96;31,86;1,37
11/02/2016;BARRA 4.2 KG;5,44;57,94;31,8;1,54
15/02/2016;3 KG;5,52;58,15;32,53;1,44
15/02/2016;3 KG;5,53;58,23;31,87;1,52
15/02/2016;1 KG;5,44;58,06;31,47;1,63
15/02/2016;3 KG;5,42;58,48;32,08;1,57
15/02/2016;3 KG;5,5;58,65;32,34;1,31
15/02/2016;3 KG;5,41;58,1;31,77;1,52
15/02/2016;3 KG;5,42;58,66;32,44;1,59
15/02/2016;3 KG;5,57;58,33;31,89;1,64
15/02/2016;1 KG;5,35;55,55;30,2;1,88
16/02/2016;BARRA 4.2 KG;5,39;58,01;31,71;1,31
16/02/2016;BARRA 4.2 KG;5,28;56,43;30,62;1,39
16/02/2016;BARRA 4.2 KG;5,72;56,29;30,11;1,57
16/02/2016;BARRA 4.2 KG;5,47;57,85;31,48;1,53
16/02/2016;BARRA 4.2 KG;5,45;57,92;31,15;1,37
17/02/2016;BARRA 3 KG;5,51;57,8;31,94;1,57
17/02/2016;BARRA 3 KG;5,49;59,47;33,39;1,41
17/02/2016;BARRA 3 KG;5,5;58,11;31,85;1,22
17/02/2016;BARRA 3 KG;5,51;57,43;31,12;1,58
17/02/2016;BARRA 3 KG;5,5;57;30,73;1,45
17/02/2016;BARRA 3 KG;5,37;59,36;32,35;1,22
17/02/2016;BARRA 3 KG;5,49;57,34;31,95;1,59
17/02/2016;BARRA 3 KG;5,44;56,97;31,02;1,77
17/02/2016;BARRA 3 KG;5,57;56,83;30,85;1,8
17/02/2016;BARRA 3 KG;5,49;57,33;31,21;1,55
17/02/2016;BARRA 3 KG;5,38;57,93;31,92;1,21
17/02/2016;BARRA 3 KG;5,61;57,49;31,47;1,42
19/02/2016;BARRA 4.2 KG;5,44;58,47;32,53;1,32
22/02/2016;3 KG;5,36;57,68;31,31;1,85
22/02/2016;3 KG;5,46;57,23;31,27;1,74
22/02/2016;3 KG;5,45;57,84;30,95;1,64
22/02/2016;3 KG;5,46;57,46;30,97;1,63
22/02/2016;3 KG;5,38;57,41;31,5;1,42
23/02/2016;BARRA 4.2 KG;5,48;57,59;31,48;1,27
23/02/2016;BARRA 4.2 KG;5,49;56,86;31,48;1,3
24/02/2016;BARRA 3 KG;5,41;57,58;31,92;1
24/02/2016;BARRA 3 KG;5,48;59,1;32,36;1,03
24/02/2016;BARRA 3 KG;5,44;57,75;32,07;1,28
24/02/2016;BARRA 3 KG;5,5;58,69;32,8;1,22
24/02/2016;BARRA 3 KG;5,39;58,19;31,16;1,38
24/02/2016;BARRA 3 KG;5,35;57,98;31,92;1,37
24/02/2016;BARRA 3 KG;5,38;57,06;31,73;1,46
24/02/2016;BARRA 3 KG;5,41;58,88;33,16;1,66
24/02/2016;BARRA 3 KG;5,39;58,16;32,51;1,75
24/02/2016;BARRA 3 KG;5,44;57,94;32,74;1,5
24/02/2016;BARRA 3 KG;5,43;57,73;31,13;1,32
24/02/2016;BARRA 3 KG;5,46;57,91;31,3;1,22
25/02/2016;500 G;5,61;57,24;31,06;1,63
26/02/2016;BARRA 4.2 KG;5,48;59,39;32,54;1,73
26/02/2016;BARRA 4.2 KG;5,43;58,01;32,08;1,68
26/02/2016;BARRA 4.2 KG;5,49;58,68;32,4;2,04
26/02/2016;BARRA 4.2 KG;5,48;59,38;32,75;1,76
26/02/2016;BARRA 4.2 KG;5,42;58,46;31,72;1,73
29/02/2016;BARRA 3 KG;5,45;57,9;30,86;1,16
29/02/2016;1 KG;5,42;55,79;30,33;1,84
29/02/2016;BARRA 3 KG;5,46;57,15;31,24;1,62
29/02/2016;3 KG;5,5;58,36;31,72;1,09
29/02/2016;BARRA 3 KG;5,45;57,62;31,59;1,75
29/02/2016;3 KG;5,51;57,38;31,44;1,5
29/02/2016;3 KG;5,36;58,24;31,5;1,39
29/02/2016;1 KG;5,39;57,77;30,96;1,87
29/02/2016;3 KG;5,42;57,17;31,51;1,18
29/02/2016;BARRA 3 KG;5,5;57,46;30,73;1,34
29/02/2016;3 KG;5,37;57,55;31,9;1,74
29/02/2016;BARRA 3 KG;5,4;57,5;31,63;1,76
29/02/2016;3 KG;5,39;57,92;31,43;1,07
29/02/2016;BARRA 3 KG;5,42;56,76;30,49;1,34
29/02/2016;BARRA 3 KG;5,62;56,19;31,06;1,73
29/02/2016;BARRA 3 KG;5,51;58,49;32,46;1,75
29/02/2016;1 KG;5,43;57,6;30,47;1,68
01/03/2016;BARRA 4.2 KG;5,46;58,44;31,73;1,26
02/03/2016;BARRA 3 KG;5,5;58,08;31,64;1,44
02/03/2016;BARRA 3 KG;5,47;58,09;31,54;1,1
02/03/2016;BARRA 3 KG;5,45;57,19;30,77;1,2
02/03/2016;BARRA 3 KG;5,43;58,25;32,19;1,76
02/03/2016;BARRA 3 KG;5,54;57,19;31,28;1,73
02/03/2016;BARRA 3 KG;5,41;57,72;31,21;1,45
02/03/2016;BARRA 3 KG;5,43;57,69;32,07;1,9
02/03/2016;BARRA 3 KG;5,49;59,37;33,11;1,62
02/03/2016;BARRA 3 KG;5,37;56,24;30,76;1,75
02/03/2016;BARRA 3 KG;5,54;58,24;31,57;1,71
02/03/2016;BARRA 3 KG;5,52;55,96;30,65;1,88
02/03/2016;BARRA 3 KG;5,53;56,97;31,38;1,89
02/03/2016;BARRA 3 KG;5,56;56,18;30,49;1,56
04/03/2016;BARRA 4.2 KG;5,65;59,17;32,84;1,23
04/03/2016;BARRA 4.2 KG;5,57;57,79;32,27;1,45
07/03/2016;3 KG;5,38;58,13;31,48;1,43
07/03/2016;3 KG;5,47;58,2;31,25;1,63
07/03/2016;3 KG;5,52;58,62;31,82;1,34
07/03/2016;3 KG;5,45;58,54;32,09;1,21
08/03/2016;BARRA 4.2 KG;5,54;57,84;31,29;1,08
08/03/2016;BARRA 4.2 KG;5,43;57,32;30,95;1,43
08/03/2016;BARRA 4.2 KG;5,51;58,4;31,35;1,09
08/03/2016;BARRA 4.2 KG;5,38;59,43;31,46;1,34
08/03/2016;BARRA 4.2 KG;5,45;58,83;31,18;1,07
08/03/2016;BARRA 4.2 KG;5,4;57,8;30,29;1,38
10/03/2016;BARRA 3 KG;5,68;57,48;31,48;1,51
10/03/2016;500 G;5,57;56,61;30,16;1,36
10/03/2016;BARRA 3 KG;5,74;56,68;30,5;1,45
10/03/2016;BARRA 3 KG;5,57;56,61;30,46;1,47
10/03/2016;3 KG;5,58;57,81;31,45;1,31
10/03/2016;BARRA 3 KG;5,76;56,3;30,55;1,82
10/03/2016;BARRA 3 KG;5,63;58,09;31,48;1,54
10/03/2016;BARRA 3 KG;5,48;57,52;31,29;1,52
10/03/2016;BARRA 3 KG;5,6;59,56;32,49;1,41
10/03/2016;BARRA 3 KG;5,57;57,06;30,37;1,48
10/03/2016;3 KG;5,6;56,67;30,84;1,48
10/03/2016;3 KG;5,6;57,68;31,87;1,23
10/03/2016;3 KG;5,74;56,86;31,15;1,89
10/03/2016;BARRA 3 KG;5,55;56,96;30,7;1,29
10/03/2016;3 KG;5,62;57,27;30,96;1,73
11/03/2016;BARRA 4.2 KG;5,32;58,1;30,86;1,22
14/03/2016;BARRA 3 KG;5,59;58,17;31,24;1,37
14/03/2016;BARRA 3 KG;5,4;57,62;31,82;1,56
14/03/2016;BARRA 3 KG;5,57;57,15;31,11;1,54
14/03/2016;BARRA 3 KG;5,5;58,08;32,28;1,8
14/03/2016;BARRA 3 KG;5,41;57,54;31,83;1,52
14/03/2016;BARRA 3 KG;5,56;56,54;30,6;1,82
14/03/2016;1 KG;5,58;56,32;30,9;1,63
14/03/2016;BARRA 3 KG;5,49;57,06;31,42;1,72
14/03/2016;3 KG;5,51;57,97;30,78;1,89
14/03/2016;3 KG;5,47;57,72;30,93;1,74
14/03/2016;1 KG;5,47;57,36;31,04;1,51
14/03/2016;BARRA 3 KG;5,47;57,08;31,18;1,25
14/03/2016;BARRA 3 KG;5,5;57,97;32,56;1,98
14/03/2016;BARRA 3 KG;5,45;58,07;31,42;1,51
14/03/2016;BARRA 3 KG;5,78;56,78;31,66;1,72
14/03/2016;1 KG;5,5;58,05;31,43;1,37
14/03/2016;BARRA 3 KG;5,48;58,47;31,9;1,13
14/03/2016;BARRA 3 KG;5,46;57,15;31,48;1,66
14/03/2016;BARRA 3 KG;5,51;57,79;31,89;1,2
15/03/2016;BARRA 4.2 KG;5,37;57,82;30,84;1,17
15/03/2016;BARRA 4.2 KG;5,42;58,34;31,18;1,14
15/03/2016;BARRA 4.2 KG;5,45;56,61;30;1,19
15/03/2016;BARRA 4.2 KG;5,44;58,54;31,67;1,06
17/03/2016;BARRA 3 KG;5,45;57,52;31,1;1,37
17/03/2016;3 KG;5,34;57,63;30,97;1,16
17/03/2016;BARRA 3 KG;5,36;58,56;31,52;1,53
17/03/2016;BARRA 3 KG;5,37;57,38;30,59;1,43
17/03/2016;BARRA 3 KG;5,48;57,07;30,08;1,18
17/03/2016;BARRA 3 KG;5,41;57,5;30,64;1,59
17/03/2016;BARRA 3 KG;5,35;56,94;30,26;1,39
17/03/2016;BARRA 3 KG;5,33;56,77;30,4;1,97
17/03/2016;BARRA 3 KG;5,47;56,91;30,54;1,42
17/03/2016;BARRA 3 KG;5,42;57,33;30,11;1,86
17/03/2016;BARRA 3 KG;5,43;57,48;30,85;1,5
17/03/2016;BARRA 3 KG;5,32;58,11;31,08;1,39
17/03/2016;BARRA 3 KG;5,43;57,48;30,93;1,56
17/03/2016;500 G;5,57;58,64;30,34;1,68
17/03/2016;BARRA 3 KG;5,39;57,81;31;1,46
17/03/2016;BARRA 3 KG;5,35;56,87;29,58;1,93
17/03/2016;BARRA 3 KG;5,22;57,49;31,29;1,51
18/03/2016;BARRA 4.2 KG;5,38;58,3;31,83;1,58
18/03/2016;BARRA 4.2 KG;5,28;57,59;30,82;1,29
18/03/2016;3 KG;5,52;57,22;31,47;1,81
18/03/2016;3 KG;5,4;59,06;33,17;1,1
18/03/2016;3 KG;5,47;58,28;31,95;1,5
18/03/2016;3 KG;5,41;58,05;31,73;1,06
18/03/2016;3 KG;5,55;58,6;32,97;1,48
18/03/2016;3 KG;5,45;58,92;32,53;1,27
18/03/2016;BARRA 4.2 KG;5,42;57,67;30,56;1,56
18/03/2016;3 KG;5,49;58,63;32,07;1,29
18/03/2016;BARRA 4.2 KG;5,48;57,74;31,27;1,32
18/03/2016;3 KG;5,4;57,73;31,84;1,51
21/03/2016;1 KG;5,57;58,46;31,29;1,58
21/03/2016;BARRA 3 KG;5,41;58,78;32,93;1,08
21/03/2016;BARRA 3 KG;5,54;57,89;32,11;1,51
21/03/2016;BARRA 3 KG;5,6;58,28;32,1;1,2
21/03/2016;BARRA 3 KG;5,56;57,27;31,45;2,02
21/03/2016;BARRA 3 KG;5,49;58,62;32,14;1,03
21/03/2016;BARRA 3 KG;5,46;57,1;31,2;1,59
21/03/2016;BARRA 3 KG;5,52;57,85;32,5;1,32
21/03/2016;1 KG;5,6;56,57;29,59;2,06
21/03/2016;BARRA 3 KG;5,51;58,67;32,69;1,05
21/03/2016;BARRA 3 KG;5,53;58,69;32,52;1,1
22/03/2016;BARRA 3 KG;5,37;57,73;30,86;1,55
22/03/2016;BARRA 3 KG;5,46;56,8;30,93;1,49
22/03/2016;BARRA 3 KG;5,35;58,01;31,7;1,06
22/03/2016;BARRA 3 KG;5,46;58,31;31,66;1,27
22/03/2016;BARRA 3 KG;5,46;57,28;31,65;1,42
22/03/2016;BARRA 3 KG;5,45;57,44;31,2;1,71
22/03/2016;BARRA 3 KG;5,42;58,38;31,69;1,44
22/03/2016;500 G;5,56;56,91;30,34;1,51
22/03/2016;BARRA 3 KG;5,44;59,04;31,92;1,15
25/03/2016;BARRA 4.2 KG;5,38;57,26;30,46;1,34
25/03/2016;BARRA 4.2 KG;5,37;57,11;30,73;1,27
25/03/2016;BARRA 4.2 KG;5,36;56,42;29,96;0,81
25/03/2016;BARRA 4.2 KG;5,47;58,26;31,35;1,22
28/03/2016;3 KG;5,43;57,15;31,53;1,67
28/03/2016;BARRA 3 KG;5,36;57,59;30,75;1,63
28/03/2016;BARRA 3 KG;5,53;57,19;30,92;1,98
28/03/2016;3 KG;5,43;58,05;31,91;1,33
28/03/2016;3 KG;5,4;58,57;32,34;1,55
28/03/2016;3 KG;5,45;58,45;31,96;1,08
28/03/2016;BARRA 3 KG;5,46;58,45;32,02;1,54
28/03/2016;BARRA 3 KG;5,4;57,53;31,21;1,65
28/03/2016;BARRA 3 KG;5,44;57,07;30,77;1,56
28/03/2016;3 KG;5,38;57,35;31,49;1,47
28/03/2016;3 KG;5,32;57,74;31,54;1,52
28/03/2016;BARRA 3 KG;5,44;58,09;31,91;1,64
28/03/2016;3 KG;5,35;57,44;31,3;1,52
28/03/2016;BARRA 3 KG;5,4;58,16;32,11;1,72
28/03/2016;BARRA 3 KG;5,38;57,6;30,91;1,89
28/03/2016;3 KG;5,31;55,84;30,47;1,96
29/03/2016;BARRA 4.2 KG;5,42;56,69;31,14;1,58
29/03/2016;BARRA 4.2 KG;5,44;57,88;31,75;1,41
29/03/2016;BARRA 4.2 KG;5,38;57,59;31,38;1,71
30/03/2016;BARRA 3 KG;5,56;57,77;31,33;1,89
30/03/2016;BARRA 3 KG;5,52;57,33;31,18;1,87
30/03/2016;BARRA 3 KG;5,48;56,82;30,99;1,94
30/03/2016;500 G;5,69;55,55;29,34;1,83
30/03/2016;BARRA 3 KG;5,61;57,38;31,13;1,56
30/03/2016;BARRA 3 KG;5,57;58,4;32,01;1,63
30/03/2016;BARRA 3 KG;5,56;57,21;30,79;1,92
30/03/2016;BARRA 3 KG;5,55;58,63;31,91;1,83
30/03/2016;BARRA 3 KG;5,6;56,92;31,01;1,77
01/04/2016;BARRA 4.2 KG;5,24;58,71;31,8;1,45
01/04/2016;BARRA 4.2 KG;5,22;58,06;31,08;1,47
01/04/2016;BARRA 4.2 KG;5,24;57,99;31,32;1,25
04/04/2016;BARRA 3 KG;5,37;56,76;30,58;1,52
04/04/2016;1 KG;5,48;56,48;29,83;1,63
04/04/2016;3 KG;5,5;56,82;31,01;1,64
04/04/2016;1 KG;5,47;55,89;29,88;1,69
04/04/2016;BARRA 3 KG;5,43;57,59;31,7;1,92
04/04/2016;BARRA 3 KG;5,46;57,09;30,98;1,54
04/04/2016;BARRA 3 KG;5,49;58,05;32,22;1,5
04/04/2016;BARRA 3 KG;5,48;56,9;30,71;1,65
04/04/2016;3 KG;5,46;57,77;31,82;1,14
04/04/2016;3 KG;5,42;57,88;31,95;1,15
04/04/2016;BARRA 3 KG;5,38;56,7;29,91;1,58
04/04/2016;3 KG;5,28;57,57;32,19;1,26
04/04/2016;BARRA 3 KG;5,49;57,06;31,39;1,74
04/04/2016;3 KG;5,46;56,98;31,09;1,69
04/04/2016;3 KG;5,45;56,23;30,88;1,53
04/04/2016;1 KG;5,53;57,51;31,1;1,25
04/04/2016;BARRA 3 KG;5,45;57,2;30,63;1,65
04/04/2016;BARRA 3 KG;5,46;57,72;31,06;1,61
04/04/2016;3 KG;5,5;56,71;30,8;1,89
04/04/2016;3 KG;5,46;56,32;30,81;1,33
04/04/2016;3 KG;5,49;56;30,64;1,64
07/04/2016;BARRA 3 KG;5,4;58,36;31,41;1,52
07/04/2016;BARRA 3 KG;5,47;57,19;30,71;1,78
07/04/2016;500 G;5,43;59,06;31,29;0,97
07/04/2016;BARRA 3 KG;5,38;58,14;31,19;1,2
08/04/2016;BARRA 4.2 KG;5,26;58,61;32,19;1,5
08/04/2016;BARRA 4.2 KG;5,39;58,99;32,75;1,69
11/04/2016;3 KG;5,54;57,2;31,28;1,2
11/04/2016;3 KG;5,5;57,99;31,15;1,29
11/04/2016;3 KG;5,39;58,3;31,48;1,43
11/04/2016;3 KG;5,41;57,1;31,27;1,94
11/04/2016;3 KG;5,47;57,55;31,24;1,58
11/04/2016;3 KG;5,44;56,4;30,46;1,75
12/04/2016;BARRA 4.2 KG;5,49;57,02;31,6;1,3
12/04/2016;BARRA 4.2 KG;5,5;58,49;32,22;1,2
12/04/2016;BARRA 4.2 KG;5,49;57,51;31,54;1,8
12/04/2016;BARRA 4.2 KG;5,47;58,16;32,09;1,26
13/04/2016;BARRA 3 KG;5,47;57,75;31,03;1,41
13/04/2016;BARRA 3 KG;5,5;56,96;30,88;1,95
13/04/2016;500 G;5,6;58,44;31,78;1,2
13/04/2016;BARRA 3 KG;5,45;59,6;32,35;1,38
13/04/2016;BARRA 3 KG;5,56;57,54;31,21;1,64
13/04/2016;BARRA 3 KG;5,49;57,96;31,29;1,85
13/04/2016;BARRA 3 KG;5,42;58,15;31,56;1,66
13/04/2016;BARRA 3 KG;5,48;57,75;31,13;1,46
13/04/2016;BARRA 3 KG;5,39;57,4;30,86;1,43
13/04/2016;BARRA 3 KG;5,49;58,25;31,48;1,8
13/04/2016;BARRA 3 KG;5,45;56,75;30,31;1,46
15/04/2016;BARRA 4.2 KG;5,21;57,63;30,1;1,15
15/04/2016;BARRA 4.2 KG;5,29;58,09;31,29;0,56
15/04/2016;BARRA 4.2 KG;5,28;57,62;31,09;0,67
15/04/2016;BARRA 4.2 KG;5,23;59,44;31,76;1,01
18/04/2016;3 KG;5,45;57,87;30,97;1,76
18/04/2016;1 KG;5,6;57,78;31,71;1,13
18/04/2016;1 KG;5,51;58,05;31,77;1,13
18/04/2016;3 KG;5,42;57,17;30,98;1,9
18/04/2016;3 KG;5,43;57,69;31,3;1,77
18/04/2016;3 KG;5,47;58,07;31,87;1,56
18/04/2016;3 KG;5,48;57;30,73;1,82
18/04/2016;3 KG;5,45;57,67;31,25;1,53
18/04/2016;3 KG;5,46;58,06;31,65;1,69
18/04/2016;3 KG;5,56;56,23;30,42;2
18/04/2016;1 KG;5,64;57,7;31,3;1,12
19/04/2016;BARRA 4.2 KG;5,32;58,07;30,56;1,57
19/04/2016;BARRA 4.2 KG;5,38;56,39;30,37;1,3
19/04/2016;BARRA 4.2 KG;5,41;58,05;31,44;1,18
19/04/2016;BARRA 4.2 KG;5,51;58,07;31,48;1,04
20/04/2016;BARRA 3 KG;5,43;58,06;31,12;1,2
20/04/2016;BARRA 3 KG;5,39;57,5;31,59;1,37
20/04/2016;500 G;5,47;57,8;31;1,21
20/04/2016;BARRA 3 KG;5,42;57,33;31,41;1,87
20/04/2016;BARRA 3 KG;5,38;58,15;31,98;1,16
20/04/2016;BARRA 3 KG;5,51;57,54;31,58;1,22
20/04/2016;BARRA 3 KG;5,5;57,83;31,99;1,37
20/04/2016;BARRA 3 KG;5,35;58,37;31,69;1,44
20/04/2016;BARRA 3 KG;5,41;59,1;32,72;1,18
20/04/2016;BARRA 3 KG;5,42;57,27;30,63;1,59
22/04/2016;BARRA 4.2 KG;5,32;58,17;32,13;1,56
22/04/2016;BARRA 4.2 KG;5,52;59,33;31,95;1,13
22/04/2016;BARRA 4.2 KG;5,51;58,29;31,88;1,28
22/04/2016;BARRA 4.2 KG;5,46;58,19;31,63;1,39
22/04/2016;BARRA 4.2 KG;5,5;59,58;32,25;1,23
25/04/2016;1 KG;5,56;56,86;30,89;1,72
25/04/2016;3 KG;5,43;57,3;30,41;1,28
25/04/2016;3 KG;5,36;58,4;31,58;1,21
25/04/2016;3 KG;5,38;58,21;31,33;1,26
25/04/2016;3 KG;5,34;57,27;30,5;1,59
25/04/2016;1 KG;5,39;58,27;31,25;0,95
25/04/2016;3 KG;5,32;57,02;30,51;1,63
25/04/2016;3 KG;5,29;58,79;32,11;1,22
25/04/2016;3 KG;5,45;56,59;30,91;1,95
25/04/2016;1 KG;5,65;56,54;30,65;1,39
28/04/2016;BARRA 3 KG;5,38;57,89;31,72;1,34
28/04/2016;500 G;5,6;56,32;29,23;0,97
28/04/2016;BARRA 3 KG;5,46;58,21;31,74;1,48
28/04/2016;BARRA 3 KG;5,49;58,2;32,04;1,25
28/04/2016;BARRA 3 KG;5,36;57,17;30,95;1,26
28/04/2016;BARRA 3 KG;5,38;57,15;30,81;1,77
28/04/2016;BARRA 3 KG;5,47;57,22;31,58;1,9
28/04/2016;BARRA 3 KG;5,42;58,76;32,24;1,16
28/04/2016;500 G;5,43;60,54;32,18;0,95
28/04/2016;BARRA 3 KG;5,4;57,87;31,8;1,23
28/04/2016;BARRA 3 KG;5,38;57,9;32,17;1,17
28/04/2016;BARRA 3 KG;5,42;57,7;32,19;1,9
29/04/2016;BARRA 4.2 KG;5,31;57,11;30,64;1,24
29/04/2016;BARRA 4.2 KG;5,36;57,22;30,72;1,14
29/04/2016;BARRA 4.2 KG;5,3;57,51;30,8;1,31
29/04/2016;BARRA 4.2 KG;5,34;59,93;31,79;1,21
29/04/2016;BARRA 4.2 KG;5,35;59,53;31,98;1,43
02/05/2016;BARRA 3 KG;5,47;56,77;30,38;1,64
02/05/2016;3 KG;5,4;56,21;31,33;1,63
02/05/2016;3 KG;5,4;57,97;32,13;1,7
02/05/2016;BARRA 3 KG;5,46;57,41;31,47;1,81
02/05/2016;BARRA 3 KG;5,44;56,63;30,15;1,58
02/05/2016;3 KG;5,38;57,94;32,58;1,1
02/05/2016;BARRA 3 KG;5,51;58,06;31,78;1,4
02/05/2016;1 KG;5,77;57,55;31,23;1,43
02/05/2016;BARRA 3 KG;5,39;58,12;31,5;1,21
02/05/2016;1 KG;5,54;56,71;29,97;1,76
02/05/2016;BARRA 3 KG;5,44;57,6;31,33;1,58
02/05/2016;3 KG;5,41;58,66;32,5;0,98
02/05/2016;BARRA 3 KG;5,47;56,85;30,71;1,54
02/05/2016;BARRA 3 KG;5,45;56,79;30,55;1,9
02/05/2016;BARRA 3 KG;5,43;57,31;31,09;1,42
02/05/2016;BARRA 3 KG;5,39;57,24;30,94;1,89
02/05/2016;3 KG;5,39;57,41;31,6;1,94
04/05/2016;BARRA 3 KG;5,43;57,82;31,6;1,57
04/05/2016;500 G;5,41;58,3;31,15;1,25
04/05/2016;BARRA 3 KG;5,38;58,01;31,45;1,84
04/05/2016;BARRA 3 KG;5,41;58,11;31,77;1,72
04/05/2016;BARRA 3 KG;5,37;56,84;30,81;1,91
04/05/2016;500 G;5,42;57,5;30,92;1,1
04/05/2016;500 G;5,37;57,84;30,78;1,18
04/05/2016;BARRA 3 KG;5,39;57,94;31,57;1,62
04/05/2016;BARRA 3 KG;5,39;57,85;31,3;1,6
06/05/2016;BARRA 4.2 KG;5,41;56,69;30,79;1,12
06/05/2016;BARRA 4.2 KG;5,35;57,54;30,81;1,16
09/05/2016;BARRA 3 KG;5,35;57,91;32,37;1,18
09/05/2016;1 KG;5,34;56,74;31,02;1,53
09/05/2016;BARRA 3 KG;5,43;57,13;31,89;1,53
09/05/2016;BARRA 3 KG;5,48;56,36;31;1,73
09/05/2016;3 KG;5,35;56,66;30,67;1,74
09/05/2016;BARRA 3 KG;5,33;57,47;32,29;1,59
09/05/2016;1 KG;5,47;57,61;31,69;1,21
09/05/2016;3 KG;5,28;59,1;32,28;1,29
09/05/2016;BARRA 3 KG;5,52;57,14;31,17;1,51
09/05/2016;BARRA 3 KG;5,32;57,4;31,85;1,89
09/05/2016;3 KG;5,38;57,75;31,45;1,34
09/05/2016;BARRA 3 KG;5,46;57,28;31,18;1,8
09/05/2016;3 KG;5,27;57,42;31,07;1,75
09/05/2016;BARRA 3 KG;5,49;57,27;31,77;1,57
09/05/2016;3 KG;5,35;57,18;31,16;1,73
09/05/2016;BARRA 3 KG;5,29;57,59;31,94;1,48
10/05/2016;BARRA 4.2 KG;5,36;57,98;32,02;1,24
10/05/2016;BARRA 4.2 KG;5,43;58,89;32,57;1,41
12/05/2016;BARRA 3 KG;5,43;56,7;30,56;1,58
12/05/2016;BARRA 3 KG;5,48;55,32;29,73;1,77
12/05/2016;3 KG;5,46;57,38;30,65;1,56
12/05/2016;3 KG;5,42;57,52;31,38;1,31
12/05/2016;BARRA 3 KG;5,46;57,31;31,43;1,85
12/05/2016;3 KG;5,41;57,06;30,66;1,52
12/05/2016;3 KG;5,56;57,89;31,37;1,3
13/05/2016;BARRA 4.2 KG;5,3;57,65;31,51;1,3
13/05/2016;BARRA 4.2 KG;5,4;57,63;31,53;1,39
13/05/2016;BARRA 4.2 KG;5,38;58,16;32,2;1,25
13/05/2016;BARRA 4.2 KG;5,4;57,71;31,85;1,15
16/05/2016;BARRA 3 KG;5,4;57,67;31,72;1,67
16/05/2016;3 KG;5,32;56,81;30,88;1,42
16/05/2016;BARRA 3 KG;5,48;57,72;32,14;1,56
16/05/2016;3 KG;5,49;57,4;31,92;1,14
16/05/2016;3 KG;5,49;57,26;31,84;1,38
16/05/2016;BARRA 3 KG;5,35;57,44;31,49;1,62
16/05/2016;3 KG;5,46;57,59;32,44;1,52
16/05/2016;BARRA 3 KG;5,4;57,48;31,11;1,62
16/05/2016;3 KG;5,37;56,85;30,78;1,79
16/05/2016;BARRA 3 KG;5,36;57,49;31,63;1,58
16/05/2016;3 KG;5,36;57,24;30,84;1,57
16/05/2016;3 KG;5,3;57,39;31,27;1,35
16/05/2016;3 KG;5,4;57,46;31,48;1,58
16/05/2016;BARRA 3 KG;5,4;58,29;32,49;1,56
16/05/2016;BARRA 3 KG;5,47;56,77;30,96;1,76
16/05/2016;BARRA 3 KG;5,36;57,7;31,78;1,55
16/05/2016;3 KG;5,49;57,7;32,08;1,49
16/05/2016;1 KG;5,47;58,39;32,29;1,28
16/05/2016;BARRA 3 KG;5,43;57,96;31,9;1,38
16/05/2016;1 KG;5,46;57,86;31,07;1,21
16/05/2016;BARRA 3 KG;5,49;57,59;31,58;1,57
16/05/2016;3 KG;5,32;58,42;32,38;1,43
16/05/2016;3 KG;5,32;56,64;30,4;1,84
17/05/2016;BARRA 4.2 KG;5,49;57,61;31,6;1,12
18/05/2016;BARRA 3 KG;5,47;59,46;33,57;1,1
18/05/2016;BARRA 3 KG;5,45;59,72;34,67;1,41
18/05/2016;BARRA 3 KG;5,47;57,26;32,33;1,1
18/05/2016;BARRA 3 KG;5,46;56,83;31,77;1,21
18/05/2016;BARRA 3 KG;5,4;57,28;32,3;1,16
18/05/2016;500 G;5,58;58,94;31,77;1,12
18/05/2016;BARRA 3 KG;5,41;57,81;32,47;1,3
18/05/2016;BARRA 3 KG;5,56;59,09;33,77;1,06
18/05/2016;BARRA 3 KG;5,43;58,6;33,48;1,08
20/05/2016;3 KG;5,28;58,77;32,9;1,36
20/05/2016;3 KG;5,35;58,97;33,27;1,23
20/05/2016;BARRA 4.2 KG;5,3;59,17;33,19;1,23
20/05/2016;3 KG;5,3;57,79;32,37;1,31
20/05/2016;BARRA 4.2 KG;5,36;59,48;33,35;1,23
23/05/2016;1 KG;5,46;59,71;31,92;0,92
23/05/2016;3 KG;5,33;57,58;31,23;1,15
23/05/2016;3 KG;5,51;57,17;31,18;1,44
23/05/2016;3 KG;5,33;57,8;31,35;1,41
23/05/2016;3 KG;5,41;58,6;31,93;1,53
23/05/2016;3 KG;5,34;57,18;30,5;1,56
23/05/2016;3 KG;5,34;57,56;31,4;1,54
23/05/2016;3 KG;5,37;57,89;31,51;1,3
23/05/2016;1 KG;5,43;56,95;30,39;1,5
23/05/2016;3 KG;5,35;57,75;31,14;1,19
23/05/2016;3 KG;5,31;57,53;31,03;0,44
23/05/2016;3 KG;5,43;56,76;30,56;1,7
25/05/2016;BARRA 3 KG;5,54;56,8;30,72;1,6
25/05/2016;BARRA 3 KG;5,46;57,83;31,61;1,59
25/05/2016;BARRA 3 KG;5,56;58,2;31,93;1,51
25/05/2016;BARRA 3 KG;5,54;57,46;31,64;1,75
25/05/2016;BARRA 3 KG;5,45;58,02;31,67;1,56
25/05/2016;BARRA 3 KG;5,44;57,52;31,65;1,66
25/05/2016;BARRA 3 KG;5,5;57,05;31,2;1,79
25/05/2016;BARRA 3 KG;5,53;57,35;31,72;1,69
25/05/2016;BARRA 3 KG;5,47;56,77;30,91;1,19
25/05/2016;BARRA 3 KG;5,52;57,72;31,47;1,68
25/05/2016;BARRA 3 KG;5,54;58,35;32,78;1,58
25/05/2016;500 G;5,59;57,38;31,35;1,19
25/05/2016;BARRA 3 KG;5,49;57,68;31,87;1,45
25/05/2016;500 G;5,58;57,92;31,49;1,38
25/05/2016;BARRA 3 KG;5,49;56,95;31,02;1,51
27/05/2016;BARRA 4.2 KG;5,41;57,09;30,78;1,26
27/05/2016;BARRA 4.2 KG;5,51;57,67;30,62;1,52
27/05/2016;BARRA 4.2 KG;5,46;58,8;31,77;1,42
27/05/2016;BARRA 4.2 KG;5,45;58,43;31,69;1,3
30/05/2016;3 KG;5,46;58,23;31,86;1,43
30/05/2016;3 KG;5,41;57,9;31,65;1,32
30/05/2016;3 KG;5,51;57,31;31,55;1,34
30/05/2016;3 KG;5,46;57,33;31,37;1,51
30/05/2016;3 KG;5,49;58,63;32,38;1,08
30/05/2016;3 KG;5,44;56,48;30,72;1,8
01/06/2016;BARRA 3 KG;5,39;57,7;31,94;1,3
01/06/2016;BARRA 3 KG;5,5;56,83;30,64;1,65
01/06/2016;BARRA 3 KG;5,43;57,42;31,54;1,8
01/06/2016;BARRA 3 KG;5,44;57,7;30,99;1,28
01/06/2016;BARRA 3 KG;5,43;56,97;30,37;1,56
01/06/2016;BARRA 3 KG;5,42;57,05;30,99;1,66
01/06/2016;BARRA 3 KG;5,52;56,35;30,85;1,93
01/06/2016;BARRA 3 KG;5,57;56,71;31,27;1,88
01/06/2016;BARRA 3 KG;5,47;57,57;32,05;1,21
01/06/2016;BARRA 3 KG;5,46;57,59;31,63;1,21
01/06/2016;BARRA 3 KG;5,51;58,48;31,99;1,78
01/06/2016;BARRA 3 KG;5,53;57,19;31,39;1,32
02/06/2016;500 G;5,55;58,55;31,84;1,01
03/06/2016;BARRA 4.2 KG;5,28;58,35;30,86;1,14
03/06/2016;BARRA 4.2 KG;5,4;59,05;31,79;1,1
03/06/2016;BARRA 4.2 KG;5,24;57,66;30,49;1,16
03/06/2016;BARRA 4.2 KG;5,37;58,2;31,16;1,14
06/06/2016;1 KG;5,6;57,9;31,69;0,99
06/06/2016;3 KG;5,42;58,06;32,53;1,08
06/06/2016;3 KG;5,39;57,18;32,11;1,86
06/06/2016;1 KG;5,51;57,16;31,21;1,21
06/06/2016;3 KG;5,41;58,42;32,63;1,2
06/06/2016;3 KG;5,41;57,6;32,38;1,26
08/06/2016;500 G;5,51;55,66;30,14;0,98
08/06/2016;BARRA 3 KG;5,46;57,74;32,61;1,18
08/06/2016;BARRA 3 KG;5,42;57,31;31,89;1,34
08/06/2016;500 G;5,52;57,5;31,43;0,95
08/06/2016;BARRA 3 KG;5,35;58,31;32,73;1,5
08/06/2016;BARRA 3 KG;5,36;57,25;32,43;1,79
08/06/2016;BARRA 3 KG;5,43;57,57;32,33;1,11
08/06/2016;BARRA 3 KG;5,49;57,78;32,51;1,18
08/06/2016;BARRA 3 KG;5,29;58,39;32,96;1,09
08/06/2016;BARRA 3 KG;5,45;58,49;33,38;1,39
08/06/2016;BARRA 3 KG;5,31;58,02;32,79;1,09
08/06/2016;BARRA 3 KG;5,51;56,55;31,97;1,54
08/06/2016;BARRA 3 KG;5,46;57,01;31,51;1,36
08/06/2016;BARRA 3 KG;5,46;58,24;33,08;1,6
08/06/2016;BARRA 3 KG;5,48;57,62;32,39;1,14
10/06/2016;BARRA 4.2 KG;5,35;58,4;32,66;1,03
10/06/2016;BARRA 4.2 KG;5,32;57,77;32,08;1,12
13/06/2016;3 KG;5,37;57,81;32,19;1,1
13/06/2016;3 KG;5,39;57,72;31,94;1,35
13/06/2016;3 KG;5,44;58,28;32,46;1,13
13/06/2016;3 KG;5,41;57,99;32,57;1,5
13/06/2016;3 KG;5,37;58,15;32,35;1,13
13/06/2016;1 KG;5,43;57,13;31,38;1,25
13/06/2016;3 KG;5,37;59,17;32,54;1,32
13/06/2016;1 KG;5,45;57,17;30,73;1,31
14/06/2016;BARRA 4.2 KG;5,38;56,47;30,84;1,53
15/06/2016;1 KG;5,42;55,44;29,78;1,44
15/06/2016;BARRA 3 KG;5,42;32,65;20,62;1,22
15/06/2016;1 KG;5,5;57,11;30,57;1,25
15/06/2016;BARRA 3 KG;5,41;57,13;31,7;1,25
15/06/2016;BARRA 3 KG;5,35;57,25;32,06;1,64
15/06/2016;BARRA 3 KG;5,4;57,48;32,03;1,4
15/06/2016;1 KG;5,57;56,12;29,21;1,54
15/06/2016;BARRA 3 KG;5,39;56,84;31,26;1,54
15/06/2016;BARRA 3 KG;5,61;56,82;31,47;1,67
15/06/2016;BARRA 3 KG;5,43;57,81;31,58;1,16
15/06/2016;BARRA 3 KG;5,41;57,68;31,87;1,3
15/06/2016;BARRA 3 KG;5,52;57,25;32,04;1,46
15/06/2016;BARRA 3 KG;5,61;57,04;31,57;1,81
15/06/2016;BARRA 3 KG;5,43;57,36;31,77;1,27
15/06/2016;BARRA 3 KG;5,42;57,82;32,35;1,28
15/06/2016;BARRA 3 KG;5,56;57,79;32,2;1,38
15/06/2016;BARRA 3 KG;5,39;58,28;32,54;1,03
