fecha;receta;litros_past;est_past;mg_past;mp_past;kg_cuba;est_cuba;mg_cuba;mp_cuba;formato;est_salida_salmuera;mg_salida_salmuera;ph_salida_salmuera;peso_queso_total;sal_queso
23/02/2022;bajo mg;12380;10,76;2,58;3,55;12860,51;10,28;2,46;3,38;3 kg;50,85;20,34;5,44;1419,3;1,47
01/03/2022;bajo mg;13080;11,09;2,59;3,6;13867,37;10,41;2,47;3,43;barra;52,1;21,15;5,34;1536;1,17
08/03/2022;bajo mg;10700;10,7;2,48;3,45;11638,92;9,98;2,36;3,28;3 kg;50,26;19,97;5,34;1210,5;1,95
29/03/2022;bajo mg;12680;11,27;2,56;3,5;13011,79;10,22;2,44;3,33;3 kg;50,67;20,1;5,39;1385;1,8
05/04/2022;bajo mg;14590;11,05;2,52;3,5;14508,35;10,26;2,4;3,33;3 kg;50,04;20,98;5,22;1633;1,49
12/04/2022;bajo mg;14590;11,3;2,67;3,66;14665,92;10,77;2,55;3,49;3 kg;54,14;20,27;5,43;1465;1,74
19/04/2022;bajo mg;12830;10,09;2,52;3,5;12877,99;9,63;2,4;3,33;3 kg;49,48;20,17;5,44;1354;1,16
29/04/2022;bajo mg;15410;10,64;2,6;3,44;15663,47;10,16;2,48;3,27;3 kg;45,1;19,6;5,41;1967;1,45
06/05/2022;bajo mg;15190;10,75;2,53;3,59;16025,31;10,42;2,41;3,42;3 kg;50,26;19,7;5,44;1714;1,77
25/05/2022;bajo mg;12370;10,35;2,57;3,51;13021,82;9,95;2,45;3,34;500 g;52,67;21,26;5,58;1322;1,76
11/03/2022;i+D;11930;16,98;5,01;4,43;12599,03;14;4,78;4,24;3 kg;58,67;30,89;5,36;1210;1
17/03/2022;i+D;9440;15,69;4,81;3,81;9633,75;12,55;4,58;3,62;barra;56,87;31,57;5,35;1071;1,93
13/04/2022;i+D;8950;16,04;5,05;4,1;9227,15;13,17;4,82;3,91;500 g;58,45;29,43;5,74;832;1,61
29/04/2022;i+D;15310;13,17;4,77;3,79;15709,1;12,45;4,54;3,6;barra;57,45;30,59;5,2;1918;1,44
20/05/2022;i+D;13970;13,5;4,53;3,73;14550,54;11,78;4,3;3,54;3 kg;58,39;32,52;5,2;1732;1,29
24/02/2022;mezcla;7440;13,29;5,15;4,09;7704,462;12,8;4,9;3,89;barra;59,42;32,13;5,4;1062,4;1,31
04/03/2022;mezcla;13420;14,22;5,45;4,31;14131,77;13,61;5,2;4,11;3 kg;52,65;28,8;5,44;2397;1,02
10/03/2022;mezcla;9420;13,51;5,01;3,98;10153,85;12,41;4,76;3,78;500 g;54,6;29,92;5,98;1439;1,79
15/03/2022;mezcla;14910;14,89;5,37;4,25;15397,16;13,47;5,12;4,05;barra;55,65;30,63;5,41;2414,3;1,13
18/03/2022;mezcla;14410;13,94;5,35;4,07;14642,42;12,99;5,1;3,87;barra;54,46;30,55;5,42;2250;1,51
10/05/2022;mezcla;14720;13,78;5,34;4,21;14707,58;13,32;5,09;4,01;3 kg;54,95;30,28;5,36;2300;1,2
10/05/2022;mezcla;13800;14,41;5,32;4,27;14047,38;13,4;5,07;4,07;barra;56,72;30,6;5,44;2157;1,76
17/05/2022;mezcla;12430;13,59;5,25;4,19;12698,69;13,33;5;3,99;barra;55,87;30,27;5,45;1909;1,48
24/05/2022;mezcla;12930;13,45;5,35;4,2;13592,29;13,38;5,1;4;barra;55,76;31,02;5,46;2028;1,57
25/05/2022;mezcla;9830;13,66;4,91;3,88;10046,51;12,36;4,66;3,68;500 g;54,5;29,56;5,54;1438;1,77
30/05/2022;mezcla;11990;13,66;5,22;4,12;12550,32;12,93;4,97;3,92;3 kg;48,7;26,2;5,41;2234;1,26
04/03/2022;oveja;11760;14,99;6,16;4,79;12344,19;14,37;5,86;4,55;barra;57,6;31,99;5,42;2051;
08/03/2022;oveja;13600;16,22;6,4;4,98;14268,52;15,04;6,1;4,74;barra;53,78;29,85;5,42;2656;1,32
15/03/2022;oveja;13670;16,33;6,38;5,08;14279,2;15,23;6,08;4,84;barra;56,02;30,82;5,41;2540;1,44
08/04/2022;oveja;10730;14,84;6,38;5,04;10994,12;14,85;6,08;4,8;barra;56,45;31;5,38;1951;1,56
19/04/2022;oveja;11800;16,31;6,42;5,15;12114,63;15,18;6,12;4,91;barra;54,84;30,07;5,46;2244;0,96
06/05/2022;oveja;11650;14,51;5,66;4,58;12171,48;13,61;5,36;4,34;barra;54,55;30,25;5,24;2002;1,67
17/05/2022;oveja;11000;15,19;5,95;4,8;11253,11;14,05;5,65;4,56;barra;57,95;31,6;5,5;1857;1,35
20/05/2022;oveja;10900;17,99;6,91;5,5;11287,58;16,26;6,61;5,26;barra;56,88;31,59;5,37;2193;1,34
20/05/2022;oveja;11310;16,53;6,07;4,65;11275,17;14,16;5,77;4,41;barra;56,25;30,87;5,39;1925;1,4
27/05/2022;oveja;11550;16,51;6,4;5,19;12425;15,1;6,1;4,95;barra;57,99;32,06;5,39;2195;1,2
01/03/2022;vaca;15350;12,542;4,2;3,076;15810,99;11,37;4,01;2,94;barra;55,94;29,5;5,41;1960;1,55
04/03/2022;vaca;14530;13,312;4,002;3,673;14989,74;13,25;3,79;3,45;barra;54,58;29,8;5,88;1888;1,77
25/03/2022;vaca;12633;12,856;3,889;3,372;13011,79;12,89;3,69;3,21;barra;54,1;30,63;5,48;1555;1,32
01/04/2022;vaca;15430;13,151;3,886;3,218;15946,8;11,88;3,71;3,02;barra;56,76;30,51;5,36;1750;1,36
08/04/2022;vaca;15930;13,103;4,022;3,396;16452,76;11,93;3,81;3,23;barra;55,63;30,01;5,31;1955;1,9
15/04/2022;vaca;14130;13,323;4,01;3,496;14584,98;12,55;3,84;3,32;barra;55,68;29,31;5,43;1640;1,17
22/04/2022;vaca;13990;12,506;3,881;3,266;14382,29;11,61;3,69;3,08;barra;54,13;29,34;5,46;1580;1,59
03/05/2022;vaca;13870;13,763;4,192;3,587;14315,49;13,96;3,96;3,44;barra;54,77;28,5;5,35;1806;1,25
13/05/2022;vaca;13470;13,235;4,36;3,187;13890;11,41;4,13;3,09;barra;54,85;30,05;5,4;1680;1,25
