fecha;receta;operador;litros_past;kg_cuba;mg_cuba;mp_cuba;lactosa_cuba;ph_cuajado;ph_inicio_moldeo_cuba;ph_final_moldeo_cuba;formato;ph_inicio_moldeo_queso;ph_inicio_desmoldeo_queso;ph_fin_desmoldeo_queso;tiempo_salado;mg_salida_salmuera;ph_salida_salmuera;EST salida salmuera;peso_queso_total;sal_queso
22/02/2016;receta 01;7.0;9020;9404.95;5.18;4.06;4.15;6.56;6.47;6.39;1 kg;6.33;5.66;5.3;7:25;31.03;5.66;56.85;8760.12;1.32
22/02/2016;receta 02;7.0;9830;10241.07;6.19;4.88;3.85;6.6;6.5;6.46;3 kg;6.45;5.86;5.48;16:22;29.8;5.42;56.36;6052.3;1.52
22/02/2016;receta 03;7.0;14330;15059.58;4.84;3.78;4.41;6.59;6.38;6.28;3 kg;6.3;5.26;5.11;16:20;30.95;5.45;57.84;12532.0;1.64
22/02/2016;receta 04;7.0;6780;7506.26;6.18;4.89;3.86;6.6;6.5;6.46;mini;6.39;5.82;5.66;8:25;;;;4437.5;
22/02/2016;receta 05;8.0;9520;10067.49;4.6;3.62;4.28;6.57;6.41;6.31;mini;6.2;5.64;5.16;7:15;31.54;5.4;57.47;14215.5;1.47
22/02/2016;receta 06;8.0;12530;13081.65;5.42;4.04;4.37;6.57;6.47;;3 kg;6.46;5.93;5.65;16:05;;;;8158.0;
23/02/2016;receta 07;7.0;11520;11993.7;4.81;3.45;4.4;6.6;6.45;6.3;barra 4,2 kg;6.15;5.25;;;32.78;5.51;57.59;11501.0;1.24
23/02/2016;receta 08;7.0;11630;12157.65;2.51;3.44;4.55;6.59;6.5;6.46;barra 4,2 kg;6.42;5.5;5.27;4:25;20.81;5.77;50.38;2797.3;1.53
23/02/2016;receta 09;7.0;12330;12860.51;2.46;3.38;4.44;6.6;6.5;6.46;3 kg;6.44;5.42;5.23;7:55;20.34;5.44;50.85;1419.3;1.47
23/02/2016;receta 10;7.0;11030;11678.22;4.66;3.66;4.05;6.58;6.42;6.3;barra 4,2 kg;6.29;5.3;5.1;39:15:00;31.48;5.49;56.86;5128.7;1.3
23/02/2016;receta 11;7.0;13530;13903.16;4.76;3.75;4.36;6.58;6.41;6.26;3 kg;6.3;5.34;5.16;16:00;30.71;5.35;56.03;17554.6;1.31
23/02/2016;receta 12;7.0;10730;11308.08;5.08;4.04;4.14;6.57;6.41;;barra 4,2 kg;6.27;5.2;5.05;;31.85;5.55;58.23;5098.1;1.3
23/02/2016;receta 13;8.0;11750;12548.0;5.35;3.98;4.23;6.57;6.33;6.2;barra 4,2 kg;6.34;5.8;5.59;14:20;32.86;5.7;56.85;6424.5;1.67
23/02/2016;receta 14;8.0;9890;10572.32;6.37;4.98;3.97;6.58;6.48;6.42;barra 4,2 kg;6.4;5.5;5.04;16:50;33.48;5.39;59.42;5527.0;1.3
24/02/2016;receta 15;7.0;9120;9768.79;5.06;3.99;4.16;6.55;6.45;6.37;1 kg;6.35;5.66;5.39;7:25;29.7;5.5;54.12;18381.0;1.96
24/02/2016;receta 15;7.0;9120;9686.63;5.49;4.31;4.48;6.55;6.45;6.38;1 kg;6.33;5.69;5.4;7:15;;;;9169.0;
24/02/2016;receta 16;7.0;9020;9450.37;5.03;3.89;4.56;6.59;6.41;6.36;barra 3 kg;6.2;5.13;4.9;40:00:00;31.16;5.39;58.19;17795.0;1.38
24/02/2016;receta 17;8.0;7900;8866.72;5.29;4.16;4.28;6.58;6.44;6.35;barra 3 kg;6.28;5.5;5.17;15:45;33.13;5.47;58.96;2566.0;1.56
24/02/2016;receta 17;5.0;7500;7500.0;4.9;3.89;4.01;6.61;6.44;6.35;barra 3 kg;6.27;5.37;5.2;13:53;32.13;5.4;57.42;1062.4;1.31
25/02/2016;receta 18;7.0;8510;9141.13;4.82;3.74;4.2;6.63;6.47;6.4;mini;6.35;5.7;5.42;3:50;31.06;5.61;57.24;3808.0;1.63
25/02/2016;receta 19;7.0;9020;9261.41;2.52;3.48;4.4;6.63;6.5;6.43;mini;6.38;5.8;5.48;4:10;19.81;;;3428.0;
25/02/2016;receta 02;7.0;11700;12311.0;6.19;4.87;4.66;6.62;6.5;6.46;3 kg;6.37;5.76;5.4;13:50;30.74;5.69;48.48;4929.0;1.93
25/02/2016;receta 06;7.0;12530;12995.0;5.28;3.99;4.44;6.59;6.48;6.42;3 kg;6.39;5.8;5.43;38:10:00;30.88;5.54;57.0;13009.0;1.95
25/02/2016;receta 20;7.0;8520;8835.0;4.52;3.17;4.34;6.59;6.45;6.4;mini;6.32;5.55;5.34;5:30;30.68;5.29;56.32;4436.0;1.24
25/02/2016;receta 21;7.0;8820;9189.41;5.02;4.0;4.03;6.6;6.51;6.45;mini;6.37;5.8;5.54;4:30;31.43;5.41;57.11;12240.0;1.27
25/02/2016;receta 22;;7500;7800.0;5.13;3.88;;6.58;6.49;6.42;mini;6.34;5.77;5.4;4:20;30.58;5.41;55.14;4029.0;1.87
26/02/2016;receta 07;7.0;11030;11485.57;4.93;3.42;4.48;6.6;6.47;6.37;barra 4,2 kg;6.28;5.42;5.27;15:35;0.0;0.0;0.0;7548.0;0.0
26/02/2016;receta 10;7.0;13030;13265.39;4.92;3.89;4.35;6.58;6.49;6.39;barra 4,2 kg;6.29;5.64;6.38;39:10:00;31.72;5.42;58.46;15044.0;1.73
26/02/2016;receta 23;7.0;14030;15085.08;6.32;4.88;4.18;6.6;6.5;6.49;3 kg;6.44;5.6;5.28;13:30;;;;5390.0;
26/02/2016;receta 11;7.0;13530;13790.46;4.82;3.82;4.37;6.58;6.38;6.24;3 kg;6.3;5.16;5.0;17:35;31.33;5.24;57.53;10250.0;1.86
26/02/2016;receta 24;8.0;12030;12803.6;5.3;4.14;4.26;6.56;6.47;6.45;mini;6.35;5.95;5.53;16:45;30.5;5.4;56.48;6240.0;2.44
26/02/2016;receta 12;8.0;12030;12710.42;5.23;4.14;4.26;6.57;6.5;6.46;barra 4,2 kg;;5.65;5.31;16:45;31.34;5.44;57.56;14558.0;2.03
26/02/2016;receta 25;8.0;13030;13640.36;4.75;3.77;4.32;6.58;6.35;6.22;barra 4,2 kg;;5.25;5.1;15:20;;;;3591.0;
26/02/2016;receta 14;8.0;11530;12261.51;6.14;4.89;3.94;6.63;6.48;6.41;barra 4,2 kg;;5.7;5.4;15:50;30.62;5.52;58.09;6155.0;1.69
29/02/2016;receta 26;5.0;8830;9237.41;4.65;3.65;4.23;6.57;6.41;6.35;1 kg;6.31;5.48;5.28;8:05;30.47;5.43;57.6;3673.0;1.68
29/02/2016;receta 16;5.0;8830;9277.82;4.93;3.85;4.45;6.57;6.4;6.33;barra 3 kg;6.27;5.34;5.05;;32.46;5.51;58.49;10503.0;1.75
29/02/2016;receta 16;5.0;8830;9174.15;4.5;3.55;4.11;6.57;6.42;6.35;barra 3 kg;6.25;5.28;5.04;;31.06;5.62;56.19;30.0;1.73
29/02/2016;receta 02;5.0;9160;9217.12;6.55;5.18;4.23;6.55;6.48;6.4;3 kg;6.4;5.55;5.36;;29.54;5.31;56.86;14211.0;1.83
29/02/2016;receta 27;6.0;8630;9197.32;4.57;3.61;4.22;6.53;6.38;;mini;6.22;5.25;508.0;6:25;32.64;5.29;59.04;5140.0;1.16
29/02/2016;receta 03;6.0;12000;12000.0;4.78;3.72;4.39;6.59;6.35;6.22;3 kg;6.31;5.23;5.06;16:30;31.51;5.42;57.17;15964.0;1.18
29/02/2016;receta 06;6.0;11530;11945.0;5.44;4.05;4.24;6.51;6.39;6.3;3 kg;6.37;5.76;5.38;19:15;31.97;5.39;57.31;8107.7;1.63
01/03/2016;receta 10;5.0;9620;10313.67;4.64;3.67;4.27;6.55;6.42;6.35;barra 4,2 kg;6.3;5.37;5.2;11:55;31.73;5.46;58.44;10312.0;1.26
01/03/2016;receta 09;5.0;13030;13867.37;2.47;3.43;4.51;6.6;6.48;6.4;3 kg;6.33;5.49;5.3;5:20;21.15;5.34;53.32;1536.0;1.17
01/03/2016;receta 08;5.0;13030;13721.55;2.63;3.64;4.88;6.58;6.48;6.4;barra 4,2 kg;6.37;5.7;5.49;4:35;19.91;5.52;49.71;16234.6;1.55
01/03/2016;receta 02;5.0;8530;9171.78;6.18;4.94;3.9;6.62;6.47;6.41;3 kg;6.4;5.44;5.35;38:20:00;32.08;5.44;59.51;3033.0;1.02
01/03/2016;receta 11;5.0;12530;13083.23;4.84;3.84;4.49;6.57;6.36;6.2;3 kg;6.25;5.13;4.95;15:10;32.11;5.25;58.84;21863.0;1.32
01/03/2016;receta 07;6.0;14030;14532.38;4.68;3.35;4.39;6.59;6.43;6.33;barra 4,2 kg;6.35;5.3;5.1;15:15;32.05;5.47;57.99;5628.0;1.5
01/03/2016;receta 12;6.0;14030;14763.67;5.06;4.04;4.17;6.58;6.42;;barra 4,2 kg;6.24;5.3;507.0;13:40;31.27;5.36;58.21;10314.7;1.14
01/03/2016;receta 28;6.0;14820;15810.99;5.03;3.97;3.85;6.56;6.44;6.38;barra 4,2 kg;6.38;5.5;5.24;#Â¡VALOR!;30.76;5.41;56.94;2351.0;1.55
02/03/2016;receta 29;5.0;8530;8971.6;5.07;4.01;4.08;6.55;6.42;6.35;3 kg;6.33;5.65;5.28;0:35;30.5;5.72;56.22;5253.0;0.67
02/03/2016;receta 16;5.0;7430;7811.01;5.08;4.03;4.09;6.56;6.43;6.37;barra 3 kg;6.32;5.64;5.31;16:00;31.36;5.48;57.86;18109.0;1.1
02/03/2016;receta 30;5.0;9520;9749.66;4.67;3.67;4.08;6.54;6.38;6.26;mini;6.31;5.7;5.28;3:50;31.98;5.37;58.42;4282.0;1.1
02/03/2016;receta 21;5.0;9740;10226.81;5.16;4.12;4.31;6.55;6.43;6.36;mini;6.35;5.72;5.37;4:10;;;;10070.0;
02/03/2016;receta 20;6.0;9520;9791.85;5.08;3.5;4.63;6.5;6.42;;mini;6.41;567.0;540.0;3:00;30.89;5.79;56.05;8007.5;1.44
02/03/2016;receta 17;6.0;8220;8850.29;5.27;4.18;4.4;6.52;6.4;6.28;barra 3 kg;6.24;5.33;4.93;17:00;32.87;5.49;58.85;4489.0;1.12
04/03/2016;receta 14;5.0;11030;11572.57;6.65;5.13;4.15;6.53;6.46;6.41;barra 4,2 kg;6.41;5.98;5.62;14:05;31.13;5.44;57.79;4654.0;1.55
04/03/2016;receta 10;5.0;13530;14495.5;4.68;3.68;4.32;6.56;6.25;6.27;barra 4,2 kg;5.9;5.21;5.1;2:55;32.3;5.64;59.01;12182.0;0.68
04/03/2016;receta 31;5.0;11890;12344.19;5.86;4.55;3.96;6.53;6.47;6.42;barra 4,2 kg;6.39;5.8;5.51;10:20;;;;2051.0;
04/03/2016;receta 28;5.0;14020;14989.74;4.87;3.95;3.68;6.58;6.49;6.41;barra 4,2 kg;;5.72;5.57;10:20;31.36;5.88;55.18;2266.0;1.77
04/03/2016;receta 02;5.0;11530;12045.97;6.57;5.25;4.23;6.53;6.47;6.38;3 kg;6.42;5.7;5.34;16:10;30.76;5.33;56.91;9165.0;1.79
04/03/2016;receta 29;5.0;13530;14131.77;5.2;4.11;4.3;6.56;6.4;6.31;3 kg;6.3;5.14;5.01;13:45;30.82;5.44;57.22;2397.0;1.02
04/03/2016;receta 29;5.0;10300;13619.0;5.18;4.08;4.29;6.53;6.36;6.22;3 kg;6.28;5.12;4.9;13:05;;;;4077.4;
04/03/2016;receta 06;5.0;12030;12535.41;5.37;3.99;4.28;6.48;6.38;6.33;3 kg;6.24;5.36;4.96;15:35;31.41;5.31;57.2;13619.0;1.48
04/03/2016;receta 12;5.0;13310;14157.95;5.32;4.19;4.31;6.54;6.38;6.28;barra 4,2 kg;6.35;5.65;5.37;11:40;31.55;5.4;58.62;16906.0;1.19
04/03/2016;receta 25;6.0;14030;15275.38;4.7;3.72;4.26;6.53;6.3;6.2;barra 4,2 kg;6.13;5.23;5.16;16:40;31.88;5.33;58.13;3911.0;1.28
07/03/2016;receta 17;8.0;9280;10207.33;5.04;4.04;4.23;6.52;6.46;6.35;barra 3 kg;;;;;;;;12975.0;
07/03/2016;receta 02;5.0;11030;11611.01;6.42;4.91;4.08;6.56;6.46;6.4;3 kg;;5.48;5.15;17:40;30.89;5.44;57.96;8705.0;1.9
07/03/2016;receta 03;5.0;12730;13143.61;4.81;3.72;4.3;6.53;6.33;6.18;3 kg;6.16;5.1;4.93;18:15;31.48;5.38;58.13;12124.0;1.43
07/03/2016;receta 15;5.0;7440;7928.12;4.95;3.96;4.14;6.56;6.45;6.38;1 kg;6.35;5.66;;6:30;30.18;5.58;55.25;18746.0;1.85
07/03/2016;receta 32;5.0;8020;8556.05;5.13;3.84;4.1;6.52;6.42;6.36;mini;6.42;5.79;5.51;7:05;;;;2673.0;
07/03/2016;receta 33;6.0;7020;7512.81;6.05;4.78;3.96;6.56;6.45;6.42;mini;6.48;5.8;5.5;6:20;;;;2660.0;
07/03/2016;receta 06;6.0;12330;12909.94;5.64;4.24;4.49;6.5;6.42;6.37;3 kg;6.24;5.76;5.45;18:00;;;;8024.0;
08/03/2016;receta 08;8.0;14330;14928.18;2.5;3.45;4.66;6.54;6.45;6.39;barra 4,2 kg;6.42;5.73;5.38;;20.35;5.53;50.5;19932.5;1.89
08/03/2016;receta 11;8.0;12530;13057.67;4.53;3.76;4.42;6.5;6.4;6.31;3 kg;6.35;5.38;5.22;16:20;30.06;5.44;57.5;20669.0;1.75
08/03/2016;receta 10;8.0;12530;13092.33;4.59;3.68;4.18;6.49;6.38;6.25;barra 4,2 kg;6.3;5.45;5.2;16:10;30.95;5.43;57.32;10586.0;1.43
08/03/2016;receta 09;7.0;10660;11638.92;2.36;3.28;4.34;6.59;6.5;6.47;3 kg;6.44;5.34;5.15;6:00;19.97;5.34;50.26;1210.5;1.95
08/03/2016;receta 07;7.0;11230;11857.9;4.51;3.2;4.24;6.55;6.45;6.38;barra 4,2 kg;6.33;5.47;5.2;17:45;;;;7678.0;
08/03/2016;receta 29;7.0;12030;12187.49;5.17;4.1;4.33;6.52;6.4;6.25;3 kg;6.38;5.27;5.07;15:15;30.17;5.33;56.15;3842.0;1.62
08/03/2016;receta 02;7.0;12330;12985.08;6.51;5.13;4.23;6.54;6.5;6.45;3 kg;;5.55;5.24;18:50;31.68;5.35;59.99;4661.0;1.39
08/03/2016;receta 02;7.0;13780;14231.66;6.26;4.87;4.31;6.52;6.5;6.46;3 kg;6.44;5.23;5.0;15:00;29.7;5.3;56.67;3126.9;1.95
08/03/2016;receta 12;7.0;9030;9608.68;4.96;3.94;4.18;6.53;6.4;6.28;barra 4,2 kg;6.18;5.52;5.33;19:10;;;;3675.0;
08/03/2016;receta 31;7.0;13750;14268.52;6.1;4.74;4.2;6.55;6.46;6.4;barra 4,2 kg;6.4;5.82;5.45;15:40;31.99;5.42;59.78;2656.0;1.32
10/03/2016;receta 18;8.0;9020;9236.88;4.54;3.61;4.23;6.54;6.37;6.29;mini;6.2;5.43;5.19;0:30;31.33;5.37;58.31;6765.0;0.68
10/03/2016;receta 16;8.0;8820;9166.9;4.67;3.73;4.34;6.52;6.37;6.28;barra 3 kg;6.28;5.58;5.22;17:15;32.49;5.6;59.56;14288.0;1.41
10/03/2016;receta 34;8.0;9520;10129.97;2.47;3.34;4.32;6.61;6.45;6.33;;;5.32;5.11;6:00;21.91;5.52;52.18;4144.0;1.81
10/03/2016;receta 03;8.0;9520;9867.21;4.73;3.75;4.39;6.54;6.33;6.19;3 kg;6.3;5.15;4.92;16:05;31.15;5.74;56.86;7573.0;1.89
10/03/2016;receta 24;8.0;9490;10153.85;4.76;3.78;3.87;6.54;6.4;6.36;mini;6.37;;;3:10;29.92;5.98;54.97;1439.0;1.79
10/03/2016;receta 20;8.0;9520;9749.66;4.69;3.24;4.29;6.56;6.45;6.35;mini;6.32;5.47;5.2;4:05;30.46;5.58;55.5;4347.0;1.6
10/03/2016;receta 17;7.0;10020;10403.67;5.23;4.16;4.21;6.54;6.4;6.15;barra 3 kg;6.42;5.25;4.82;;31.28;5.53;57.72;4632.0;1.37
10/03/2016;receta 20;7.0;8720;9359.2;5.06;3.5;4.63;6.53;6.38;6.2;mini;6.2;5.45;;4:15;31.52;5.47;57.5;4814.0;1.47
10/03/2016;receta 30;7.0;8520;8673.36;4.37;3.46;4.0;6.61;6.4;6.22;mini;6.29;5.42;5.08;4:40;;;;3695.0;
11/03/2016;receta 14;5.0;11030;11901.93;6.81;5.26;4.37;6.5;6.42;6.36;barra 4,2 kg;6.4;5.9;5.47;;32.54;5.25;60.31;4468.0;1.12
11/03/2016;receta 02;5.0;12030;12574.71;6.79;5.26;4.36;6.51;6.46;6.4;3 kg;6.4;5.6;5.17;19:10;33.47;5.22;60.8;9256.0;1.25
11/03/2016;receta 31;5.0;9530;10096.48;6.18;4.86;4.29;6.54;6.46;6.4;barra 4,2 kg;6.4;5.85;5.49;12:05;30.57;5.21;57.75;3296.0;1.55
11/03/2016;receta 10;5.0;13530;14050.05;4.68;3.7;4.37;6.55;6.34;6.22;barra 4,2 kg;6.25;5.35;5.09;14:10;30.86;5.32;58.1;9286.0;1.22
11/03/2016;receta 29;5.0;12530;13061.1;5.14;4.13;4.34;6.53;6.43;6.37;3 kg;6.3;5.4;5.18;17:00;30.02;5.37;56.08;4491.0;1.39
11/03/2016;receta 29;5.0;12030;12599.03;5.3;4.24;4.46;6.53;6.42;6.35;3 kg;6.29;;;;30.89;5.36;57.99;1282.0;1.0
11/03/2016;receta 12;5.0;13090;13774.38;5.3;4.26;4.47;6.52;6.44;6.35;barra 4,2 kg;6.35;5.65;5.38;16:00;;;;4877.0;
11/03/2016;receta 06;5.0;13530;14030.82;5.35;4.04;4.33;6.51;6.41;6.36;3 kg;6.35;5.68;5.28;17:10;29.87;5.31;55.45;18177.0;1.57
11/03/2016;receta 07;7.0;10830;11626.83;4.61;3.37;4.33;6.53;6.45;6.35;barra 4,2 kg;6.32;5.5;5.2;15:30;30.59;5.39;56.36;4615.0;1.39
11/03/2016;receta 12;7.0;12530;12770.78;5.27;4.18;4.35;6.54;6.41;6.25;barra 4,2 kg;1815.0;5.57;5.3;10:45;30.18;5.34;56.16;13643.0;1.27
11/03/2016;receta 25;7.0;11530;11697.68;4.63;3.64;4.16;6.52;6.36;6.26;barra 4,2 kg;6.26;5.3;5.17;-0,681944444;31.62;5.37;57.42;3360.0;1.16
14/03/2016;receta 19;6.0;10020;10853.14;2.6;3.55;4.79;6.54;6.4;6.3;mini;6.35;5.64;5.31;3:45;;;;7382.0;
14/03/2016;receta 21;6.0;9020;9417.42;4.98;3.94;4.11;6.54;6.4;6.34;mini;6.4;5.58;5.24;4:30;30.56;5.61;56.36;4547.0;1.34
14/03/2016;receta 16;8.0;8520;8968.17;4.91;3.82;4.5;6.53;6.33;6.21;barra 3 kg;6.28;5.35;5.13;17:40;31.82;5.4;57.62;18426.0;1.56
14/03/2016;receta 26;8.0;8520;8921.97;4.76;3.68;4.39;6.53;6.32;;1 kg;6.16;5.41;5.12;7:20;;;;4549.0;
14/03/2016;receta 02;8.0;12530;13352.99;6.59;5.09;4.28;6.5;6.45;;3 kg;6.42;5.7;5.17;15:40;;;;15778.0;
14/03/2016;receta 15;8.0;9700;10421.12;5.14;4.07;4.22;6.51;6.47;6.41;1 kg;6.36;5.65;5.45;6:30;30.45;5.62;55.0;10681.0;1.88
14/03/2016;receta 03;5.0;12030;13247.23;4.95;3.82;4.56;6.51;6.35;6.26;3 kg;6.24;5.15;5.05;;31.74;5.29;57.77;6900.0;0.82
14/03/2016;receta 06;5.0;13030;13832.65;5.35;3.99;4.17;6.5;6.45;6.38;3 kg;6.39;5.43;5.2;15:05;30.48;5.44;56.41;6887.0;1.2
15/03/2016;receta 08;6.0;15030;16431.8;2.55;3.53;4.86;6.53;6.45;6.39;barra 4,2 kg;6.35;5.51;5.21;6:05;;;;11734.0;
15/03/2016;receta 02;6.0;10830;11415.4;6.62;5.2;4.41;6.55;6.5;6.46;3 kg;6.45;5.58;5.28;14:02;;;;6242.0;
15/03/2016;receta 10;6.0;14030;14546.27;4.51;3.56;4.21;6.58;6.42;6.08;barra 4,2 kg;6.2;5.19;5.12;16:20;31.67;5.44;58.54;9904.0;1.06
15/03/2016;receta 35;8.0;15030;15397.16;5.12;4.05;4.3;6.55;6.36;;barra 4,2 kg;6.3;5.46;5.32;12:20;30.63;5.41;57.81;2414.3;1.13
15/03/2016;receta 12;8.0;10750;11295.61;5.06;4.04;4.29;6.54;6.36;6.23;barra 4,2 kg;6.35;5.61;5.34;10:40;29.76;5.37;56.03;3425.3;1.26
15/03/2016;receta 11;8.0;9910;10383.15;4.74;3.76;4.6;6.48;6.3;6.12;3 kg;6.34;5.09;4.8;12:55;31.33;5.16;58.84;23469.0;1.16
15/03/2016;receta 25;8.0;10030;11037.33;4.74;3.75;4.6;6.51;6.41;6.35;barra 4,2 kg;6.3;5.45;5.31;13:45;30.34;5.3;56.64;2864.0;1.39
15/03/2016;receta 29;8.0;13530;14172.37;4.89;3.91;4.15;6.52;6.45;6.37;3 kg;6.37;5.62;5.35;17:50;29.49;5.32;55.8;8297.0;1.46
15/03/2016;receta 13;8.0;12010;12495.36;5.34;3.98;4.22;6.51;6.43;6.35;barra 4,2 kg;6.38;5.85;5.58;16:25;;;;6183.0;
15/03/2016;receta 31;8.0;13830;14279.2;6.08;4.84;4.31;6.57;6.5;6.46;barra 4,2 kg;6.37;5.76;5.27;14:55;30.82;5.41;58.02;2540.0;1.44
17/03/2016;receta 18;6.0;9020;8915.32;4.75;3.75;4.54;6.55;6.35;6.2;mini;6.27;5.38;5.12;5:00;;;;7285.0;
17/03/2016;receta 16;6.0;9020;9102.43;4.63;3.64;4.42;6.57;6.35;6.2;barra 3 kg;6.3;5.46;5.12;17:50;30.08;5.48;57.07;21674.0;1.18
17/03/2016;receta 20;6.0;9620;9227.8;4.56;3.29;4.35;6.53;6.4;;mini;6.24;5.14;5.0;3:45;30.48;5.43;57.47;9021.0;1.14
17/03/2016;receta 16;6.0;9520;9633.75;4.58;3.62;4.35;6.51;6.37;6.24;barra 3 kg;6.28;5.28;5.01;;29.58;5.35;56.87;1171.0;1.93
17/03/2016;receta 21;6.0;9910;10040.77;5.13;4.03;4.01;6.54;6.44;;mini;6.21;5.33;5.21;4:55;30.44;5.46;56.56;7376.0;1.46
18/03/2016;receta 10;7.0;13530;13522.32;4.53;3.58;4.28;6.54;6.38;6.2;barra 4,2 kg;6.1;5.22;5.0;2:40;29.65;5.41;56.2;13656.0;0.93
18/03/2016;receta 02;7.0;11530;12009.75;6.31;5.1;4.22;6.56;6.46;6.4;3 kg;6.42;5.8;5.21;16:05;;;;17830.0;
18/03/2016;receta 08;7.0;13830;14552.68;2.62;3.55;4.89;6.55;6.47;6.43;barra 4,2 kg;;5.63;5.28;4:40;19.84;5.53;51.1;13045.0;1.72
18/03/2016;receta 03;7.0;12530;12976.7;4.68;3.65;4.23;6.55;6.36;6.25;3 kg;6.3;5.09;5.0;19:40;31.95;5.47;58.28;15442.0;1.5
18/03/2016;receta 35;8.0;14530;14642.42;5.1;3.87;4.02;6.57;6.47;6.42;barra 4,2 kg;6.36;5.36;5.25;13:35;;;;2250.0;
18/03/2016;receta 12;8.0;13030;13692.17;5.4;4.17;4.3;6.58;6.42;;barra 4,2 kg;6.24;5.24;5.12;12:05;31.73;5.36;57.94;8074.0;1.01
18/03/2016;receta 06;8.0;12530;12888.82;5.35;4.0;4.39;6.52;6.42;6.35;3 kg;6.44;5.77;5.54;16:20;30.99;5.71;56.06;12255.0;1.48
18/03/2016;receta 31;8.0;7710;7854.5;6.16;4.5;3.87;6.58;6.48;6.42;barra 4,2 kg;6.44;5.7;5.3;12:35;31.11;5.43;55.39;2933.0;1.71
21/03/2016;receta 26;5.0;9030;9440.2;4.42;3.46;4.12;6.54;6.46;6.35;1 kg;6.29;5.64;5.18;8:10;31.29;5.57;58.46;3749.0;1.58
21/03/2016;receta 02;5.0;12000;12000.0;6.28;4.95;4.25;6.54;6.41;6.36;3 kg;6.45;5.32;5.2;16:50;29.59;5.6;56.57;15627.0;2.06
21/03/2016;receta 15;5.0;9000;9000.0;4.93;3.88;4.09;6.51;6.41;6.3;1 kg;6.32;5.5;5.26;8:30;29.93;5.4;55.43;8585.0;1.82
21/03/2016;receta 06;5.0;13030;13150.55;5.32;3.98;4.42;6.5;6.41;6.36;3 kg;6.36;5.75;5.48;14:40;31.11;5.32;57.28;26638.0;1.58
21/03/2016;receta 16;5.0;8520;8628.62;4.45;3.49;4.16;6.55;6.38;6.23;barra 3 kg;6.2;5.27;4.99;19:35;31.45;5.56;57.27;10728.0;2.02
22/03/2016;receta 18;5.0;8030;7777.44;4.76;3.6;4.26;6.51;6.37;6.28;mini;6.3;5.62;5.23;0:30;31.74;5.52;57.24;4559.0;0.69
22/03/2016;receta 16;5.0;8530;8801.06;4.59;3.61;4.31;6.53;6.37;6.25;barra 3 kg;6.3;5.4;5.02;18:20;30.14;5.44;56.75;10976.0;0.91
22/03/2016;receta 19;5.0;10520;10314.78;2.47;3.36;4.29;6.6;6.47;6.41;mini;6.38;5.69;5.37;3:15;;;;5088.0;
22/03/2016;receta 20;5.0;10020;9910.97;4.51;3.17;4.32;6.55;6.38;6.2;mini;6.29;5.3;5.19;3:25;29.94;5.47;56.5;7592.0;1.16
22/03/2016;receta 17;5.0;8220;8532.78;4.88;3.9;4.18;6.5;6.44;6.37;barra 3 kg;6.38;5.73;5.43;;31.05;5.45;56.71;12215.0;1.35
22/03/2016;receta 21;7.0;8520;8293.58;4.8;3.83;4.13;6.52;6.47;6.38;mini;6.45;5.7;5.4;4:15;30.45;5.32;56.62;7983.0;1.41
22/03/2016;receta 22;7.0;8020;8169.43;4.9;3.79;3.89;6.53;6.45;;mini;6.42;5.8;5.34;4:15;28.73;5.56;54.89;5206.0;1.37
23/03/2016;receta 02;5.0;12530;12786.8;6.36;4.97;4.26;6.53;6.44;6.39;3 kg;6.4;5.6;5.32;17:20;;;;7051.0;
23/03/2016;receta 12;5.0;12530;12923.67;5.08;3.99;4.25;6.51;6.39;6.29;barra 4,2 kg;6.31;5.72;5.5;13:50;31.77;5.32;57.53;10021.0;1.02
23/03/2016;receta 11;5.0;12530;12573.14;4.49;3.54;4.3;6.46;6.37;6.2;3 kg;6.35;5.15;4.98;16:15;31.89;5.29;57.36;25000.0;1.2
23/03/2016;receta 25;5.0;10820;11517.97;4.48;3.53;4.28;6.47;6.3;6.15;barra 4,2 kg;6.3;5.4;5.24;16:30;32.13;5.2;58.58;2786.0;1.36
23/03/2016;receta 07;7.0;10830;10988.78;4.18;3.04;4.07;6.55;6.44;6.37;barra 4,2 kg;6.44;5.62;5.3;17:15;32.27;5.48;58.22;5575.0;1.18
23/03/2016;receta 13;7.0;11530;11658.28;5.13;3.91;4.19;6.51;6.4;;barra 4,2 kg;6.45;5.75;5.43;12:15;;;;11519.0;
23/03/2016;receta 31;7.0;10530;10775.91;5.46;4.42;4.16;6.5;6.44;6.39;barra 4,2 kg;6.52;5.9;5.54;16:45;;;;3876.0;
25/03/2016;receta 10;5.0;12030;12575.13;4.6;3.66;4.31;6.52;6.42;6.38;barra 4,2 kg;6.35;5.72;5.43;16:00;30.73;5.37;57.11;12289.0;1.27
25/03/2016;receta 02;5.0;12530;13002.59;6.41;4.95;4.19;6.51;6.44;6.4;3 kg;6.4;5.9;5.45;16:30;;;;15020.0;
25/03/2016;receta 28;5.0;13230;13011.79;4.83;3.84;3.7;6.57;6.47;6.42;barra 4,2 kg;6.37;5.8;5.51;16:35;31.63;5.48;57.1;1867.0;1.32
25/03/2016;receta 12;5.0;12030;12296.98;5.12;4.04;4.17;6.52;6.42;6.36;barra 4,2 kg;6.35;5.62;5.35;13:30;30.62;5.3;56.21;21684.0;1.02
25/03/2016;receta 29;5.0;11030;11386.76;5.18;4.07;4.21;6.52;6.39;6.33;3 kg;6.31;5.6;5.4;18:00;;;;8382.0;
25/03/2016;receta 07;5.0;12530;12883.23;4.52;3.32;4.48;6.53;6.42;6.35;barra 4,2 kg;6.32;5.64;5.4;16:00;30.95;5.43;56.88;6598.0;1.08
25/03/2016;receta 06;5.0;13030;13442.58;5.55;4.21;4.57;6.48;6.38;6.31;3 kg;6.37;5.75;5.4;16:15;;;;19235.0;
28/03/2016;receta 15;8.0;8520;9098.29;4.92;3.92;4.2;6.56;6.46;6.38;1 kg;6.4;5.74;5.5;8:30;30.16;5.44;55.53;12872.0;1.55
28/03/2016;receta 02;8.0;13030;13281.42;6.3;4.95;4.18;6.57;6.48;6.43;3 kg;6.41;5.85;5.39;15:50;;;;18335.0;
28/03/2016;receta 03;8.0;15030;14912.16;4.57;3.63;4.26;6.56;6.4;6.35;3 kg;6.3;5.21;5.07;17:55;31.53;5.43;57.15;18731.0;1.67
28/03/2016;receta 16;6.0;8720;9000.57;4.57;3.6;4.23;6.56;6.41;6.3;barra 3 kg;6.3;5.54;5.12;18:15;30.92;5.53;57.19;10552.0;1.98
28/03/2016;receta 06;5.0;12530;12664.26;5.21;3.97;4.23;6.54;6.42;6.26;3 kg;6.42;5.17;5.08;4:35;32.72;5.22;59.04;9790.0;0.96
29/03/2016;receta 07;8.0;12030;12288.88;4.65;3.41;4.66;6.57;6.48;6.42;barra 4,2 kg;6.32;5.55;5.32;14:45;31.95;5.48;58.3;6526.0;1.34
29/03/2016;receta 02;8.0;9000;9642.2;6.45;5.0;4.27;6.57;6.49;6.45;3 kg;6.42;5.81;5.52;13:00;30.66;5.38;56.86;5602.0;1.56
29/03/2016;receta 09;8.0;12630;13011.79;2.44;3.33;4.45;6.58;6.48;6.42;3 kg;6.4;5.4;5.19;9:10;20.1;5.39;;1385.0;1.8
29/03/2016;receta 08;6.0;15080;15286.06;2.46;3.42;4.66;6.6;6.5;6.46;barra 4,2 kg;6.28;5.5;5.2;6:10;;;;19305.0;
29/03/2016;receta 35;6.0;11030;11505.43;5.52;4.22;4.3;6.55;6.41;6.35;barra 4,2 kg;6.36;5.68;5.4;12:05;31.58;5.38;57.49;5945.0;1.77
29/03/2016;receta 11;6.0;14860;15455.38;4.45;3.55;4.25;6.56;6.44;6.37;3 kg;6.36;5.3;5.15;13:40;31.01;5.29;56.78;23587.0;1.4
29/03/2016;receta 10;6.0;15160;15816.85;4.69;3.7;4.3;6.57;6.44;6.36;barra 4,2 kg;6.36;5.42;5.18;14:10;31.14;5.42;56.69;8047.0;1.58
29/03/2016;receta 29;6.0;10440;10617.97;5.24;4.04;4.12;6.54;6.43;6.38;3 kg;;5.65;5.31;15:45;32.39;5.42;58.21;5530.0;1.09
29/03/2016;receta 31;6.0;12600;12974.28;6.29;4.81;4.3;6.59;6.46;6.4;barra 4,2 kg;6.44;5.75;5.41;17:50;31.98;5.32;58.54;7557.0;1.29
30/03/2016;receta 18;7.0;9020;8895.03;4.38;3.48;4.14;6.59;6.46;6.37;mini;6.34;5.58;5.3;0:30;29.51;5.52;55.57;6357.0;0.99
30/03/2016;receta 16;7.0;8520;8803.73;4.54;3.6;4.28;6.57;6.38;6.28;barra 3 kg;6.35;5.47;5.18;18:40;31.18;5.52;57.33;10920.0;1.87
30/03/2016;receta 19;7.0;7520;7596.52;2.32;3.25;3.88;6.63;6.49;6.42;mini;6.38;5.51;5.3;3:25;19.96;5.45;50.97;1653.0;1.87
30/03/2016;receta 20;7.0;9320;9054.74;4.3;3.1;4.19;6.59;6.45;6.43;mini;6.34;5.53;5.25;3:20;30.52;5.4;56.9;11118.0;1.12
30/03/2016;receta 21;6.0;9020;9164.24;5.02;3.94;4.24;6.6;;;mini;6.43;5.7;5.24;6:00;;;;6180.0;
30/03/2016;receta 17;6.0;8460;8839.61;5.09;4.0;4.28;6.63;6.46;6.39;barra 3 kg;6.38;5.49;5.1;;31.99;5.48;57.69;11509.0;1.06
30/03/2016;receta 30;6.0;9520;9923.98;4.3;3.43;3.94;6.54;3.39;6.21;mini;6.35;5.12;5.04;5:30;32.44;5.35;58.9;2618.0;1.11
01/04/2016;receta 10;8.0;14030;13892.48;4.57;3.59;4.31;6.59;6.49;6.41;barra 4,2 kg;6.35;5.68;5.28;2:50;30.38;5.51;56.49;16034.0;0.75
01/04/2016;receta 02;8.0;12500;12500.0;6.32;4.91;4.19;6.57;6.52;6.46;3 kg;6.42;5.96;5.6;15:25;30.53;5.14;57.44;15603.0;1.73
01/04/2016;receta 28;8.0;15340;15946.8;4.92;3.84;3.84;6.61;6.5;6.48;barra 4,2 kg;6.38;5.67;5.45;17:40;32.51;5.36;59.02;2261.0;1.36
01/04/2016;receta 12;8.0;14030;15135.96;5.17;4.05;4.31;6.57;6.42;6.25;barra 4,2 kg;5.26;5.43;5.23;16:20;31.83;5.24;58.49;14063.0;1.31
01/04/2016;receta 06;6.0;13430;13311.33;5.16;3.89;4.31;6.57;6.45;6.38;3 kg;6.4;5.57;5.25;20:10;31.44;5.14;57.81;22016.0;1.69
01/04/2016;receta 31;6.0;9030;9368.23;5.53;4.4;4.26;6.53;6.45;6.41;barra 4,2 kg;6.4;5.78;5.3;16:00;;;;3133.0;
01/04/2016;receta 07;6.0;11530;11876.97;4.28;3.27;4.4;6.57;6.45;6.4;barra 4,2 kg;6.35;5.59;5.24;16:30;;;;6938.0;
04/04/2016;receta 16;5.0;8630;8682.5;4.62;3.64;4.32;6.57;6.4;6.36;barra 3 kg;6.41;5.58;5.36;16:35;29.91;5.38;56.7;11872.0;1.58
04/04/2016;receta 26;5.0;9030;9151.42;4.57;3.6;4.27;6.59;6.47;6.32;1 kg;6.32;5.6;5.32;8:45;29.83;5.48;56.48;5016.0;1.63
04/04/2016;receta 15;5.0;9530;10034.36;4.98;3.93;4.24;6.58;6.49;6.4;1 kg;6.38;5.9;5.5;4:20;;;;19987.0;
04/04/2016;receta 02;5.0;12530;12779.32;6.41;5.03;4.23;6.55;6.48;6.42;3 kg;6.46;5.76;5.35;16:30;31.06;5.37;57.59;14614.0;1.9
04/04/2016;receta 03;7.0;13730;13856.69;4.57;3.62;4.35;6.56;6.47;6.35;3 kg;6.46;5.32;5.22;19:05;30.64;5.49;56.0;18320.0;1.64
04/04/2016;receta 06;6.0;12530;12711.95;5.03;3.92;4.24;6.54;6.45;6.39;3 kg;6.48;5.76;5.44;16:30;;;;13067.0;
05/04/2016;receta 02;5.0;10030;10368.86;6.58;5.13;4.29;6.61;6.45;6.4;3 kg;6.35;5.4;5.27;16:05;32.7;5.34;60.84;3965.0;1.05
05/04/2016;receta 08;5.0;14530;14785.57;2.42;3.37;4.6;6.58;6.46;;barra 4,2 kg;6.28;5.3;;6:15;21.19;5.28;53.43;12641.0;0.97
05/04/2016;receta 14;5.0;15730;16416.01;7.03;5.47;4.62;6.62;;;barra 4,2 kg;6.38;5.7;5.27;14:30;32.29;5.32;59.8;3166.0;0.97
05/04/2016;receta 09;5.0;14530;14508.35;2.4;3.33;4.53;6.57;6.46;;3 kg;6.45;5.54;5.35;9:35;20.98;5.22;52.04;1633.0;1.49
05/04/2016;receta 29;5.0;12030;12401.51;5.15;4.11;4.34;6.53;6.5;;3 kg;6.4;5.94;5.68;16:10;29.97;5.37;55.72;7824.0;1.59
05/04/2016;receta 11;5.0;12530;12956.86;4.59;3.72;4.45;6.57;6.42;6.33;3 kg;6.39;5.31;5.17;15:25;31.42;5.32;58.64;25399.0;0.9
05/04/2016;receta 12;7.0;13890;14210.57;5.03;4.02;4.24;6.55;6.43;6.35;barra 4,2 kg;6.33;5.46;5.29;13:30;31.85;5.47;57.89;13236.0;0.93
05/04/2016;receta 35;7.0;12030;12550.37;4.85;3.89;4.15;6.55;6.44;6.37;barra 4,2 kg;6.39;5.85;5.52;14:10;30.0;5.94;55.65;3822.0;2.07
05/04/2016;receta 13;5.0;11730;12233.61;5.05;3.86;4.16;6.56;6.46;6.4;barra 4,2 kg;6.38;5.78;5.66;14:25;30.63;5.4;56.48;5785.0;1.9
05/04/2016;receta 25;5.0;12940;13089.47;4.15;3.37;4.11;6.56;6.48;6.43;barra 4,2 kg;6.44;5.45;5.24;14:05;30.31;5.29;56.02;5320.0;1.4
07/04/2016;receta 18;5.0;9030;9599.36;4.47;3.6;4.23;6.52;6.4;6.32;mini;6.22;5.48;5.27;0:30;30.16;5.5;56.91;5291.0;0.77
07/04/2016;receta 16;5.0;9030;9366.42;4.7;3.79;4.42;6.51;6.39;6.29;barra 3 kg;6.31;6.6;5.4;18:15;30.92;5.41;57.61;4648.0;0.89
07/04/2016;receta 19;5.0;10020;9412.08;2.46;3.4;4.45;6.59;6.45;6.35;mini;6.38;5.39;5.15;3:32;19.12;5.29;49.88;3396.0;1.79
07/04/2016;receta 20;5.0;8520;9051.53;4.37;3.37;4.36;6.57;6.39;6.28;mini;6.34;5.4;5.14;4:05;30.07;5.34;57.43;11193.0;1.36
07/04/2016;receta 17;5.0;8520;8661.43;4.8;3.84;3.96;6.54;6.45;6.41;barra 3 kg;6.39;5.8;5.6;16:20;0.0;0.0;0.0;15869.0;0.0
07/04/2016;receta 21;7.0;9220;9164.77;5.01;3.97;4.19;6.54;6.44;6.33;mini;6.31;5.85;5.52;5:00;;;;9123.0;
08/04/2016;receta 14;5.0;10850;10994.12;6.08;4.8;3.97;6.55;6.47;6.42;barra 4,2 kg;6.4;5.85;5.6;10:40;31.0;5.38;57.45;1951.0;1.56
08/04/2016;receta 10;5.0;14530;15172.42;4.9;3.69;4.46;6.54;6.45;6.38;barra 4,2 kg;6.36;5.46;5.15;3:05;31.38;5.46;56.62;17384.0;1.0
08/04/2016;receta 02;5.0;12030;12223.74;6.86;5.44;4.55;6.56;6.48;;3 kg;6.48;5.9;5.69;15:25;31.77;5.22;59.07;14314.0;1.42
08/04/2016;receta 08;5.0;15030;15344.82;2.51;3.42;4.49;6.58;6.48;6.4;barra 4,2 kg;6.3;5.2;5.15;5:20;21.05;5.45;52.89;3321.0;1.15
08/04/2016;receta 23;5.0;11530;11746.15;5.65;4.6;4.4;6.54;;;3 kg;6.48;5.85;5.5;16:55;;;;4248.0;
08/04/2016;receta 29;5.0;11030;11149.76;5.14;4.06;4.05;6.53;6.4;6.32;3 kg;6.39;5.7;5.51;14:10;30.99;5.3;56.97;5587.0;1.43
08/04/2016;receta 28;5.0;15830;16452.76;4.85;3.85;3.97;6.6;6.48;6.41;barra 4,2 kg;6.42;5.65;5.29;15:55;31.01;5.31;56.63;2346.0;1.9
08/04/2016;receta 12;5.0;13030;13234.95;5.25;4.13;4.12;6.53;6.25;6.14;barra 4,2 kg;6.08;5.42;5.16;13:35;31.83;5.23;58.23;14200.0;1.33
08/04/2016;receta 06;5.0;12030;12427.07;5.27;4.0;4.43;6.57;6.44;6.37;3 kg;6.39;5.79;5.5;16:25;30.73;5.38;57.23;22286.0;2.61
08/04/2016;receta 31;7.0;10530;10693.51;5.72;4.62;4.42;6.53;6.46;6.42;barra 4,2 kg;6.42;6.06;5.72;15:40;;;;3585.0;
11/04/2016;receta 02;5.0;13030;13574.13;6.46;5.07;4.25;6.6;6.47;6.44;3 kg;6.48;5.78;5.5;;31.73;5.28;58.22;13308.0;1.38
11/04/2016;receta 15;5.0;8030;9518.01;5.16;4.09;4.41;6.58;6.5;6.44;1 kg;6.32;5.73;5.4;8:30;28.92;5.54;54.09;23044.0;1.69
11/04/2016;receta 03;5.0;13810;14314.45;4.66;3.67;4.37;6.56;6.46;6.36;3 kg;6.31;5.44;5.15;17:30;31.24;5.47;57.55;17534.0;1.58
11/04/2016;receta 06;8.0;13530;13644.63;5.22;3.98;4.39;6.54;6.44;6.38;3 kg;6.44;5.54;5.25;16:05;32.08;5.24;58.51;18006.0;1.17
11/04/2016;receta 33;7.0;8530;8696.55;6.14;4.83;4.01;6.54;6.48;6.4;mini;6.49;6.26;6.16;6:50;;;;4904.0;
12/04/2016;receta 08;5.0;14530;14863.52;2.47;3.39;4.53;6.59;6.49;6.4;barra 4,2 kg;6.36;5.31;5.1;5:00;;;;16420.0;
12/04/2016;receta 02;5.0;12530;12932.54;6.27;4.99;4.09;6.56;6.46;6.41;3 kg;6.44;5.48;5.2;14:00;32.26;5.41;58.8;4751.0;1.29
12/04/2016;receta 09;5.0;14530;14665.92;2.55;3.49;4.73;6.58;6.48;;3 kg;6.38;5.3;5.19;6:55;20.27;5.43;52.48;1465.0;1.74
12/04/2016;receta 11;5.0;12530;13336.36;4.71;3.6;4.35;6.55;6.41;;3 kg;6.36;5.36;5.2;17:00;32.35;5.53;58.26;10340.0;1.26
12/04/2016;receta 10;5.0;14140;14715.06;4.43;3.46;4.07;6.53;6.43;;barra 4,2 kg;6.34;5.5;5.22;13:30;31.6;5.49;57.02;8234.0;1.3
12/04/2016;receta 35;8.0;12130;12051.28;5.23;4.06;4.43;6.55;6.45;;barra 4,2 kg;6.35;5.69;5.44;14:45;30.97;5.45;57.78;3854.0;1.4
12/04/2016;receta 25;8.0;12010;12067.31;4.73;3.6;4.36;6.56;6.43;6.35;barra 4,2 kg;6.2;5.25;5.15;13:00;;;;3419.0;
12/04/2016;receta 29;8.0;12530;13355.23;5.22;4.08;4.46;6.53;6.35;6.2;3 kg;6.3;5.4;5.2;17:40;31.76;5.43;58.17;13499.0;1.33
12/04/2016;receta 12;8.0;12530;12361.62;4.73;3.71;4.06;6.51;6.35;;barra 4,2 kg;6.2;5.4;5.18;17:00;30.32;5.54;56.43;11902.0;1.63
13/04/2016;receta 18;5.0;9530;9824.49;4.64;3.67;4.39;6.54;6.44;6.33;mini;6.25;5.46;5.18;0:30;30.88;5.54;57.59;5430.0;0.76
13/04/2016;receta 16;5.0;8530;8857.52;4.81;3.8;4.54;6.54;6.44;6.37;barra 3 kg;6.3;5.65;5.5;18:00;31.56;5.42;58.15;14045.0;1.66
13/04/2016;receta 19;5.0;11020;10811.0;2.42;3.27;4.36;6.59;6.49;6.42;;6.35;5.58;5.22;3:55;20.22;5.56;50.01;3916.0;1.73
13/04/2016;receta 20;5.0;9530;9649.77;4.45;3.04;4.16;6.54;6.46;6.39;mini;6.33;5.83;5.32;5:40;31.69;5.6;56.95;13489.0;1.4
13/04/2016;receta 36;8.0;9020;9227.15;5.07;3.91;4.19;6.55;6.48;6.39;mini;6.42;5.88;5.65;3:30;29.43;5.74;55.37;832.0;1.61
13/04/2016;receta 17;8.0;8520;8703.01;5.29;4.13;4.41;6.55;6.4;6.28;barra 3 kg;6.3;5.74;5.28;16:20;31.67;5.38;57.93;8693.0;1.2
13/04/2016;receta 21;8.0;8520;9971.33;4.68;3.68;3.94;6.58;6.44;6.25;mini;6.22;5.46;5.3;6:00;32.1;5.54;58.92;3816.0;1.28
14/04/2016;receta 17;5.0;8530;9082.96;4.97;3.92;4.19;6.56;6.47;6.39;barra 3 kg;6.4;5.7;5.43;15:20;31.12;5.46;56.0;10933.0;2.13
14/04/2016;receta 02;5.0;13030;13282.49;6.47;5.04;4.17;6.55;6.48;6.44;3 kg;6.45;5.82;5.5;18:00;32.2;5.25;58.21;12912.0;1.46
14/04/2016;receta 11;5.0;13030;13330.2;4.47;3.55;4.38;;6.41;6.3;3 kg;6.25;5.23;5.09;18:15;32.09;5.37;57.21;16632.0;1.76
14/04/2016;receta 21;8.0;8020;8286.81;5.03;3.98;4.24;6.51;6.45;;mini;6.36;5.65;5.32;4:10;30.93;5.62;56.97;5107.0;1.18
14/04/2016;receta 06;8.0;12330;12035.26;4.8;3.61;4.04;6.53;6.42;;3 kg;6.34;5.52;5.23;15:50;30.17;5.31;56.07;14445.0;1.65
14/04/2016;receta 22;8.0;8720;9031.76;5.26;3.95;4.4;6.51;6.38;;mini;6.32;5.58;5.32;3:10;;;;6856.0;
14/04/2016;receta 30;8.0;9320;9306.32;4.36;3.47;4.28;6.53;6.42;6.33;mini;6.2;5.35;5.14;3:15;31.29;5.37;57.61;3807.0;1.27
15/04/2016;receta 10;5.0;13530;14100.32;4.67;3.64;4.39;6.57;6.43;6.3;barra 4,2 kg;6.3;5.22;5.1;2:40;31.29;5.29;58.09;13145.0;0.56
15/04/2016;receta 08;5.0;14530;15121.29;2.54;3.44;4.67;6.59;6.47;6.33;barra 4,2 kg;6.34;5.28;5.08;4:45;20.96;5.36;52.73;14511.0;0.95
15/04/2016;receta 02;5.0;10530;10660.41;6.09;4.78;4.04;6.6;6.46;6.41;3 kg;6.39;5.41;5.23;15:00;31.66;5.2;59.23;5774.0;1.34
15/04/2016;receta 23;5.0;10310;10452.03;5.78;4.41;4.19;6.54;6.42;6.38;3 kg;6.34;5.35;5.23;14:10;31.94;5.23;59.08;3816.0;1.06
15/04/2016;receta 06;6.0;12530;12706.32;5.22;3.95;4.37;6.51;6.48;6.39;3 kg;6.35;5.47;5.22;14:50;30.69;5.16;58.3;16756.0;1.29
15/04/2016;receta 35;6.0;12030;12431.59;5.28;4.1;3.83;6.56;6.45;6.39;barra 4,2 kg;6.37;5.58;5.36;13:55;30.69;5.32;57.75;3843.0;1.33
15/04/2016;receta 28;6.0;14050;14584.98;4.64;3.95;4.05;6.56;6.47;6.4;barra 4,2 kg;6.36;5.62;5.39;12:55;31.31;5.43;58.68;2155.0;1.17
15/04/2016;receta 12;6.0;11530;12226.54;5.08;4.04;3.79;6.5;6.38;6.18;barra 4,2 kg;6.14;5.4;5.22;14:55;30.69;5.34;57.95;9486.0;1.22
18/04/2016;receta 26;6.0;10020;10132.06;4.58;3.58;4.25;6.58;6.4;6.31;1 kg;6.32;5.5;5.33;8:45;31.77;5.51;58.05;4202.0;1.13
18/04/2016;receta 02;6.0;11830;12116.43;6.18;4.77;4.03;6.52;6.48;6.42;3 kg;6.42;5.69;5.39;15:45;30.98;5.4;57.65;11673.0;1.46
18/04/2016;receta 15;6.0;8520;8819.65;4.92;3.89;4.15;6.54;6.36;6.29;1 kg;6.2;5.32;5.18;8:15;31.86;5.62;58.02;17813.0;1.2
18/04/2016;receta 03;6.0;13530;14061.27;4.61;3.61;4.27;6.6;6.43;;3 kg;6.3;5.28;5.14;7:55;30.98;5.42;57.17;17522.0;1.9
18/04/2016;receta 06;8.0;13030;13006.87;5.26;3.95;4.29;6.55;;;3 kg;6.35;5.57;5.2;16:45;30.14;5.26;56.31;19468.0;1.24
18/04/2016;receta 33;8.0;11020;11285.32;6.31;5.01;4.3;6.54;6.43;6.3;mini;6.38;5.67;5.22;6:40;30.43;5.53;56.97;4140.0;1.67
19/04/2016;receta 08;6.0;12030;11912.85;2.48;3.45;4.04;6.57;6.49;6.41;barra 4,2 kg;6.37;5.72;5.41;4:40;20.37;5.58;50.37;2718.0;1.46
19/04/2016;receta 14;6.0;11940;12114.63;6.12;4.91;4.15;6.54;6.44;6.39;barra 4,2 kg;6.42;6.1;5.69;11:05;31.37;5.46;58.34;2244.0;0.96
19/04/2016;receta 10;6.0;12730;13011.79;4.66;3.7;4.28;6.56;6.42;6.38;barra 4,2 kg;6.33;5.62;5.47;13:50;31.48;5.51;58.07;10803.0;1.04
19/04/2016;receta 09;6.0;12780;12877.99;2.4;3.33;3.9;6.62;6.47;;3 kg;6.34;5.36;5.27;6:40;20.17;5.44;52.14;1354.0;1.16
19/04/2016;receta 02;6.0;11330;11544.92;6.23;4.96;4.21;6.55;6.48;6.4;3 kg;6.41;5.56;5.41;14:15;;;;4461.0;
19/04/2016;receta 12;6.0;12530;13327.72;5.28;4.02;4.21;6.53;6.4;6.28;barra 4,2 kg;6.24;5.28;5.11;14:15;31.45;5.41;57.37;3915.0;1.23
19/04/2016;receta 29;6.0;13030;12887.75;5.22;3.98;4.19;6.53;6.43;6.35;3 kg;6.28;5.47;5.26;14:35;;;;12407.0;
19/04/2016;receta 07;6.0;10730;11054.87;4.07;3.12;4.24;6.56;6.45;6.37;barra 4,2 kg;6.3;5.35;5.1;17:30;;;;5483.0;
19/04/2016;receta 13;6.0;11530;11675.45;5.14;3.9;4.24;6.53;6.45;6.4;barra 4,2 kg;6.4;5.75;5.63;13:00;30.87;5.41;56.39;13115.0;1.4
19/04/2016;receta 25;7.0;10030;10437.18;4.46;3.54;4.18;6.56;6.4;6.32;barra 4,2 kg;6.06;5.0;4.96;;;;;4070.0;
20/04/2016;receta 18;6.0;9220;9016.81;4.69;3.71;4.41;6.55;6.44;6.36;mini;6.32;5.6;5.28;0:30;30.85;5.45;57.17;5205.0;0.73
20/04/2016;receta 16;6.0;9220;8966.62;4.63;3.66;4.36;6.52;6.43;6.3;barra 3 kg;6.35;5.6;5.25;17:00;30.63;5.42;57.27;12607.0;1.59
20/04/2016;receta 19;6.0;11020;10860.14;2.41;3.36;4.19;6.59;6.48;6.4;mini;6.35;5.58;5.26;3:20;20.36;5.57;50.86;3587.0;1.61
20/04/2016;receta 20;6.0;9520;9478.85;3.96;3.05;4.13;6.6;6.47;6.38;mini;6.34;5.32;5.11;3:15;30.48;5.49;57.39;10285.0;1.07
20/04/2016;receta 17;7.0;8020;8288.34;5.02;3.97;4.14;6.57;6.44;;barra 3 kg;6.31;5.36;5.12;16:00;30.93;5.51;57.26;8951.0;1.51
20/04/2016;receta 21;5.0;8090;8556.91;5.28;4.17;4.35;6.57;;;mini;6.36;5.44;5.22;3:30;;;;3520.0;
20/04/2016;receta 30;5.0;10100;10245.88;4.43;3.53;4.11;6.56;6.46;6.42;mini;6.2;5.29;5.08;3:30;29.84;5.45;55.76;4208.0;1.52
21/04/2016;receta 02;6.0;10830;11011.31;5.67;4.45;4.12;6.55;6.5;6.43;3 kg;6.43;;;16:40;30.11;5.19;56.33;10252.0;1.65
21/04/2016;receta 15;6.0;8820;8947.93;5.15;4.03;4.3;6.52;6.48;6.36;1 kg;6.32;5.6;5.37;7:00;30.77;5.49;57.27;25679.0;1.16
21/04/2016;receta 11;6.0;8520;8890.99;5.33;4.18;4.46;6.53;6.39;6.3;3 kg;6.37;5.27;5.01;15:30;31.14;5.19;57.34;26722.0;1.23
21/04/2016;receta 06;6.0;13530;13400.53;5.12;3.89;4.22;6.51;6.47;6.42;3 kg;6.39;5.57;5.24;15:15;;;;13542.0;
22/04/2016;receta 07;6.0;12030;12110.82;4.26;3.03;4.09;6.58;6.46;6.38;barra 4,2 kg;6.35;5.5;5.27;15:25;32.38;5.34;58.05;7540.0;1.17
22/04/2016;receta 10;6.0;13230;13637.5;4.7;3.69;4.32;6.54;6.44;;barra 4,2 kg;6.33;5.54;5.3;2:45;30.92;5.34;57.01;21401.0;0.57
22/04/2016;receta 02;6.0;10030;10204.18;6.03;4.77;3.91;6.58;6.5;6.45;3 kg;6.44;5.62;5.31;13:55;31.83;5.28;57.77;3840.0;1.35
22/04/2016;receta 06;6.0;12530;12694.02;5.18;4.0;4.07;6.53;6.45;6.4;3 kg;6.4;5.71;5.39;14:00;;;;17980.0;
22/04/2016;receta 28;6.0;13910;14382.29;4.97;3.93;3.86;6.6;6.48;;barra 4,2 kg;6.4;5.69;5.33;10:20;30.34;5.46;55.13;2228.0;1.59
22/04/2016;receta 12;6.0;11530;11906.63;5.07;3.99;4.29;6.53;6.38;6.27;barra 4,2 kg;6.21;5.44;5.28;14:15;32.68;5.47;58.78;10571.0;0.7
22/04/2016;receta 31;5.0;11530;12507.85;5.76;4.52;4.33;6.55;6.48;6.42;barra 4,2 kg;6.42;5.88;5.49;15:20;30.38;5.51;56.23;4488.0;1.71
25/04/2016;receta 02;7.0;12530;12837.56;5.75;4.94;4.11;6.55;6.49;6.43;3 kg;6.42;5.8;5.54;14:25;32.24;5.22;58.43;15240.0;1.31
25/04/2016;receta 26;7.0;9000;9000.0;4.52;3.6;4.29;6.55;6.4;6.34;1 kg;6.28;5.55;5.26;7:50;30.89;5.56;56.86;5077.0;1.72
25/04/2016;receta 15;7.0;8520;8825.38;4.98;3.97;4.21;6.55;;;1 kg;6.18;5.5;5.27;7:25;29.9;5.53;55.93;18161.0;1.42
25/04/2016;receta 03;7.0;15030;15286.59;4.59;3.65;4.35;6.57;6.4;;3 kg;6.3;5.23;5.08;18:10;30.5;5.34;57.27;14004.0;1.59
25/04/2016;receta 06;7.0;13030;12879.74;5.21;3.92;4.28;6.56;6.46;6.4;3 kg;6.39;5.54;5.3;15:55;30.87;5.25;56.32;16816.0;1.68
26/04/2016;receta 14;7.0;11530;12298.46;6.38;5.1;4.26;6.53;6.49;6.44;barra 4,2 kg;6.41;6.19;5.84;15:00;30.31;5.12;56.69;6709.0;1.97
26/04/2016;receta 08;7.0;15030;14915.36;2.5;3.31;4.48;6.56;6.46;6.4;barra 4,2 kg;6.36;5.5;5.37;5:15;20.77;5.38;50.92;14523.0;1.65
26/04/2016;receta 29;7.0;12030;12407.23;5.06;4.0;4.18;6.54;6.38;6.29;3 kg;6.26;5.56;5.27;15:30;31.26;5.32;57.52;11441.0;1.14
26/04/2016;receta 06;7.0;12530;13035.57;5.34;4.02;4.39;6.51;6.42;6.34;3 kg;6.33;5.49;5.26;14:55;31.29;5.29;57.72;14390.0;1.48
26/04/2016;receta 35;7.0;13030;13321.68;5.04;3.9;4.1;6.62;6.46;6.4;barra 4,2 kg;6.44;5.88;5.45;14:30;30.09;5.39;56.18;4286.9;1.95
26/04/2016;receta 12;7.0;13030;13006.87;5.24;4.06;4.24;6.55;6.42;6.26;barra 4,2 kg;6.26;5.6;5.4;11:05;30.62;5.3;57.24;9437.1;1.08
26/04/2016;receta 31;7.0;10420;11816.7;5.73;4.34;3.99;6.6;6.48;6.43;barra 4,2 kg;6.48;5.7;5.29;14:05;30.99;5.34;56.4;5861.0;1.32
28/04/2016;receta 18;7.0;9030;8969.27;4.64;3.62;4.31;6.58;6.46;6.38;mini;6.34;5.58;5.33;0:30;30.52;5.68;57.46;8499.0;0.67
28/04/2016;receta 16;7.0;8030;8311.23;4.67;3.64;4.34;6.56;6.45;6.37;barra 3 kg;6.36;5.36;5.08;18:40;31.05;5.37;57.82;12789.0;0.31
28/04/2016;receta 19;7.0;9520;9274.8;2.53;3.35;4.4;6.63;6.5;6.43;mini;6.37;5.6;5.44;3:55;;;;4431.0;
28/04/2016;receta 20;7.0;9020;9127.38;3.98;2.92;4.02;6.62;6.49;6.39;mini;6.35;5.59;5.28;3:30;30.9;5.51;56.34;7107.0;1.4
28/04/2016;receta 30;5.0;9020;9164.24;4.36;3.46;4.12;6.55;6.38;6.23;mini;6.1;5.28;5.1;3:50;30.76;5.25;57.59;3693.0;1.31
28/04/2016;receta 17;5.0;8020;8550.46;4.9;3.95;4.25;6.58;;;barra 3 kg;6.33;5.54;5.28;12:20;;;;8811.0;
28/04/2016;receta 22;5.0;8020;7733.8;4.9;3.72;3.96;6.55;6.43;6.22;mini;6.15;4.89;4.82;15:50;32.34;5.31;58.18;3737.0;1.15
29/04/2016;receta 14;5.0;11530;11728.48;6.12;4.94;4.15;6.56;6.49;6.44;barra 4,2 kg;6.41;5.87;5.45;12:50;31.1;5.21;58.35;4404.0;1.37
29/04/2016;receta 10;5.0;14530;15043.02;4.64;3.66;4.34;6.58;6.45;6.37;barra 4,2 kg;;5.52;5.33;2:30;29.25;5.39;56.01;16275.0;0.98
29/04/2016;receta 02;5.0;11530;11793.81;6.32;5.27;4.45;6.55;6.49;6.41;3 kg;6.42;5.78;5.41;15:20;32.87;5.24;60.22;13575.0;1.18
29/04/2016;receta 08;7.0;13030;13159.93;2.58;3.4;4.63;6.55;6.47;6.42;barra 4,2 kg;6.33;5.42;5.29;4:55;21.76;5.37;51.05;16089.0;1.55
29/04/2016;receta 09;7.0;15350;15663.47;2.48;3.27;4.41;6.59;6.45;6.4;3 kg;6.34;5.28;5.03;7:00;21.36;5.41;50.48;1967.0;1.45
29/04/2016;receta 06;7.0;12530;13086.42;5.13;3.92;4.26;6.53;6.44;6.39;3 kg;6.36;5.4;5.07;15:20;31.19;5.16;57.43;3987.0;1.51
29/04/2016;receta 11;7.0;12530;12705.08;4.59;3.67;4.11;6.55;6.42;6.35;3 kg;6.31;5.22;4.92;14:00;31.07;5.22;58.57;25624.0;1.26
29/04/2016;receta 25;5.0;15440;15709.1;4.54;3.6;4.31;;;;barra 4,2 kg;6.25;5.3;5.22;14:05;30.59;5.2;57.45;2108.0;1.44
29/04/2016;receta 13;5.0;13030;13129.0;5.25;3.98;4.34;;;;barra 4,2 kg;6.39;5.96;5.51;15:15;30.08;5.95;55.15;4825.0;2.0
02/05/2016;receta 02;7.0;11530;11795.28;5.87;4.85;4.05;6.6;;;3 kg;6.45;5.72;5.47;16:15;30.97;5.4;58.08;15858.0;1.32
02/05/2016;receta 26;7.0;9030;9328.65;4.64;3.63;4.31;6.59;6.48;6.4;1 kg;6.4;5.67;5.35;8:10;31.23;5.77;57.55;2566.0;1.43
02/05/2016;receta 15;7.0;8530;9071.17;4.93;3.89;4.16;6.57;6.46;6.37;1 kg;6.35;5.58;5.36;8:40;29.79;5.52;55.64;10608.0;1.57
02/05/2016;receta 03;7.0;14530;14764.2;4.77;3.63;4.32;6.6;6.45;;3 kg;6.3;5.36;5.13;17:40;31.33;5.4;56.21;12809.0;1.63
02/05/2016;receta 16;6.0;8020;8291.01;4.63;3.62;4.29;6.58;6.46;6.32;barra 3 kg;6.28;5.45;5.29;19:50;31.47;5.46;57.41;11728.0;1.81
02/05/2016;receta 06;6.0;13030;13240.82;5.17;3.91;4.29;6.6;6.5;6.47;3 kg;6.37;5.44;5.1;16:30;;;;25321.0;
03/05/2016;receta 14;8.0;12530;12758.49;6.57;5.25;4.37;6.56;6.49;6.44;barra 4,2 kg;6.38;5.73;5.5;14:35;31.3;5.36;59.4;7481.0;1.33
03/05/2016;receta 29;8.0;13030;13591.22;5.04;3.99;4.18;6.59;6.35;6.22;3 kg;6.15;5.14;5.1;16:30;31.09;5.35;57.81;10978.0;1.15
03/05/2016;receta 12;8.0;13030;13426.6;5.34;4.21;4.4;6.56;6.42;6.3;barra 4,2 kg;6.25;5.26;5.05;16:00;;;;26942.0;
03/05/2016;receta 06;8.0;12030;12208.86;5.26;3.95;4.41;6.6;6.45;6.38;3 kg;6.35;5.53;5.2;16:35;30.53;5.29;56.1;21949.0;1.71
03/05/2016;receta 07;6.0;11530;11941.85;4.49;3.19;4.43;6.56;6.45;6.35;barra 4,2 kg;6.22;5.24;5.12;18:00;33.16;5.43;58.12;5932.0;1.33
03/05/2016;receta 28;5.0;13790;14315.49;4.93;3.92;3.87;6.61;6.45;6.39;barra 4,2 kg;6.38;5.52;5.17;12:00;33.15;5.35;57.77;2168.0;1.25
04/05/2016;receta 16;8.0;8030;8314.66;4.64;3.65;4.42;6.59;6.45;6.33;barra 3 kg;6.26;5.5;5.28;17:45;31.45;5.38;58.01;9347.0;1.84
04/05/2016;receta 18;8.0;9030;8905.71;4.48;3.53;4.28;6.6;6.46;6.35;mini;6.28;5.5;5.23;0:30;30.34;5.51;57.14;8656.0;0.81
04/05/2016;receta 19;8.0;11020;10798.18;2.43;3.32;4.25;6.63;6.45;6.38;mini;6.3;5.27;5.05;3:45;21.15;5.4;51.44;2382.0;1.61
04/05/2016;receta 17;8.0;8120;8465.64;5.04;3.99;4.31;6.61;6.47;6.41;barra 3 kg;6.34;5.55;5.25;14:30;32.23;5.39;58.41;13519.0;1.2
04/05/2016;receta 20;8.0;10020;10462.74;3.81;2.83;3.9;6.61;6.45;6.42;mini;6.35;5.37;5.17;4:10;29.46;5.45;55.84;3483.0;1.47
04/05/2016;receta 22;5.0;8520;8662.67;5.16;3.82;4.22;6.58;6.52;6.42;mini;6.4;5.95;5.77;3:25;;;;6940.0;
04/05/2016;receta 30;5.0;9020;9415.68;4.76;3.76;4.49;;6.38;6.22;mini;6.3;5.17;5.0;3:05;31.08;5.42;56.42;6497.0;1.3
06/05/2016;receta 10;8.0;14530;14520.63;4.64;3.66;4.3;6.58;;;barra 4,2 kg;6.3;5.22;5.05;2:45;30.41;5.36;56.63;12682.0;0.81
06/05/2016;receta 02;8.0;11530;11922.37;6.34;5.13;4.23;;;;3 kg;6.4;5.87;5.57;15:40;31.17;5.24;57.82;16085.0;1.26
06/05/2016;receta 08;8.0;13030;13012.21;2.38;3.37;4.49;6.61;6.46;6.39;barra 4,2 kg;6.33;5.34;5.17;4:35;19.76;5.29;51.35;7247.0;1.41
06/05/2016;receta 09;8.0;15130;16025.31;2.41;3.42;4.59;6.62;6.45;6.39;3 kg;6.42;5.31;5.16;6:50;19.7;5.44;50.26;1714.0;1.77
06/05/2016;receta 31;8.0;11780;12171.48;5.36;4.34;3.91;6.58;6.47;6.43;barra 4,2 kg;6.39;5.8;5.52;12:40;30.25;5.24;56.12;2002.0;1.67
06/05/2016;receta 07;8.0;11020;11192.23;4.03;3.05;4.03;6.61;6.45;6.39;barra 4,2 kg;6.39;5.54;5.31;14:25;;;;5743.0;
06/05/2016;receta 13;5.0;12030;12213.35;5.26;3.9;4.25;6.58;6.47;6.42;barra 4,2 kg;6.35;5.55;5.33;15:25;30.43;5.39;56.03;5783.0;1.71
06/05/2016;receta 25;5.0;14720;15275.91;4.28;3.54;4.28;6.55;;;barra 4,2 kg;6.37;5.41;5.25;15:40;;;;5729.0;
06/05/2016;receta 06;5.0;11530;11918.46;5.52;4.06;4.4;6.58;6.46;6.4;3 kg;6.34;5.29;5.12;14:45;31.56;5.28;58.09;3520.0;1.15
09/05/2016;receta 02;5.0;13530;14132.28;6.38;5.17;4.23;6.59;6.47;6.42;3 kg;6.42;5.72;5.38;15:10;32.1;5.31;59.28;18159.0;1.34
09/05/2016;receta 26;5.0;9020;9163.47;4.48;3.5;4.22;6.61;6.45;6.34;1 kg;6.2;5.38;5.13;8:10;31.02;5.34;56.74;2497.0;1.53
09/05/2016;receta 15;5.0;8520;8913.58;4.92;3.91;4.17;6.59;6.45;6.38;1 kg;6.28;5.4;5.16;8:25;29.68;5.55;56.33;21556.0;1.55
09/05/2016;receta 03;5.0;13530;14026.55;4.74;3.72;4.48;6.62;6.48;;3 kg;6.36;5.38;5.15;18:35;31.45;5.38;57.75;11656.0;1.34
09/05/2016;receta 06;5.0;14530;15064.92;5.49;4.05;4.35;6.58;6.48;6.42;3 kg;6.34;5.25;5.01;16:20;31.53;5.15;57.47;7282.0;1.33
09/05/2016;receta 16;7.0;8020;8148.72;4.49;3.5;4.23;6.63;6.45;6.31;barra 3 kg;6.2;5.33;5.1;17:00;31.89;5.43;57.13;12589.0;1.53
09/05/2016;receta 32;7.0;8020;8353.7;5.32;4.04;4.3;6.57;6.47;6.41;mini;6.36;5.8;5.36;6:50;;;;4229.0;
10/05/2016;receta 35;5.0;13910;14047.38;5.07;4.07;4.26;6.66;6.49;6.4;barra 4,2 kg;6.35;5.5;5.38;15:05;29.97;5.44;56.72;2157.0;1.76
10/05/2016;receta 10;5.0;13680;13755.74;4.53;3.62;4.12;6.6;6.44;6.36;barra 4,2 kg;6.33;5.38;5.1;15:25;32.02;5.36;57.98;3880.0;1.24
10/05/2016;receta 12;5.0;12530;12945.42;5.15;4.08;4.26;6.61;;;barra 4,2 kg;6.34;5.62;5.13;11:50;30.91;5.42;56.39;23290.0;1.47
10/05/2016;receta 29;5.0;14840;14707.58;5.09;4.01;4.22;6.59;6.48;6.4;3 kg;6.37;5.4;5.27;15:40;30.28;5.36;56.95;2300.0;1.2
10/05/2016;receta 06;5.0;12530;12717.76;5.3;3.98;4.35;6.56;6.47;;3 kg;6.29;5.35;5.12;14:20;32.83;5.14;58.93;25217.0;1.16
10/05/2016;receta 07;5.0;11530;11888.41;4.52;3.27;4.36;6.56;6.44;6.4;barra 4,2 kg;6.3;5.36;5.11;17:10;32.56;5.45;58.14;11718.0;1.14
10/05/2016;receta 23;5.0;9030;9031.77;5.84;4.89;3.92;6.63;6.48;6.45;3 kg;6.41;5.7;5.39;14:50;30.89;5.41;57.4;3324.0;1.25
12/05/2016;receta 18;5.0;9030;9138.06;4.25;3.49;4.16;6.61;6.46;6.4;mini;6.31;5.5;5.2;0:30;29.83;5.66;56.05;6183.0;0.56
12/05/2016;receta 16;5.0;8030;8222.72;4.69;3.78;4.5;6.57;6.43;6.35;barra 3 kg;6.3;5.46;5.2;16:30;30.56;5.43;56.7;6988.0;1.58
12/05/2016;receta 19;5.0;11020;11469.34;2.33;3.34;4.38;6.6;6.51;6.44;mini;6.33;5.5;5.17;4:15;20.38;5.44;50.5;4968.6;2.14
12/05/2016;receta 20;5.0;9330;9623.56;3.94;2.93;3.94;6.57;6.2;6.08;mini;6.15;5.27;5.11;5:35;32.08;5.51;58.22;2093.89;1.24
12/05/2016;receta 17;5.0;8020;8562.25;5.29;4.24;4.53;6.61;6.46;6.37;barra 3 kg;6.35;5.69;5.32;;30.77;5.51;56.82;14119.0;1.63
12/05/2016;receta 02;7.0;13030;13369.08;6.29;5.09;4.08;6.52;6.46;6.4;3 kg;6.39;5.68;5.4;16:05;31.1;5.24;56.91;10775.8;1.57
12/05/2016;receta 03;7.0;15030;15133.29;4.47;3.65;4.27;6.55;6.3;6.09;3 kg;6.05;5.18;5.02;16:35;30.65;5.46;57.38;8548.0;1.56
12/05/2016;receta 11;7.0;14530;14554.82;4.5;3.61;4.31;6.5;6.32;6.13;3 kg;6.15;5.21;5.07;16:40;;;;9935.0;
13/05/2016;receta 14;5.0;11030;11446.94;6.42;5.02;4.19;6.56;6.48;6.4;barra 4,2 kg;6.39;6.0;5.7;16:10;32.28;5.18;58.92;4434.0;1.43
13/05/2016;receta 08;5.0;14530;14816.12;2.59;3.54;4.28;6.6;6.45;6.37;barra 4,2 kg;6.35;5.43;5.22;7:40;21.52;5.21;51.63;20272.0;1.63
13/05/2016;receta 02;5.0;11530;11921.98;6.48;5.07;4.26;6.56;;;3 kg;6.42;5.57;5.32;14:50;32.41;5.13;58.41;4570.0;1.35
13/05/2016;receta 29;5.0;12530;13335.58;5.0;4.04;3.95;6.54;6.43;6.33;3 kg;6.31;5.32;5.25;14:25;31.44;5.49;57.95;8068.0;1.36
13/05/2016;receta 28;5.0;13390;13742.96;4.83;3.91;3.82;6.56;6.48;6.41;barra 4,2 kg;6.36;5.7;5.52;15:00;30.89;5.4;56.85;2097.0;1.25
13/05/2016;receta 10;5.0;14030;14225.25;4.55;3.6;4.31;6.54;6.46;6.41;barra 4,2 kg;6.3;5.57;5.29;13:30;31.51;5.3;57.65;12681.0;1.3
13/05/2016;receta 31;5.0;10530;11028.69;6.18;4.6;4.07;6.5;6.44;6.42;barra 4,2 kg;6.36;5.78;5.48;13:30;;;;6001.0;
16/05/2016;receta 26;5.0;9030;9132.95;4.32;3.53;4.22;6.53;6.43;6.32;1 kg;6.4;5.62;5.34;8:30;31.94;5.25;58.33;2452.0;1.23
16/05/2016;receta 02;5.0;12820;13201.3;6.35;5.21;4.18;6.52;6.44;;3 kg;;5.6;5.2;15:25;31.07;5.46;57.86;12600.0;1.21
16/05/2016;receta 03;5.0;13030;13547.42;4.56;3.66;4.4;6.54;;;3 kg;6.28;5.3;5.1;17:30;30.88;5.32;56.81;23331.0;1.42
16/05/2016;receta 15;5.0;8520;9090.43;4.92;3.98;4.06;6.54;6.46;6.4;1 kg;6.35;5.72;5.4;9:05;30.05;5.41;56.39;7932.0;1.5
16/05/2016;receta 33;6.0;8520;8684.61;6.19;5.15;4.15;6.53;6.45;6.4;mini;6.4;5.76;5.35;8:00;30.84;5.36;57.24;2592.0;1.57
16/05/2016;receta 16;6.0;8020;8280.71;4.6;3.64;4.43;6.52;6.35;6.23;barra 3 kg;6.2;5.32;5.08;17:10;30.96;5.47;56.77;11838.0;1.76
16/05/2016;receta 06;6.0;13530;14109.34;5.24;4.02;4.38;6.52;6.42;6.34;3 kg;6.28;5.4;5.14;18:05;31.01;5.32;56.62;15241.0;1.98
17/05/2016;receta 14;5.0;10530;10877.86;6.55;5.15;4.19;6.53;6.45;6.41;barra 4,2 kg;6.4;5.8;5.4;13:45;30.57;5.4;57.29;6100.0;1.28
17/05/2016;receta 10;5.0;12030;12189.69;4.45;3.6;4.15;6.54;6.39;6.32;barra 4,2 kg;6.25;5.25;5.13;3:25;31.18;5.53;57.08;6680.0;0.68
17/05/2016;receta 12;5.0;13030;12998.32;4.88;3.97;4.3;6.54;6.4;6.33;barra 4,2 kg;6.28;5.33;5.21;17:15;30.68;5.27;56.88;26810.0;1.47
17/05/2016;receta 29;5.0;13530;13657.45;5.09;4.09;4.43;6.54;6.35;6.29;3 kg;6.27;5.25;5.06;17:00;30.27;5.38;57.29;4909.0;1.16
17/05/2016;receta 06;5.0;12030;12438.8;5.23;4.09;4.44;6.53;6.42;6.39;3 kg;6.32;5.54;5.38;14:30;;;;16423.0;
17/05/2016;receta 35;6.0;12530;12698.69;5.0;3.99;4.34;6.54;6.41;6.41;barra 4,2 kg;6.35;;;14:15;30.27;5.45;56.74;1909.0;1.48
17/05/2016;receta 31;6.0;11130;11253.11;5.65;4.56;3.84;6.54;6.49;6.43;barra 4,2 kg;6.37;5.47;5.18;15:30;31.6;5.5;57.95;1857.0;1.35
18/05/2016;receta 36;5.0;9090;9390.36;4.9;3.76;4.14;6.56;6.45;6.39;mini;6.3;5.7;5.4;5:30;31.75;5.6;57.37;398.35;1.6
18/05/2016;receta 18;5.0;9020;9201.05;4.39;3.52;4.22;6.57;6.41;6.28;mini;6.35;5.51;5.22;6:20;31.08;5.65;57.48;6406.0;0.76
18/05/2016;receta 16;5.0;8020;8288.34;4.8;3.66;4.4;6.52;6.37;6.3;barra 3 kg;6.25;5.37;5.06;17:40;34.67;5.45;59.72;9611.0;1.41
18/05/2016;receta 20;5.0;9520;9913.11;4.0;2.93;3.9;6.55;6.32;6.17;mini;6.28;5.35;5.06;4:10;29.8;5.57;55.33;3385.0;1.36
18/05/2016;receta 30;6.0;9520;9451.07;4.39;3.57;4.18;6.57;6.4;6.3;mini;6.28;5.35;5.14;5:15;29.99;5.32;56.54;5158.0;1.33
18/05/2016;receta 17;6.0;8320;8467.93;5.1;3.98;4.38;6.53;6.39;6.3;barra 3 kg;6.31;5.55;5.22;;;;;12628.0;
18/05/2016;receta 22;6.0;8520;8801.55;5.03;3.81;4.1;6.57;6.47;6.39;mini;6.31;5.45;5.11;3:35;;;;4094.0;
19/05/2016;receta 15;5.0;9030;9164.24;4.78;3.89;4.18;6.55;6.46;6.39;1 kg;6.3;5.65;5.26;6:50;30.05;5.49;55.03;25151.0;1.42
19/05/2016;receta 17;5.0;8030;8566.17;4.95;4.01;4.3;6.53;6.46;6.38;barra 3 kg;6.29;5.69;5.16;15:05;31.09;5.44;57.11;23572.0;1.16
20/05/2016;receta 02;5.0;13030;13342.45;6.26;4.99;4.12;6.56;6.47;6.42;3 kg;6.38;5.52;5.24;14:45;;;;14397.0;
20/05/2016;receta 14;5.0;11030;11287.58;6.61;5.26;4.39;6.54;6.48;6.42;barra 4,2 kg;6.41;6.0;5.6;;31.59;5.37;58.44;2193.0;1.34
20/05/2016;receta 08;5.0;14530;14826.16;2.38;3.37;4.58;6.57;6.46;6.36;barra 4,2 kg;6.3;5.59;5.25;6:15;21.07;5.42;51.38;12611.0;1.93
20/05/2016;receta 23;5.0;9020;9213.08;5.85;4.47;4.03;6.57;6.48;6.41;3 kg;6.44;5.48;5.35;14:00;32.7;5.18;57.46;3335.0;1.64
20/05/2016;receta 09;5.0;9420;9550.42;2.37;3.37;4.58;6.55;6.47;6.4;3 kg;6.38;5.37;5.2;6:10;20.32;5.4;51.43;2248.0;1.37
20/05/2016;receta 10;5.0;12530;12682.57;4.58;3.59;4.36;6.55;6.46;;barra 4,2 kg;6.28;5.43;5.17;;33.35;5.36;59.48;13283.0;1.23
20/05/2016;receta 03;6.0;14030;14642.42;4.81;3.79;4.61;6.53;6.41;;3 kg;6.28;5.3;5.16;;32.37;5.3;57.79;6090.0;1.31
20/05/2016;receta 29;6.0;14530;14688.35;5.04;4.03;4.29;6.52;6.37;6.27;3 kg;6.3;5.43;5.25;;;;;8826.0;
20/05/2016;receta 07;6.0;12530;12726.18;4.34;3.14;4.23;6.52;6.42;6.28;barra 4,2 kg;6.18;5.36;5.12;;32.9;5.35;58.02;7868.0;1.26
20/05/2016;receta 11;6.0;12530;12973.22;4.54;3.71;4.13;6.59;6.42;6.35;3 kg;6.25;5.18;5.0;;;;;14448.0;
20/05/2016;receta 25;6.0;14090;14550.54;4.3;3.54;3.94;6.57;6.41;6.34;barra 4,2 kg;6.2;5.1;4.98;;32.52;5.2;58.39;1732.0;1.29
20/05/2016;receta 31;6.0;11450;11275.17;5.77;4.41;3.98;6.58;6.43;6.38;barra 4,2 kg;6.38;5.51;5.24;;32.87;5.39;57.25;1925.0;1.4
23/05/2016;receta 02;5.0;12030;12547.83;6.47;5.17;4.31;6.56;6.47;6.4;3 kg;6.4;5.65;5.25;16:05;31.39;5.26;57.09;14272.0;1.67
23/05/2016;receta 26;5.0;10030;10195.67;4.38;3.54;4.28;6.57;6.4;6.24;1 kg;6.28;5.22;5.12;7:25;30.39;5.43;56.95;2628.0;1.5
23/05/2016;receta 15;5.0;8520;8664.87;4.89;3.88;4.29;6.53;6.44;6.33;1 kg;6.25;5.7;5.26;7:30;30.2;5.42;56.4;17074.0;1.54
23/05/2016;receta 03;5.0;13530;14063.57;4.79;3.81;4.58;6.58;6.42;6.35;3 kg;6.3;5.28;5.12;18:00;31.18;5.51;57.17;18342.0;1.44
23/05/2016;receta 06;7.0;13530;14135.51;5.32;3.99;4.46;6.54;6.44;6.38;3 kg;6.4;5.21;5.02;15:25;30.69;5.4;56.46;20089.0;1.96
23/05/2016;receta 27;7.0;9530;9664.26;4.12;3.37;3.9;6.54;6.42;6.29;mini;6.2;5.36;5.17;7:00;30.78;5.42;56.04;2520.0;1.52
23/05/2016;receta 33;7.0;7530;7647.44;6.06;4.81;4.0;6.56;6.47;6.42;mini;6.36;;;6:32;30.92;5.81;56.32;2908.0;1.78
24/05/2016;receta 14;5.0;12030;12253.78;6.4;5.13;4.29;6.59;6.48;6.42;barra 4,2 kg;6.41;5.9;5.32;12:50;32.1;5.27;59.52;4738.0;1.43
24/05/2016;receta 12;5.0;13030;13311.56;5.1;3.93;4.04;6.55;6.44;6.31;barra 4,2 kg;6.37;5.53;5.25;14:00;30.88;5.34;56.76;28264.0;1.69
24/05/2016;receta 29;5.0;12580;12608.28;5.06;4.05;4.31;6.53;6.39;6.32;3 kg;6.35;5.42;5.25;14:30;31.68;5.28;58.4;3472.0;0.88
24/05/2016;receta 11;5.0;12530;13067.16;4.43;3.62;4.42;6.53;6.42;6.36;3 kg;6.3;5.44;5.3;15:15;;;;13053.0;
24/05/2016;receta 35;7.0;13030;13592.29;5.1;4.0;4.28;6.56;6.46;6.4;barra 4,2 kg;6.39;5.7;5.31;14:55;30.02;5.46;56.76;2028.0;1.57
24/05/2016;receta 06;7.0;9530;9868.86;5.35;4.0;4.26;6.52;6.42;6.36;3 kg;6.44;5.55;5.3;15:30;30.94;5.4;56.85;3191.0;1.52
24/05/2016;receta 31;7.0;10030;10185.49;5.46;4.21;3.75;6.59;6.5;6.42;barra 4,2 kg;6.4;5.8;5.51;16:20;31.62;5.41;56.07;3485.0;1.79
25/05/2016;receta 36;5.0;9910;10046.51;4.66;3.68;4.02;6.55;6.47;6.38;mini;6.41;5.8;5.5;4:00;29.56;5.54;54.4;1438.0;1.77
25/05/2016;receta 18;5.0;9030;9221.82;4.55;3.6;4.27;6.56;6.44;6.32;mini;6.32;5.52;5.28;0:30;;;;6281.0;
25/05/2016;receta 16;5.0;8030;8202.12;4.81;3.78;4.49;6.53;6.45;6.35;barra 3 kg;6.34;5.65;5.3;42:45:00;31.65;5.44;57.52;18840.0;1.66
25/05/2016;receta 19;5.0;12320;13021.82;2.45;3.34;4.16;6.62;6.47;;mini;6.36;5.53;5.24;5:15;21.26;5.58;52.67;1322.0;1.76
25/05/2016;receta 20;5.0;8020;8187.29;4.17;3.05;4.09;6.5;6.38;;mini;6.35;5.4;5.26;5:55;;;;5837.0;
25/05/2016;receta 21;7.0;9520;9665.8;4.92;3.89;4.24;6.56;6.46;6.41;mini;6.37;5.71;5.31;5:20;30.03;5.63;55.32;10400.0;1.55
25/05/2016;receta 17;7.0;8220;8432.57;5.24;4.16;4.55;6.54;6.45;6.38;barra 3 kg;6.33;5.31;5.2;16:25;;;;4084.0;
25/05/2016;receta 22;7.0;8020;7754.63;4.98;3.82;4.12;6.55;6.44;6.38;mini;6.36;5.5;5.32;3:50;;;;3887.0;
27/05/2016;receta 10;5.0;12830;13011.79;4.43;3.57;4.28;6.53;6.44;6.3;barra 4,2 kg;6.26;5.45;5.18;3:05;31.04;5.31;56.93;14438.0;0.77
27/05/2016;receta 14;5.0;11680;12425.0;6.1;4.95;4.05;6.58;6.5;6.44;barra 4,2 kg;6.47;6.1;5.8;11:50;32.06;5.39;58.99;2195.0;1.2
27/05/2016;receta 02;5.0;12530;12945.89;6.49;5.16;4.25;6.54;6.49;6.42;3 kg;6.45;6.14;5.85;16:00;31.73;5.2;59.47;14432.0;1.23
27/05/2016;receta 08;5.0;14030;14342.65;2.47;3.46;4.59;6.59;6.45;;barra 4,2 kg;6.36;5.45;5.24;3:50;24.37;5.29;52.47;14458.0;1.28
27/05/2016;receta 23;5.0;10030;10400.27;5.97;4.69;4.26;6.57;6.48;6.44;3 kg;6.43;5.8;5.61;15:05;31.5;5.34;57.54;3707.0;1.41
27/05/2016;receta 29;5.0;10030;10191.85;4.73;3.82;4.08;6.55;6.38;6.3;3 kg;6.25;5.28;5.13;15:20;29.27;5.38;56.16;6628.0;1.48
27/05/2016;receta 11;5.0;10030;10426.23;4.51;3.65;3.83;6.57;6.45;;3 kg;6.29;5.15;5.05;16:05;31.06;5.23;57.28;6160.0;1.34
27/05/2016;receta 25;5.0;14530;14637.61;4.67;3.76;3.95;6.58;6.44;6.4;barra 4,2 kg;6.35;5.57;5.33;12:20;30.24;5.28;56.22;4290.0;1.3
27/05/2016;receta 31;5.0;10030;10414.38;5.91;4.76;4.32;6.58;6.5;6.42;barra 4,2 kg;6.45;5.72;5.5;14:25;;;;5569.0;
30/05/2016;receta 35;8.0;13270;13127.05;4.97;3.94;4.2;6.58;6.49;6.45;barra 4,2 kg;6.38;5.8;5.49;14:20;30.58;5.53;57.76;4102.0;1.39
30/05/2016;receta 02;8.0;12030;12430.89;6.19;5.08;4.17;6.57;6.5;6.45;3 kg;6.42;;;15:35;30.73;5.5;56.64;15865.0;1.55
30/05/2016;receta 12;8.0;14030;14574.05;5.13;4.1;4.34;6.58;6.42;6.35;barra 4,2 kg;6.31;5.57;5.3;11:05;29.82;5.49;56.25;21627.0;1.09
30/05/2016;receta 23;8.0;11030;11727.44;5.82;4.77;4.26;6.57;6.49;;3 kg;6.39;;;16:00;0.0;0.0;0.0;8323.0;0.0
30/05/2016;receta 29;6.0;12080;12550.32;4.97;3.92;4.04;6.57;6.44;6.36;3 kg;6.35;5.49;5.33;15:40;31.03;5.41;57.14;2234.0;1.26
30/05/2016;receta 03;6.0;15030;14902.54;4.63;3.67;4.24;6.58;6.47;6.31;3 kg;6.3;5.2;5.15;18:30;30.76;5.33;57.73;14971.0;0.48
30/05/2016;receta 07;6.0;11530;12225.36;4.28;3.01;4.16;6.59;6.4;6.32;barra 4,2 kg;6.25;5.36;5.13;16:40;;;;8137.0;
30/05/2016;receta 06;6.0;13030;13116.9;5.08;3.93;4.33;6.54;6.48;6.4;3 kg;6.42;5.9;5.3;15:35;31.76;5.46;57.58;16785.0;1.13
