fecha;entrada_kg;entrada_litros;entrada_grasa_g_l;entrada_prot_g_l;cuba_fab_litros;cuba_fab_grasa_g_l;cuba_fab_prot_g_l;stock_cierre_litros;queso_kg;queso_est_pct;queso_mg_pct;entrada_grasa_kg;entrada_prot_kg;cuba_fab_grasa_kg;cuba_fab_prot_kg
31/12/2023;5622;5458;41,11;36,22;;;;5458;;;;224,37838;197,68876;0;0
01/01/2024;5110;4961;45,87;38,09;5026;41,73;35,82;5419;578,78;55,14;27,16;227,56107;188,96449;209,73498;180,03132
02/01/2024;5298;5144;42,66;36,31;5027;41,45;35,1;5563;598,91;57,45;28,62;219,44304;186,77864;208,36915;176,4477
03/01/2024;5708;5542;43,83;35,47;5023;41,73;34,53;6105;593,82;53,64;27,6;242,90586;196,57474;209,60979;173,44419
04/01/2024;5203;5051;42,42;37,25;5022;41,01;34,91;6156;612,93;52,67;27,59;214,26342;188,14975;205,95222;175,31802
05/01/2024;;;;;6183;41,19;35,02;;734,07;53,43;26,29;0;0;254,67777;216,52866
06/01/2024;;;;;;;;;;;;0;0;0;0
07/01/2024;4689;4552;43,94;36,02;;;;4552;;;;200,01488;163,96304;0;0
08/01/2024;5293;5139;45,8;35,76;5027;42,87;34,7;4691;613,96;54,23;27,74;235,3662;183,77064;215,50749;174,4369
09/01/2024;5239;5086;39,37;36,03;5028;39,86;34,52;4777;616,68;53,07;26,57;200,23582;183,24858;200,41608;173,56656
10/01/2024;4946;4802;42,69;35,61;5026;40,3;34,48;4579;571,81;57,06;27,59;204,99738;170,99922;202,5478;173,29648
11/01/2024;5551;5389;40,97;35,61;5030;39,79;34,01;4968;599,27;55,42;27,67;220,78733;191,90229;200,1437;171,0703
12/01/2024;;;;;4996;40,03;34,15;;593,47;57,25;29,02;0;0;199,98988;170,6134
13/01/2024;;;;;;;;;;;;0;0;0;0
14/01/2024;5113;4964;44,09;35,16;;;;4964;;;;218,86276;174,53424;0;0
15/01/2024;5382;5225;41,29;36,07;5031;40,25;33,87;5189;612;55,91;27,58;215,74025;188,46575;202,49775;170,39997
16/01/2024;5465;5306;40,59;36,59;5032;39,66;34,89;5495;586,03;54,2;29,14;215,37054;194,14654;199,56912;175,56648
17/01/2024;5023;4877;44,07;36,04;5025;40,48;34,81;5372;592,58;55,07;28,27;214,92939;175,76708;203,412;174,92025
18/01/2024;5357;5201;43,01;36,14;5028;40,65;34,47;5573;598,19;56,03;28,45;223,69501;187,96414;204,3882;173,31516
19/01/2024;;;;;5590;40,99;34,67;;674,85;53,88;26,92;0;0;229,1341;193,8053
20/01/2024;;;;;;;;;;;;0;0;0;0
21/01/2024;5560;5398;46,25;36,26;;;;5398;;;;249,6575;195,73148;0;0
22/01/2024;5330;5175;41,18;36,97;5034;41,85;35,17;5573;605,28;55,26;28,58;213,1065;191,31975;210,6729;177,04578
23/01/2024;5192;5041;41,81;34,75;5025;40,53;34,17;5614;583,12;55,17;29,7;210,76421;175,17475;203,66325;171,70425
24/01/2024;5457;5298;42,25;35,66;5030;41,01;34,11;5912;594,22;53,94;27,8;223,8405;188,92668;206,2803;171,5733
25/01/2024;4562;4429;42,99;33,83;5019;40,84;33,37;5341;579,07;54,12;27,75;190,40271;149,83307;204,97596;167,48403
26/01/2024;;;;;5359;41,16;33,41;;620,37;56,5;28,43;0;0;220,57644;179,04419
27/01/2024;;;;;;;;;;;;0;0;0;0
28/01/2024;5454;5295;42,33;34,69;;;;5295;;;;224,13735;183,68355;0;0
29/01/2024;5063;4916;43,32;35,24;5022;40,69;33,45;5211;584,45;54,13;27,7;212,96112;173,23984;204,34518;167,9859
30/01/2024;5503;5343;42,1;37,27;5024;41,13;34,4;5554;566,9;54,94;28,35;224,9403;199,13361;206,63712;172,8256
31/01/2024;4932;4788;41,12;35,67;5024;39,82;34,2;5342;603,49;57,08;27,17;196,88256;170,78796;200,05568;171,8208
01/02/2024;4589;4455;44,23;36,45;5025;41,1;34,83;4797;576,16;53,38;27,1;197,04465;162,38475;206,5275;175,02075
02/02/2024;;;;;4831;40,8;34,72;;596,89;54,19;28,21;0;0;197,1048;167,73232
03/02/2024;;;;;;;;;;;;0;0;0;0
04/02/2024;5172;5021;41,87;35,18;;;;5021;;;;210,22927;176,63878;0;0
05/02/2024;5484;5324;42,85;35,87;5024;40,55;33,99;5345;599,65;55,42;26,9;228,1334;190,97188;203,7232;170,76576
06/02/2024;4875;4733;43,5;36,66;5024;40,88;34,57;5078;591,79;53,15;27,49;205,8855;173,51178;205,38112;173,67968
07/02/2024;4908;4765;43,52;34,46;5033;40,74;33,54;4843;569,19;54,32;27,95;207,3728;164,2019;205,04442;168,80682
08/02/2024;5346;5190;42,41;34,62;5028;40,83;33,38;5033;588,43;53,9;28,82;220,1079;179,6778;205,29324;167,83464
09/02/2024;;;;;5063;40,49;33,69;;621,4;54,59;27,33;0;0;205,00087;170,57247
10/02/2024;;;;;;;;;;;;0;0;0;0
11/02/2024;5059;4912;43,69;35,23;;;;4912;;;;214,60528;173,04976;0;0
12/02/2024;5135;4985;41,22;34,66;5031;40,51;33,41;4897;587,24;55,24;28,36;205,4817;172,7801;203,80581;168,08571
13/02/2024;4862;4720;42,85;35,78;5015;40,59;33,86;4617;617,22;53,77;28,92;202,252;168,8816;203,55885;169,8079
14/02/2024;5876;5705;41,9;35,94;5019;40,29;34,31;5322;569,76;55,39;28,43;239,0395;205,0377;202,21551;172,20189
15/02/2024;5225;5073;41,34;34,57;5034;39,79;33,54;5395;625,41;57,22;28,49;209,71782;175,37361;200,30286;168,84036
16/02/2024;;;;;5420;40,34;33,61;;659,87;53,35;27,27;0;0;218,6428;182,1662
17/02/2024;;;;;;;;;;;;0;0;0;0
18/02/2024;5353;5197;42,35;35,08;;;;5197;;;;220,09295;182,31076;0;0
19/02/2024;5466;5307;41,84;36,59;5027;40,43;34,36;5504;591,79;55,08;26,04;222,04488;194,18313;203,24161;172,72772
20/02/2024;5369;5213;44,99;35,11;5036;41,43;33,69;5717;597,64;55,79;27,63;234,53287;183,02843;208,64148;169,66284
21/02/2024;5361;5205;43,51;35,53;5019;41,48;33,96;5922;588,41;56,24;28,49;226,46955;184,93365;208,18812;170,44524
22/02/2024;5659;5494;45,09;36,08;5029;42,41;34,12;6416;591,25;54,87;29,68;247,72446;198,22352;213,27989;171,58948
23/02/2024;;;;;6452;42,18;34,18;;748,28;55,38;27,14;0;0;272,14536;220,52936
24/02/2024;;;;;;;;;;;;0;0;0;0
25/02/2024;5036;4889;41,37;35,72;;;;4889;;;;202,25793;174,63508;0;0
26/02/2024;5277;5123;41,6;36,96;5030;39,48;34,59;5012;614,18;54,03;27,03;213,1168;189,34608;198,5844;173,9877
27/02/2024;5381;5224;42,04;35,94;5022;39,62;34,53;5236;593,28;56,08;29,32;219,61696;187,75056;198,97164;173,40966
28/02/2024;5316;5161;40,47;35,46;5033;39,21;34,28;5397;592,68;54,82;27,94;208,86567;183,00906;197,34393;172,53124
29/02/2024;5410;5252;45,65;36,89;5016;41,44;34,79;5649;618,55;54,91;27,55;239,7538;193,74628;207,86304;174,50664
01/03/2024;;;;;5678;41,27;34,56;;667,99;55,32;27,6;0;0;234,33106;196,23168
02/03/2024;;;;;;;;;;;;0;0;0;0
03/03/2024;4721;4583;41,14;35,47;;;;4583;;;;188,54462;162,55901;0;0
04/03/2024;5512;5351;41,5;35,25;5024;39,64;33,88;4934;614,09;55,21;27,37;222,0665;188,62275;199,15136;170,21312
05/03/2024;5225;5073;41,39;35,1;5015;39,63;33,66;5007;588,01;54,59;27,2;209,97147;178,0623;198,74445;168,8049
06/03/2024;5415;5257;42,37;35,3;5028;40;33,58;5264;580,6;56,64;28,59;222,73909;185,5721;201,12;168,84024
07/03/2024;5202;5050;42,75;34,76;5037;40,22;33,44;5314;575,17;54,12;28,38;215,8875;175,538;202,58814;168,43728
08/03/2024;;;;;5342;40,63;33,31;;631,63;51,92;28,74;0;0;217,04546;177,94202
09/03/2024;;;;;;;;;;;;0;0;0;0
10/03/2024;5865;5694;41,47;37;;;;5694;;;;236,13018;210,678;0;0
11/03/2024;4672;4536;43,17;34,76;5030;40,42;34,51;5230;580,45;54,31;27,31;195,81912;157,67136;203,3126;173,5853
12/03/2024;4756;4617;41,53;35,31;5026;40,02;34,08;4847;617,48;53,63;28,88;191,74401;163,02627;201,14052;171,28608
13/03/2024;4954;4810;43,81;35,97;5030;40,51;34,24;4657;594,81;54,81;27,65;210,7261;173,0157;203,7653;172,2272
14/03/2024;5388;5231;41,44;36,89;5033;40,13;34,71;4888;598,48;53,98;28,34;216,77264;192,97159;201,97429;174,69543
15/03/2024;;;;;4907;40,26;34,65;;564,96;58,29;30,32;0;0;197,55582;170,02755
16/03/2024;;;;;;;;;;;;0;0;0;0
17/03/2024;4658;4522;41,07;37,49;;;;4522;;;;185,71854;169,52978;0;0
18/03/2024;5588;5425;44,83;36,02;5016;41,2;34,41;4947;583,75;53,76;28,68;243,20275;195,4085;206,6592;172,60056
19/03/2024;5153;5003;41,1;35,48;5021;40,46;34,19;4950;596,97;55,52;29,62;205,6233;177,50644;203,14966;171,66799
20/03/2024;5019;4873;42,63;35,62;5028;40,64;34,01;4823;595,98;54,62;27,71;207,73599;173,57626;204,33792;171,00228
21/03/2024;4585;4451;43,39;35,12;5029;41,08;33,6;4274;589,51;55,01;29,29;193,12889;156,31912;206,59132;168,9744
22/03/2024;;;;;4291;40,85;33,87;;509,01;54,47;28,45;0;0;175,28735;145,33617
23/03/2024;;;;;;;;;;;;0;0;0;0
24/03/2024;5473;5314;38,11;37,92;;;;5314;;;;202,51654;201,50688;0;0
25/03/2024;5828;5658;41,38;36,46;5024;38,46;35,43;5972;590,37;55,2;28,35;234,12804;206,29068;193,22304;178,00032
26/03/2024;5181;5030;41,74;36,13;5025;38,41;34,89;6002;593,97;55,14;27,02;209,9522;181,7339;193,01025;175,32225
27/03/2024;5497;5337;44,32;34,99;5017;40,6;34,32;6339;582,44;54,37;27,25;236,53584;186,74163;203,6902;172,18344
28/03/2024;5864;5693;43,36;35,5;5024;40,79;34,07;7032;585,67;55,13;28,07;246,84848;202,1015;204,92896;171,16768
29/03/2024;;;;;7073;40,77;33,99;;812,85;55,47;27,18;0;0;288,36621;240,41127
30/03/2024;;;;;;;;;;;;0;0;0;0
31/03/2024;5578;5416;40,66;37,63;;;;5416;;;;220,21456;203,80408;0;0
01/04/2024;5232;5080;44,66;36,79;5020;40,46;35,52;5496;599,21;55,4;27,83;226,8728;186,8932;203,1092;178,3104
02/04/2024;4603;4469;45,05;35,16;5022;41,78;34,71;4965;567,75;56,17;27,81;201,32845;157,13004;209,81916;174,31362
03/04/2024;5131;4982;41,37;36,26;5020;40,66;34,93;4947;574,93;54,19;28,27;206,10534;180,64732;204,1132;175,3486
04/04/2024;4541;4409;42,28;34,87;5027;40,75;34,07;4356;602,51;55;27,25;186,41252;153,74183;204,85025;171,26989
05/04/2024;;;;;4375;40,34;34,11;;526,78;54,57;27,78;0;0;176,4875;149,23125
06/04/2024;;;;;;;;;;;;0;0;0;0
07/04/2024;5522;5361;43,06;34,6;;;;5361;;;;230,84466;185,4906;0;0
08/04/2024;5299;5145;42,79;35,21;5023;40,81;33,33;5506;588,38;53,72;27,87;220,15455;181,15545;204,98863;167,41659
09/04/2024;5512;5351;40,83;35,01;5025;40,12;33,53;5857;575,77;53,42;28,22;218,48133;187,33851;201,603;168,48825
10/04/2024;5273;5119;42,68;34,28;5028;40,34;33,48;5976;582,39;54,25;26,54;218,47892;175,47932;202,82952;168,33744
11/04/2024;5149;4999;42,45;36,69;5012;40,36;34,11;5975;598,07;55,36;28;212,20755;183,41331;202,28432;170,95932
12/04/2024;;;;;6004;40,46;34,06;;705,16;54,54;29,06;0;0;242,92184;204,49624
13/04/2024;;;;;;;;;;;;0;0;0;0
14/04/2024;4789;4650;42,4;35,7;;;;4650;;;;197,16;166,005;0;0
15/04/2024;5749;5582;39,68;35,45;5025;39,29;33,81;5232;576,1;53;26,97;221,49376;197,8819;197,43225;169,89525
16/04/2024;5065;4917;45,28;34;5028;41,45;33,26;5149;602,51;54,44;27,27;222,64176;167,178;208,4106;167,23128
17/04/2024;5809;5640;40,87;33,96;5019;40,45;33,05;5789;590,4;54,23;28,8;230,5068;191,5344;203,01855;165,87795
18/04/2024;4951;4807;42,31;35,95;5023;40,47;33,51;5596;584,43;52,73;26,78;203,38417;172,81165;203,28081;168,32073
19/04/2024;;;;;5630;39,88;33,5;;650,64;53,73;27,61;0;0;224,5244;188,605
20/04/2024;;;;;;;;;;;;0;0;0;0
21/04/2024;5325;5170;42,3;35,58;;;;5170;;;;218,691;183,9486;0;0
22/04/2024;5362;5206;43,15;36,72;5026;40,96;34,6;5376;594,22;53,84;28,14;224,6389;191,16432;205,86496;173,8996
23/04/2024;5178;5027;43,22;36,33;5027;41,24;34,51;5403;603,55;55,13;29,09;217,26694;182,63091;207,31348;173,48177
24/04/2024;5452;5293;41,97;36,3;5027;40,59;34,61;5696;600,5;56,44;28,83;222,14721;192,1359;204,04593;173,98447
25/04/2024;5117;4968;40,97;36,91;5015;40,08;34,87;5664;593,83;54,32;26,88;203,53896;183,36888;201,0012;174,87305
26/04/2024;;;;;5699;39,84;35,18;;679,11;54,28;28,49;0;0;227,04816;200,49082
27/04/2024;;;;;;;;;;;;0;0;0;0
28/04/2024;4778;4639;43,3;36,06;;;;4639;;;;200,8687;167,28234;0;0
29/04/2024;5101;4952;42,77;34,02;5026;41,17;33,45;4591;589,28;54,57;28,08;211,79704;168,46704;206,92042;168,1197
30/04/2024;4988;4843;43,98;35,08;5021;41,77;33,63;4434;598,5;53,64;28,17;212,99514;169,89244;209,72717;168,85623
01/05/2024;5653;5488;41,37;33,7;5021;40,64;32,64;4922;582,97;55,14;27,58;227,03856;184,9456;204,05344;163,88544
02/05/2024;4834;4693;40,12;34,12;5018;39,26;32,7;4615;568,64;55,13;28,16;188,28316;160,12516;197,00668;164,0886
03/05/2024;;;;;4635;39,26;32,73;;565,93;54,68;29,35;0;0;181,9701;151,70355
04/05/2024;;;;;;;;;;;;0;0;0;0
05/05/2024;5238;5085;41,15;35,76;;;;5085;;;;209,24775;181,8396;0;0
06/05/2024;5145;4995;40,63;35,35;5027;39,01;33,98;5080;579,64;54,88;27,91;202,94685;176,57325;196,10327;170,81746
07/05/2024;5045;4898;43,68;36,63;5026;40,32;34,68;4978;574,92;53,85;29,06;213,94464;179,41374;202,64832;174,30168
08/05/2024;4929;4785;43,07;35,12;5024;40,73;33,78;4763;591,78;56,74;28,76;206,08995;168,0492;204,62752;169,71072
09/05/2024;4903;4760;42,55;35,36;5020;40,67;33,98;4523;569,36;55,77;28,23;202,538;168,3136;204,1634;170,5796
10/05/2024;;;;;4548;40,83;33,93;;536,08;54,37;28,97;0;0;185,69484;154,31364
11/05/2024;;;;;;;;;;;;0;0;0;0
12/05/2024;5352;5196;42,38;34,37;;;;5196;;;;220,20648;178,58652;0;0
13/05/2024;5000;4854;43,78;35,24;5029;41,68;33,32;5050;630,45;55,47;28,57;212,50812;171,05496;209,60872;167,56628
14/05/2024;4680;4544;41,51;34,88;5024;40,4;33,22;4594;586,94;56,47;28;188,62144;158,49472;202,9696;166,89728
15/05/2024;5281;5127;40,27;35,58;5024;39,3;33,78;4721;577,41;55,87;27,97;206,46429;182,41866;197,4432;169,71072
16/05/2024;5140;4990;41,94;35,98;5018;39,56;33,81;4711;590,14;55,31;28,1;209,2806;179,5402;198,51208;169,65858
17/05/2024;;;;;4741;39,63;34,12;;564,19;53,56;28,9;0;0;187,88583;161,76292
18/05/2024;;;;;;;;;;;;0;0;0;0
19/05/2024;5193;5042;43,26;36,13;;;;5042;;;;218,11692;182,16746;0;0
20/05/2024;5120;4971;42;35,47;5030;40,64;33,86;5013;602,97;55,26;28,33;208,782;176,32137;204,4192;170,3158
21/05/2024;5298;5144;40,92;35,5;5035;39,85;34,08;5157;601,29;55,93;29,22;210,49248;182,612;200,64475;171,5928
22/05/2024;4896;4753;41,08;36,02;5030;39,41;34,32;4910;585,14;54,95;26,62;195,25324;171,20306;198,2323;172,6296
23/05/2024;5313;5158;43,88;36,83;5021;40,89;34,64;5068;598,6;52,6;28,04;226,33304;189,96914;205,30869;173,92744
24/05/2024;;;;;5090;40,95;34,88;;587,15;55,08;26,74;0;0;208,4355;177,5392
25/05/2024;;;;;;;;;;;;0;0;0;0
26/05/2024;5769;5601;39,73;35,1;;;;5601;;;;222,52773;196,5951;0;0
27/05/2024;5206;5054;42,1;32,12;5027;39,4;31,97;5655;597,62;54,94;27,51;212,7734;162,33448;198,0638;160,71319
28/05/2024;5699;5533;43,09;34,97;5018;40,05;32,84;6188;600,93;53,84;27,8;238,41697;193,48901;200,9709;164,79112
29/05/2024;5074;4926;40,6;36,38;5026;39,72;33,57;6114;616,52;55,26;29,01;199,9956;179,20788;199,63272;168,72282
30/05/2024;4459;4329;39,23;36,67;5029;38,35;34,2;5443;575,84;55,47;28,83;169,82667;158,74443;192,86215;171,9918
31/05/2024;;;;;5467;38,56;34,45;;628,07;57,01;28,76;0;0;210,80752;188,33815
01/06/2024;;;;;;;;;;;;0;0;0;0
02/06/2024;4921;4778;40,35;35,47;;;;4778;;;;192,7923;169,47566;0;0
03/06/2024;5525;5364;41,6;34,85;5026;39,35;33,71;5142;606,53;55,37;29,02;223,1424;186,9354;197,7731;169,42646
04/06/2024;5068;4920;43,03;35,69;5024;40,49;33,59;5062;591,29;52,65;27,27;211,7076;175,5948;203,42176;168,75616
05/06/2024;5308;5153;41,72;37,27;5026;39,92;34,67;5215;572,16;56,75;28,26;214,98316;192,05231;200,63792;174,25142
06/06/2024;5215;5063;45,31;35,07;5019;41,45;34,33;5278;586,25;54,21;28,23;229,40453;177,55941;208,03755;172,30227
07/06/2024;;;;;5301;41,82;34,09;;630,15;54,36;30,35;0;0;221,68782;180,71109
08/06/2024;;;;;;;;;;;;0;0;0;0
09/06/2024;5180;5029;42,93;36,67;;;;5029;;;;215,89497;184,41343;0;0
10/06/2024;5125;4976;41,93;36,11;5038;40,64;34,57;5005;586,84;54,56;27,71;208,64368;179,68336;204,74432;174,16366
11/06/2024;4878;4736;43,65;35,56;5020;41,09;34,63;4741;599,9;54,05;28,42;206,7264;168,41216;206,2718;173,8426
12/06/2024;4572;4439;42,66;37,45;5021;41,01;34,98;4180;606,45;53,51;27,71;189,36774;166,24055;205,91121;175,63458
13/06/2024;5138;4988;45,35;35,83;5025;41,97;34,38;4168;596,99;55,81;28,05;226,2058;178,72004;210,89925;172,7595
14/06/2024;;;;;4189;41,97;34,55;;515,36;55,5;26,71;0;0;175,81233;144,72995
15/06/2024;;;;;;;;;;;;0;0;0;0
16/06/2024;5215;5063;45,71;36,09;;;;5063;;;;231,42973;182,72367;0;0
17/06/2024;4953;4809;42,15;35,01;5027;42,25;34,04;4872;609,99;56,71;27,07;202,69935;168,36309;212,39075;171,11908
18/06/2024;5554;5392;41,39;36,36;5022;40,86;34,21;5264;606,54;52,63;27,53;223,17488;196,05312;205,19892;171,80262
19/06/2024;5360;5204;41,87;35,82;5022;40,48;34,3;5468;589,69;54,77;28,99;217,89148;186,40728;203,29056;172,2546
20/06/2024;5152;5002;40,21;35,5;5029;39,39;33,87;5470;577,8;54,3;27,48;201,13042;177,571;198,09231;170,33223
21/06/2024;;;;;5493;39,39;34,19;;629,34;54,55;28,63;0;0;216,36927;187,80567
22/06/2024;;;;;;;;;;;;0;0;0;0
23/06/2024;5245;5092;43,35;34,03;;;;5092;;;;220,7382;173,28076;0;0
24/06/2024;5494;5334;42,25;35,12;5026;40,83;33,11;5426;590,08;57,32;27,66;225,3615;187,33008;205,21158;166,41086
25/06/2024;4933;4789;41,95;35,51;5027;40,43;33,59;5215;585,62;54,69;29,17;200,89855;170,05739;203,24161;168,85693
26/06/2024;5081;4933;43,27;34,76;5028;41,05;33,32;5148;598,27;52,76;28,91;213,45091;171,47108;206,3994;167,53296
27/06/2024;5203;5051;40,71;36,17;5023;39,97;33,77;5199;592,39;55,11;28,51;205,62621;182,69467;200,76931;169,62671
28/06/2024;;;;;5227;39,71;33,73;;608,39;55,77;28,08;0;0;207,56417;176,30671
29/06/2024;;;;;;;;;;;;0;0;0;0
30/06/2024;5429;5271;41,57;35,82;;;;5271;;;;219,11547;188,80722;0;0
01/07/2024;5212;5060;41,02;34,75;5033;39,44;33,71;5331;616,84;55,89;27,62;207,5612;175,835;198,50152;169,66243
02/07/2024;5033;4886;40,53;36,24;5021;39,42;34,06;5217;600,51;54,6;29,61;198,02958;177,06864;197,92782;171,01526
03/07/2024;5014;4868;42,91;35,62;5034;39,89;33,99;5085;611,37;56,18;27,56;208,88588;173,39816;200,80626;171,10566
04/07/2024;5477;5317;43;35,04;5027;40,36;33,77;5402;578,29;55,18;26,87;228,631;186,30768;202,88972;169,76179
05/07/2024;;;;;5432;40,51;34,23;;660,97;55,84;28,92;0;0;220,05032;185,93736
06/07/2024;;;;;;;;;;;;0;0;0;0
07/07/2024;5363;5207;40,3;36,19;;;;5207;;;;209,8421;188,44133;0;0
08/07/2024;4678;4542;39,41;36,33;5015;38,37;34,84;4749;591,46;54,75;28,16;179,00022;165,01086;192,42555;174,7226
09/07/2024;5295;5141;44,6;33,31;5025;40,34;32,9;4890;568,78;55,14;27,23;229,2886;171,24671;202,7085;165,3225
10/07/2024;5113;4964;41,4;34,72;5030;40,11;33,05;4854;581,68;55,33;28,41;205,5096;172,35008;201,7533;166,2415
11/07/2024;5054;4907;41,98;35,78;5030;40,38;33,55;4761;594,42;57,27;28,13;205,99586;175,57246;203,1114;168,7565
12/07/2024;;;;;4779;40,2;33,68;;574,78;53,63;28,42;0;0;192,1158;160,95672
13/07/2024;;;;;;;;;;;;0;0;0;0
14/07/2024;5340;5184;41,27;37,33;;;;5184;;;;213,94368;193,51872;0;0
15/07/2024;4968;4823;45,03;34,15;5025;40,82;34,16;5007;583,32;55,34;28,78;217,17969;164,70545;205,1205;171,654
16/07/2024;5329;5174;42,84;34,74;5021;41,14;33,91;5181;618,78;54,61;26,36;221,65416;179,74476;206,56394;170,26211
17/07/2024;5721;5554;42,28;34,41;5023;40,84;33,19;5735;576,54;56,12;28,44;234,82312;191,11314;205,13932;166,71337
18/07/2024;4935;4791;44,51;37,02;5031;41,3;34,54;5526;573,29;53,63;28,69;213,24741;177,36282;207,7803;173,77074
19/07/2024;;;;;5548;42,03;34,18;;672,89;55,68;28,92;0;0;233,18244;189,63064
20/07/2024;;;;;;;;;;;;0;0;0;0
21/07/2024;4996;4850;42,06;35,88;;;;4850;;;;203,991;174,018;0;0
22/07/2024;5161;5011;43,57;35,15;5023;40,57;34,06;4861;587,76;57,44;27,34;218,32927;176,13665;203,78311;171,08338
23/07/2024;5158;5008;42,25;34,74;5021;40,49;33,64;4869;575,52;56,98;27,48;211,588;173,97792;203,30029;168,90644
24/07/2024;4949;4805;43,65;36,49;5020;41,37;34,28;4674;588,56;55,66;28,16;209,73825;175,33445;207,6774;172,0856
25/07/2024;5363;5207;40,08;33,53;5029;39,69;33,25;4881;577,21;55,3;29,28;208,69656;174,59071;199,60101;167,21425
26/07/2024;;;;;4905;39,67;33,08;;591,09;55,14;28,3;0;0;194,58135;162,2574
27/07/2024;;;;;;;;;;;;0;0;0;0
28/07/2024;5382;5225;43,3;36,14;;;;5225;;;;226,2425;188,8315;0;0
29/07/2024;5562;5400;42,55;34,96;5017;41,12;34,55;5625;592,47;55,99;27,56;229,77;188,784;206,29904;173,33735
30/07/2024;5022;4876;44,1;36,39;5022;41,98;34,27;5501;566,3;55,14;27,2;215,0316;177,43764;210,82356;172,10394
31/07/2024;4777;4638;43,79;36,16;5024;41,96;34,51;5139;590,85;55,32;28,15;203,09802;167,71008;210,80704;173,37824
01/08/2024;5020;4874;40,71;35,37;5020;40,43;34,13;5013;584,58;54,94;29,58;198,42054;172,39338;202,9586;171,3326
02/08/2024;;;;;5037;40,54;34,32;;595,21;54,79;30,52;0;0;204,19998;172,86984
03/08/2024;;;;;;;;;;;;0;0;0;0
04/08/2024;5158;5008;43,26;35,56;;;;5008;;;;216,64608;178,08448;0;0
05/08/2024;4798;4658;44,71;37;5023;42,1;34,72;4666;594,72;54,33;29,85;208,25918;172,346;211,4683;174,39856
06/08/2024;5094;4946;44,04;37,09;5022;41,9;34,83;4612;574,25;54,42;27,6;217,82184;183,44714;210,4218;174,91626
07/08/2024;5359;5203;44,35;35,03;5030;42,44;33,87;4815;547,1;54,37;29,04;230,75305;182,26109;213,4732;170,3661
08/08/2024;5122;4973;41,04;36,24;5028;41,08;34,41;4788;599,58;53,95;28,59;204,09192;180,22152;206,55024;173,01348
09/08/2024;;;;;4817;41,09;34,51;;539,87;55,35;25,94;0;0;197,93053;166,23467
10/08/2024;;;;;;;;;;;;0;0;0;0
11/08/2024;5355;5199;43,28;36,15;;;;5199;;;;225,01272;187,94385;0;0
12/08/2024;5436;5278;41,2;36,23;5023;40,26;34,66;5477;591,8;55,07;27,86;217,4536;191,22194;202,22598;174,09718
13/08/2024;5038;4891;41,26;33,77;5021;39,42;33,67;5368;582,74;54,97;28,17;201,80266;165,16907;197,92782;169,05707
14/08/2024;4816;4676;42,32;36,75;5024;40,23;34,25;5044;572,58;53,8;27,95;197,88832;171,843;202,11552;172,072
15/08/2024;5091;4943;45,03;36,14;5022;41,73;34,46;4987;602,99;54,66;27,83;222,58329;178,64002;209,56806;173,05812
16/08/2024;;;;;5012;42,19;34,52;;586,56;54,12;28,08;0;0;211,45628;173,01424
17/08/2024;;;;;;;;;;;;0;0;0;0
18/08/2024;5834;5664;40,27;35,48;;;;5664;;;;228,08928;200,95872;0;0
19/08/2024;5096;4948;40,72;36,78;5033;38,98;34,13;5612;605,43;52,64;26,09;201,48256;181,98744;196,18634;171,77629
20/08/2024;5203;5051;44,31;35,74;5021;40,31;34,32;5663;585,48;55,02;28,73;223,80981;180,52274;202,39651;172,32072
21/08/2024;4860;4718;41,65;35,55;5016;39,81;34,36;5381;587,15;54,29;26,92;196,5047;167,7249;199,68696;172,34976
22/08/2024;4745;4607;42,06;35,71;5026;39,87;34,04;4988;600,51;54,81;28,04;193,77042;164,51597;200,38662;171,08504
23/08/2024;;;;;5011;39,94;33,97;;584,22;54,63;28,63;0;0;200,13934;170,22367
24/08/2024;;;;;;;;;;;;0;0;0;0
25/08/2024;4786;4647;43,92;35,51;;;;4647;;;;204,09624;165,01497;0;0
26/08/2024;5023;4877;41,85;34,81;5031;40,86;33,64;4524;605,44;55,99;28,27;204,10245;169,76837;205,56666;169,24284
27/08/2024;5118;4969;41,53;36,32;5034;39,96;34,11;4493;601,48;54,79;26,9;206,36257;180,47408;201,15864;171,70974
28/08/2024;5130;4981;41,41;35,99;5030;39,68;34,32;4474;587,74;54,84;28,24;206,26321;179,26619;199,5904;172,6296
29/08/2024;5024;4878;40,09;35,57;5028;39,43;34,27;4352;594,02;53,86;28,46;195,55902;173,51046;198,25404;172,30956
30/08/2024;;;;;4373;39,03;34,23;;508,17;57,13;26,95;0;0;170,67819;149,68779
31/08/2024;;;;;;;;;;;;0;0;0;0
01/09/2024;5624;5460;43,12;36,57;;;;5460;;;;235,4352;199,6722;0;0
02/09/2024;4866;4724;41,12;34,63;5021;39,93;34,06;5184;587,42;54,59;27,86;194,25088;163,59212;200,48853;171,01526
03/09/2024;4962;4817;43,7;36,53;5028;40,93;33,98;5001;570,34;56,61;29,25;210,5029;175,96501;205,79604;170,85144
04/09/2024;4752;4614;40,7;35,01;5025;39,77;33,88;4615;589,49;53,3;26,03;187,7898;161,53614;199,84425;170,247
05/09/2024;5256;5103;41,11;35,9;5029;39,7;33,78;4718;588,12;55,07;27,37;209,78433;183,1977;199,6513;169,87962
06/09/2024;;;;;4745;39,31;34,2;;566,44;56,61;28,08;0;0;186,52595;162,279
07/09/2024;;;;;;;;;;;;0;0;0;0
08/09/2024;5398;5241;43,33;34,15;;;;5241;;;;227,09253;178,98015;0;0
09/09/2024;5051;4904;43,53;34,64;5024;41,19;33,03;5145;597,87;56,21;27,87;213,47112;169,87456;206,93856;165,94272
10/09/2024;4761;4622;44,27;35,95;5019;41,98;33,67;4767;600,62;56,17;27,88;204,61594;166,1609;210,69762;168,98973
11/09/2024;4966;4821;45,09;34,85;5026;42,38;33,13;4588;589,35;54,3;29,45;217,37889;168,01185;213,00188;166,51138
12/09/2024;5089;4941;41,01;35,32;5030;40,59;33,5;4529;589,43;52,13;27,16;202,63041;174,51612;204,1677;168,505
13/09/2024;;;;;4548;40,82;33,6;;516,25;56,77;27,41;0;0;185,64936;152,8128
14/09/2024;;;;;;;;;;;;0;0;0;0
15/09/2024;5383;5226;40,97;38,21;;;;5226;;;;214,10922;199,68546;0;0
16/09/2024;5392;5235;39,29;35,85;5020;39,02;35,48;5461;579,19;55,1;28,36;205,68315;187,67475;195,8804;178,1096
17/09/2024;4949;4805;43,66;35,31;5023;39,88;35,14;5266;590,96;57,6;27,63;209,7863;169,66455;200,31724;176,50822
18/09/2024;4851;4710;41,72;34,12;5029;39,9;33,78;4976;591,89;55,25;28,79;196,5012;160,7052;200,6571;169,87962
19/09/2024;5255;5102;43,29;34,85;5032;40,71;33,72;5078;621,32;53,43;26,61;220,86558;177,8047;204,85272;169,67904
20/09/2024;;;;;5095;40,68;33,38;;597,48;55,16;28,32;0;0;207,2646;170,0711
21/09/2024;;;;;;;;;;;;0;0;0;0
22/09/2024;4628;4493;43,36;36,32;;;;4493;;;;194,81648;163,18576;0;0
23/09/2024;5494;5334;40,49;34,93;5029;39,78;33,96;4827;604,8;56,68;26,95;215,97366;186,31662;200,05362;170,78484
24/09/2024;4748;4610;42,12;35,3;5027;39,74;33,88;4437;589,19;54,55;27,53;194,1732;162,733;199,77298;170,31476
25/09/2024;4989;4844;40,58;36,29;5022;39,31;34,43;4281;593,39;52,99;28,38;196,56952;175,78876;197,41482;172,90746
26/09/2024;5169;5018;42,46;36,18;5015;40,14;34,48;4299;621,85;54,2;28,86;213,06428;181,55124;201,3021;172,9172
27/09/2024;;;;;4325;39,66;34,16;;509,93;54,44;27,72;0;0;171,5295;147,742
28/09/2024;;;;;;;;;;;;0;0;0;0
29/09/2024;5368;5212;43,59;35,43;;;;5212;;;;227,19108;184,66116;0;0
30/09/2024;5094;4946;42,13;36,6;5028;40,62;34,44;5158;572,34;54,04;29,33;208,37498;181,0236;204,23736;173,16432
01/10/2024;5064;4917;42,81;35,13;5031;41,13;33,96;5075;611,93;54,77;27,86;210,49677;172,73421;206,92503;170,85276
02/10/2024;5419;5261;41,16;35,6;5017;40,04;34,1;5336;585,23;54,58;27,8;216,54276;187,2916;200,88068;171,0797
03/10/2024;5727;5560;43,04;32,96;5031;40,27;32,71;5896;592,65;56,1;25,78;239,3024;183,2576;202,59837;164,56401
04/10/2024;;;;;5922;40,45;32,9;;702,56;54,5;26,41;0;0;239,5449;194,8338
05/10/2024;;;;;;;;;;;;0;0;0;0
06/10/2024;4936;4792;41,29;34,25;;;;4792;;;;197,86168;164,126;0;0
07/10/2024;4699;4562;41,78;37,12;5030;39,66;33,72;4354;600,89;54,93;27,48;190,60036;169,34144;199,4898;169,6116
08/10/2024;4921;4778;42,1;34,54;5030;39,96;33,24;4132;590,61;54,15;28,13;201,1538;165,03212;200,9988;167,1972
09/10/2024;4821;4681;41,2;34,77;5023;39,25;33,36;3813;587,08;56,24;27,11;192,8572;162,75837;197,15275;167,56728
10/10/2024;5285;5131;44,29;35,61;5018;40,89;34,04;3944;587,53;55,08;28,08;227,25199;182,71491;205,18602;170,81272
11/10/2024;;;;;3964;41,17;33,64;;484,82;54,52;27,87;0;0;163,19788;133,34896
12/10/2024;;;;;;;;;;;;0;0;0;0
13/10/2024;4998;4852;42,4;35,77;;;;4852;;;;205,7248;173,55604;0;0
14/10/2024;5014;4868;42,45;35,78;5018;40,55;34,31;4720;586,89;57,23;26,8;206,6466;174,17704;203,4799;172,16758
15/10/2024;5221;5069;42,93;34,77;5031;40,61;33,64;4789;575,68;53,47;26,65;217,61217;176,24913;204,30891;169,24284
16/10/2024;5102;4953;42,39;36,53;5023;40,7;34,42;4742;573,85;54,36;28,57;209,95767;180,93309;204,4361;172,89166
17/10/2024;4928;4784;42,54;35,72;5026;40,76;34,25;4526;580,16;55,27;28,66;203,51136;170,88448;204,85976;172,1405
18/10/2024;;;;;4555;40,54;34,17;;534,6;53,19;27,56;0;0;184,6597;155,64435
19/10/2024;;;;;;;;;;;;0;0;0;0
20/10/2024;5167;5017;42,82;36,65;;;;5017;;;;214,82794;183,87305;0;0
21/10/2024;5685;5519;42,16;36,77;5018;40,45;35,2;5536;597,88;52,97;29,51;232,68104;202,93363;202,9781;176,6336
22/10/2024;5287;5133;41,27;34,77;5026;40,21;33,96;5669;568,65;54,04;26,95;211,83891;178,47441;202,09546;170,68296
23/10/2024;5137;4987;41,83;36,58;5025;39,64;34,49;5656;596,96;56,04;27,62;208,60621;182,42446;199,191;173,31225
24/10/2024;5428;5270;43,14;35,65;5012;40,34;34,09;5926;600,68;53,27;28,76;227,3478;187,8755;202,18408;170,85908
25/10/2024;;;;;5950;40,69;34,43;;707,27;55,74;30,63;0;0;242,1055;204,8585
26/10/2024;;;;;;;;;;;;0;0;0;0
27/10/2024;5500;5340;41,06;36,05;;;;5340;;;;219,2604;192,507;0;0
28/10/2024;5594;5431;41,13;35,73;5023;38,94;34,19;5771;568,38;56,37;27,93;223,37703;194,04963;195,59562;171,73637
29/10/2024;5219;5067;40,53;35,41;5022;39,24;34,1;5838;579,52;54,12;27,06;205,36551;179,42247;197,06328;171,2502
30/10/2024;4987;4842;43,88;35,56;5025;40,16;33,74;5680;591,41;59,08;28,37;212,46696;172,18152;201,804;169,5435
31/10/2024;4816;4676;42,62;36;5034;40,39;34,22;5356;582,97;53,07;28,06;199,29112;168,336;203,32326;172,26348
01/11/2024;;;;;5380;40,25;34,33;;642,49;55,13;28,25;0;0;216,545;184,6954
02/11/2024;;;;;;;;;;;;0;0;0;0
03/11/2024;5216;5064;42,76;34,92;;;;5064;;;;216,53664;176,83488;0;0
04/11/2024;5441;5283;43,65;35,74;5032;41,01;33,7;5347;594,58;55,55;27,44;230,60295;188,81442;206,36232;169,5784
05/11/2024;5155;5005;43,81;37,09;5022;41,74;34,27;5352;577,54;56,18;27,19;219,26905;185,63545;209,61828;172,10394
06/11/2024;5324;5169;39,21;34,38;5020;39,6;33,78;5521;585,79;56,04;27,77;202,67649;177,71022;198,792;169,5756
07/11/2024;4801;4661;44,08;37,02;5017;40,74;34,42;5182;580,03;55,87;27,77;205,45688;172,55022;204,39258;172,68514
08/11/2024;;;;;5209;40,82;34,38;;607,15;55,24;27,79;0;0;212,63138;179,08542
09/11/2024;;;;;;;;;;;;0;0;0;0
10/11/2024;4867;4725;42,17;36,48;;;;4725;;;;199,25325;172,368;0;0
11/11/2024;5035;4888;41,29;35,73;5019;40,18;34,95;4613;580,32;54,72;28,54;201,82552;174,64824;201,66342;175,41405
12/11/2024;5129;4980;43,32;35,01;5021;40,8;34;4593;582,88;52,61;27,53;215,7336;174,3498;204,8568;170,714
13/11/2024;5092;4944;44,56;36,38;5019;41,71;34,45;4537;590,52;55,44;28,91;220,30464;179,86272;209,34249;172,90455
14/11/2024;4824;4683;42,36;36,52;5024;41,29;34,36;4220;583,46;55,72;28,37;198,37188;171,02316;207,44096;172,62464
15/11/2024;;;;;4239;40,71;35,02;;503,01;53,17;26,72;0;0;172,56969;148,44978
16/11/2024;;;;;;;;;;;;0;0;0;0
17/11/2024;5012;4866;41,82;35,86;;;;4866;;;;203,49612;174,49476;0;0
18/11/2024;5210;5058;40,94;35,08;5020;39,87;33,89;4924;583,74;54,67;28,22;207,07452;177,43464;200,1474;170,1278
19/11/2024;5120;4971;43,89;37,22;5027;40,49;34,78;4895;567;53,56;27,07;218,17719;185,02062;203,54323;174,83906
20/11/2024;5421;5263;44,69;36,07;5015;41,88;34,37;5158;579,64;56,14;26,95;235,20347;189,83641;210,0282;172,36555
21/11/2024;5240;5087;44,51;35,61;5020;42,27;34,32;5245;597,01;55,65;27,11;226,42237;181,14807;212,1954;172,2864
22/11/2024;;;;;5267;42,24;34,28;;627,56;54,48;29,56;0;0;222,47808;180,55276
23/11/2024;;;;;;;;;;;;0;0;0;0
24/11/2024;5367;5211;41,95;34,96;;;;5211;;;;218,60145;182,17656;0;0
25/11/2024;5735;5568;41,68;35,36;5019;39,84;33,79;5779;593,97;53,94;27,72;232,07424;196,88448;199,95696;169,59201
26/11/2024;4995;4850;42,11;37,25;5028;39,99;34,61;5629;610,9;56,65;28,68;204,2335;180,6625;201,06972;174,01908
27/11/2024;4620;4485;40,9;36,65;5028;39,83;34,84;5114;596,7;54,15;28,34;183,4365;164,37525;200,26524;175,17552
28/11/2024;5453;5294;41,29;35,76;5020;39,7;34,67;5408;602,47;54,49;27,81;218,58926;189,31344;199,294;174,0434
29/11/2024;;;;;5438;39,83;34,48;;649,34;54,61;28,28;0;0;216,59554;187,50224
30/11/2024;;;;;;;;;;;;0;0;0;0
01/12/2024;5366;5210;43,58;36,31;;;;5210;;;;227,0518;189,1751;0;0
02/12/2024;5425;5267;44,03;34,75;5031;41,4;33,65;5477;612,77;54,95;27,72;231,90601;183,02825;208,2834;169,29315
03/12/2024;4664;4528;40,87;36,03;5019;40,48;34,12;5005;579,88;54,86;28,23;185,05936;163,14384;203,16912;171,24828
04/12/2024;5136;4986;38,78;37,74;5022;38,91;35,05;4991;587,58;54,95;27,99;193,35708;188,17164;195,40602;176,0211
05/12/2024;4746;4608;42,31;36,07;5028;39,28;34,84;4599;576,31;53,59;29,69;194,96448;166,21056;197,49984;175,17552
06/12/2024;;;;;4614;39,56;35,04;;546,35;56,27;27,65;0;0;182,52984;161,67456
07/12/2024;;;;;;;;;;;;0;0;0;0
08/12/2024;4998;4852;41,88;35,71;;;;4852;;;;203,20176;173,26492;0;0
09/12/2024;4733;4595;42,94;35,61;5034;40,22;34,15;4447;587,65;53,42;27,52;197,3093;163,62795;202,46748;171,9111
10/12/2024;5490;5330;43,71;35,87;5019;41,16;34,14;4777;568,95;54,74;29,35;232,9743;191,1871;206,58204;171,34866
11/12/2024;5343;5187;39,63;34,98;5034;39,12;33,53;4964;606,25;56,85;28,52;205,56081;181,44126;196,93008;168,79002
12/12/2024;5308;5153;40,89;35,17;5020;39,03;33,59;5117;579,39;55,93;29,74;210,70617;181,23101;195,9306;168,6218
13/12/2024;;;;;5139;39,02;33,74;;585,39;53,66;28,53;0;0;200,52378;173,38986
14/12/2024;;;;;;;;;;;;0;0;0;0
15/12/2024;4947;4803;41,28;36,61;;;;4803;;;;198,26784;175,83783;0;0
16/12/2024;4579;4446;41,37;34,08;5028;39,3;33,66;4249;587,56;55,41;27,67;183,93102;151,51968;197,6004;169,24248
17/12/2024;4795;4655;45,09;35,47;5022;41,21;34,16;3904;584,96;56,02;28,24;209,89395;165,11285;206,95662;171,55152
18/12/2024;4949;4805;44,05;37,3;5017;42,25;34,54;3709;606,07;54,88;28,86;211,66025;179,2265;211,96825;173,28718
19/12/2024;5644;5480;40,6;37,44;5018;40,23;35,34;4189;582,67;54,29;26,94;222,488;205,1712;201,87414;177,33612
20/12/2024;;;;;4205;40,06;35,52;;461,17;55,44;27,65;0;0;168,4523;149,3616
21/12/2024;;;;;;;;;;;;0;0;0;0
22/12/2024;5003;4857;40,43;35,1;;;;4857;;;;196,36851;170,4807;0;0
23/12/2024;5018;4872;41,4;37,14;5024;38,97;34,38;4729;587,84;55,77;29,93;201,7008;180,94608;195,78528;172,72512
24/12/2024;5366;5210;44,7;34,91;5028;40,95;33,94;4939;598,68;55,01;27,66;232,887;181,8811;205,8966;170,65032
25/12/2024;4672;4536;43,14;33,86;5021;40,98;33,11;4475;587,61;57,63;28,58;195,68304;153,58896;205,76058;166,24531
26/12/2024;4981;4836;41,51;35,69;5020;40,74;33,83;4311;582,48;55,15;28,83;200,74236;172,59684;204,5148;169,8266
27/12/2024;;;;;4333;40,62;33,71;;513,26;54,65;27,38;0;0;176,00646;146,06543
28/12/2024;;;;;;;;;;;;0;0;0;0
