timestamp;n_envase;subgrupo;pos_subgrupo;peso_g;muestra
2024-06-15 08:00:00;1;1;1;152,25;1
2024-06-15 08:00:45;16;4;1;150,66;1
2024-06-15 08:01:30;31;7;1;150,6;1
2024-06-15 08:02:12;45;9;5;149,28;1
2024-06-15 08:02:57;60;12;5;152,96;1
2024-06-15 08:03:00;61;13;1;150,78;2
2024-06-15 08:03:45;76;16;1;152,73;2
2024-06-15 08:04:30;91;19;1;151,65;2
2024-06-15 08:05:12;105;21;5;151,26;2
2024-06-15 08:05:57;120;24;5;152,63;2
2024-06-15 08:06:00;121;25;1;152,69;3
2024-06-15 08:06:45;136;28;1;153,82;3
2024-06-15 08:07:30;151;31;1;151,88;3
2024-06-15 08:08:12;165;33;5;152,95;3
2024-06-15 08:08:57;180;36;5;155,58;3
2024-06-15 08:09:00;181;37;1;152,44;4
2024-06-15 08:09:45;196;40;1;152,08;4
2024-06-15 08:10:30;211;43;1;152,36;4
2024-06-15 08:11:12;225;45;5;150,79;4
2024-06-15 08:11:57;240;48;5;152,78;4
2024-06-15 08:12:00;241;49;1;150,31;5
2024-06-15 08:12:45;256;52;1;150,77;5
2024-06-15 08:13:30;271;55;1;153,66;5
2024-06-15 08:14:12;285;57;5;154,7;5
2024-06-15 08:14:57;300;60;5;152,44;5
2024-06-15 08:15:00;301;61;1;150,26;6
2024-06-15 08:15:45;316;64;1;151,53;6
2024-06-15 08:16:30;331;67;1;151,48;6
2024-06-15 08:17:12;345;69;5;150,79;6
2024-06-15 08:17:57;360;72;5;150,26;6
2024-06-15 08:18:00;361;73;1;152,28;7
2024-06-15 08:18:45;376;76;1;150,35;7
2024-06-15 08:19:30;391;79;1;150,15;7
2024-06-15 08:20:12;405;81;5;150,82;7
2024-06-15 08:20:57;420;84;5;151,6;7
2024-06-15 08:21:00;421;85;1;154,59;8
2024-06-15 08:21:45;436;88;1;151,61;8
2024-06-15 08:22:30;451;91;1;151,41;8
2024-06-15 08:23:12;465;93;5;151,33;8
2024-06-15 08:23:57;480;96;5;153,18;8
2024-06-15 08:24:00;481;97;1;151,31;9
2024-06-15 08:24:45;496;100;1;152,31;9
2024-06-15 08:25:30;511;103;1;151,91;9
2024-06-15 08:26:12;525;105;5;150,36;9
2024-06-15 08:26:57;540;108;5;150,63;9
2024-06-15 08:27:00;541;109;1;152,75;10
2024-06-15 08:27:45;556;112;1;150,88;10
2024-06-15 08:28:30;571;115;1;151,53;10
2024-06-15 08:29:12;585;117;5;151,77;10
2024-06-15 08:29:57;600;120;5;152,07;10
2024-06-15 08:30:00;601;121;1;152,64;11
2024-06-15 08:30:45;616;124;1;151,69;11
2024-06-15 08:31:30;631;127;1;148,96;11
2024-06-15 08:32:12;645;129;5;151,13;11
2024-06-15 08:32:57;660;132;5;151,28;11
2024-06-15 08:33:00;661;133;1;150,64;12
2024-06-15 08:33:45;676;136;1;150,33;12
2024-06-15 08:34:30;691;139;1;150,96;12
2024-06-15 08:35:12;705;141;5;149,17;12
2024-06-15 08:35:57;720;144;5;151,41;12
2024-06-15 08:36:00;721;145;1;151,96;13
2024-06-15 08:36:45;736;148;1;152,21;13
2024-06-15 08:37:30;751;151;1;150,12;13
2024-06-15 08:38:12;765;153;5;153,22;13
2024-06-15 08:38:57;780;156;5;152,43;13
2024-06-15 08:39:00;781;157;1;151,77;14
2024-06-15 08:39:45;796;160;1;153,08;14
2024-06-15 08:40:30;811;163;1;151,22;14
2024-06-15 08:41:12;825;165;5;150,83;14
2024-06-15 08:41:57;840;168;5;151,18;14
2024-06-15 08:42:00;841;169;1;151,43;15
2024-06-15 08:42:45;856;172;1;150,64;15
2024-06-15 08:43:30;871;175;1;151,23;15
2024-06-15 08:44:12;885;177;5;152,52;15
2024-06-15 08:44:57;900;180;5;150,27;15
2024-06-15 08:45:00;901;181;1;152,05;16
2024-06-15 08:45:45;916;184;1;151,92;16
2024-06-15 08:46:30;931;187;1;150,67;16
2024-06-15 08:47:12;945;189;5;154,27;16
2024-06-15 08:47:57;960;192;5;152,17;16
2024-06-15 08:48:00;961;193;1;152,46;17
2024-06-15 08:48:45;976;196;1;148,67;17
2024-06-15 08:49:30;991;199;1;151,81;17
2024-06-15 08:50:12;1005;201;5;152,56;17
2024-06-15 08:50:57;1020;204;5;152,17;17
2024-06-15 08:51:00;1021;205;1;152,33;18
2024-06-15 08:51:45;1036;208;1;153,93;18
2024-06-15 08:52:30;1051;211;1;150,65;18
2024-06-15 08:53:12;1065;213;5;151,06;18
2024-06-15 08:53:57;1080;216;5;152,91;18
2024-06-15 08:54:00;1081;217;1;151,12;19
2024-06-15 08:54:45;1096;220;1;151,55;19
2024-06-15 08:55:30;1111;223;1;151,41;19
2024-06-15 08:56:12;1125;225;5;154,16;19
2024-06-15 08:56:57;1140;228;5;152,79;19
2024-06-15 08:57:00;1141;229;1;151,3;20
2024-06-15 08:57:45;1156;232;1;153,28;20
2024-06-15 08:58:30;1171;235;1;152,93;20
2024-06-15 08:59:12;1185;237;5;150,32;20
2024-06-15 08:59:57;1200;240;5;153,88;20
2024-06-15 09:00:00;1201;241;1;152,03;21
2024-06-15 09:00:45;1216;244;1;153,74;21
2024-06-15 09:01:30;1231;247;1;151,06;21
2024-06-15 09:02:12;1245;249;5;150,93;21
2024-06-15 09:02:57;1260;252;5;151,85;21
2024-06-15 09:03:00;1261;253;1;152,78;22
2024-06-15 09:03:45;1276;256;1;152,18;22
2024-06-15 09:04:30;1291;259;1;152,57;22
2024-06-15 09:05:12;1305;261;5;152,81;22
2024-06-15 09:05:57;1320;264;5;151,75;22
2024-06-15 09:06:00;1321;265;1;152,13;23
2024-06-15 09:06:45;1336;268;1;151,56;23
2024-06-15 09:07:30;1351;271;1;150,34;23
2024-06-15 09:08:12;1365;273;5;153,9;23
2024-06-15 09:08:57;1380;276;5;154,87;23
2024-06-15 09:09:00;1381;277;1;153,16;24
2024-06-15 09:09:45;1396;280;1;152,44;24
2024-06-15 09:10:30;1411;283;1;154,18;24
2024-06-15 09:11:12;1425;285;5;150,64;24
2024-06-15 09:11:57;1440;288;5;153,34;24
2024-06-15 09:12:00;1441;289;1;153,24;25
2024-06-15 09:12:45;1456;292;1;149,63;25
2024-06-15 09:13:30;1471;295;1;154,09;25
2024-06-15 09:14:12;1485;297;5;152,65;25
2024-06-15 09:14:57;1500;300;5;153,22;25
2024-06-15 09:15:00;1501;301;1;153,51;26
2024-06-15 09:15:45;1516;304;1;152,18;26
2024-06-15 09:16:30;1531;307;1;152,6;26
2024-06-15 09:17:12;1545;309;5;151,51;26
2024-06-15 09:17:57;1560;312;5;152,03;26
2024-06-15 09:18:00;1561;313;1;152,41;27
2024-06-15 09:18:45;1576;316;1;152,41;27
2024-06-15 09:19:30;1591;319;1;150,88;27
2024-06-15 09:20:12;1605;321;5;151,78;27
2024-06-15 09:20:57;1620;324;5;154,26;27
2024-06-15 09:21:00;1621;325;1;152,71;28
2024-06-15 09:21:45;1636;328;1;151,96;28
2024-06-15 09:22:30;1651;331;1;153,46;28
2024-06-15 09:23:12;1665;333;5;154,55;28
2024-06-15 09:23:57;1680;336;5;151,99;28
2024-06-15 09:24:00;1681;337;1;153,25;29
2024-06-15 09:24:45;1696;340;1;155,58;29
2024-06-15 09:25:30;1711;343;1;154,35;29
2024-06-15 09:26:12;1725;345;5;151,31;29
2024-06-15 09:26:57;1740;348;5;155,3;29
2024-06-15 09:27:00;1741;349;1;152,58;30
2024-06-15 09:27:45;1756;352;1;154,83;30
2024-06-15 09:28:30;1771;355;1;152,86;30
2024-06-15 09:29:12;1785;357;5;152,93;30
2024-06-15 09:29:57;1800;360;5;152,87;30
2024-06-15 09:30:00;1801;361;1;155,69;31
2024-06-15 09:30:45;1816;364;1;151,53;31
2024-06-15 09:31:30;1831;367;1;153,95;31
2024-06-15 09:32:12;1845;369;5;153,15;31
2024-06-15 09:32:57;1860;372;5;153,32;31
2024-06-15 09:33:00;1861;373;1;152,74;32
2024-06-15 09:33:45;1876;376;1;155,06;32
2024-06-15 09:34:30;1891;379;1;153,81;32
2024-06-15 09:35:12;1905;381;5;152,85;32
2024-06-15 09:35:57;1920;384;5;152,33;32
2024-06-15 09:36:00;1921;385;1;150,07;33
2024-06-15 09:36:45;1936;388;1;150,81;33
2024-06-15 09:37:30;1951;391;1;150,43;33
2024-06-15 09:38:12;1965;393;5;153,94;33
2024-06-15 09:38:57;1980;396;5;153,74;33
2024-06-15 09:39:00;1981;397;1;151,68;34
2024-06-15 09:39:45;1996;400;1;154,77;34
2024-06-15 09:40:30;2011;403;1;150,78;34
2024-06-15 09:41:12;2025;405;5;148,68;34
2024-06-15 09:41:57;2040;408;5;150,58;34
2024-06-15 09:42:00;2041;409;1;152,2;35
2024-06-15 09:42:45;2056;412;1;152,04;35
2024-06-15 09:43:30;2071;415;1;154,74;35
2024-06-15 09:44:12;2085;417;5;152,48;35
2024-06-15 09:44:57;2100;420;5;154,56;35
2024-06-15 09:45:00;2101;421;1;153,91;36
2024-06-15 09:45:45;2116;424;1;152,6;36
2024-06-15 09:46:30;2131;427;1;154,05;36
2024-06-15 09:47:12;2145;429;5;153,07;36
2024-06-15 09:47:57;2160;432;5;154,27;36
2024-06-15 09:48:00;2161;433;1;151,77;37
2024-06-15 09:48:45;2176;436;1;156,6;37
2024-06-15 09:49:30;2191;439;1;151,09;37
2024-06-15 09:50:12;2205;441;5;152,07;37
2024-06-15 09:50:57;2220;444;5;153,16;37
2024-06-15 09:51:00;2221;445;1;153,0;38
2024-06-15 09:51:45;2236;448;1;154,66;38
2024-06-15 09:52:30;2251;451;1;153,4;38
2024-06-15 09:53:12;2265;453;5;154,63;38
2024-06-15 09:53:57;2280;456;5;154,33;38
2024-06-15 09:54:00;2281;457;1;151,05;39
2024-06-15 09:54:45;2296;460;1;154,45;39
2024-06-15 09:55:30;2311;463;1;153,21;39
2024-06-15 09:56:12;2325;465;5;153,7;39
2024-06-15 09:56:57;2340;468;5;152,74;39
2024-06-15 09:57:00;2341;469;1;154,79;40
2024-06-15 09:57:45;2356;472;1;154,16;40
2024-06-15 09:58:30;2371;475;1;153,56;40
2024-06-15 09:59:12;2385;477;5;153,86;40
2024-06-15 09:59:57;2400;480;5;153,94;40
2024-06-15 10:00:00;2401;481;1;152,76;41
2024-06-15 10:00:45;2416;484;1;154,27;41
2024-06-15 10:01:30;2431;487;1;154,74;41
2024-06-15 10:02:12;2445;489;5;153,15;41
2024-06-15 10:02:57;2460;492;5;154,64;41
2024-06-15 10:03:00;2461;493;1;154,06;42
2024-06-15 10:03:45;2476;496;1;155,05;42
2024-06-15 10:04:30;2491;499;1;153,97;42
2024-06-15 10:05:12;2505;501;5;152,32;42
2024-06-15 10:05:57;2520;504;5;152,52;42
2024-06-15 10:06:00;2521;505;1;154,01;43
2024-06-15 10:06:45;2536;508;1;153,16;43
2024-06-15 10:07:30;2551;511;1;151,07;43
2024-06-15 10:08:12;2565;513;5;152,01;43
2024-06-15 10:08:57;2580;516;5;155,84;43
2024-06-15 10:09:00;2581;517;1;153,71;44
2024-06-15 10:09:45;2596;520;1;149,63;44
2024-06-15 10:10:30;2611;523;1;153,83;44
2024-06-15 10:11:12;2625;525;5;153,36;44
2024-06-15 10:11:57;2640;528;5;153,2;44
2024-06-15 10:12:00;2641;529;1;155,26;45
2024-06-15 10:12:45;2656;532;1;153,68;45
2024-06-15 10:13:30;2671;535;1;151,2;45
2024-06-15 10:14:12;2685;537;5;152,65;45
2024-06-15 10:14:57;2700;540;5;153,99;45
2024-06-15 10:15:00;2701;541;1;152,53;46
2024-06-15 10:15:45;2716;544;1;148,65;46
2024-06-15 10:16:30;2731;547;1;153,5;46
2024-06-15 10:17:12;2745;549;5;147,76;46
2024-06-15 10:17:57;2760;552;5;152,33;46
2024-06-15 10:18:00;2761;553;1;152,29;47
2024-06-15 10:18:45;2776;556;1;150,77;47
2024-06-15 10:19:30;2791;559;1;151,94;47
2024-06-15 10:20:12;2805;561;5;150,81;47
2024-06-15 10:20:57;2820;564;5;147,91;47
2024-06-15 10:21:00;2821;565;1;150,33;48
2024-06-15 10:21:45;2836;568;1;150,15;48
2024-06-15 10:22:30;2851;571;1;149,63;48
2024-06-15 10:23:12;2865;573;5;150,96;48
2024-06-15 10:23:57;2880;576;5;149,92;48
2024-06-15 10:24:00;2881;577;1;146,79;49
2024-06-15 10:24:45;2896;580;1;155,89;49
2024-06-15 10:25:30;2911;583;1;149,05;49
2024-06-15 10:26:12;2925;585;5;149,89;49
2024-06-15 10:26:57;2940;588;5;149,01;49
2024-06-15 10:27:00;2941;589;1;151,04;50
2024-06-15 10:27:45;2956;592;1;152,02;50
2024-06-15 10:28:30;2971;595;1;146,38;50
2024-06-15 10:29:12;2985;597;5;146,67;50
2024-06-15 10:29:57;3000;600;5;148,77;50
2024-06-15 10:30:00;3001;601;1;146,63;51
2024-06-15 10:30:45;3016;604;1;151,09;51
2024-06-15 10:31:30;3031;607;1;145,65;51
2024-06-15 10:32:12;3045;609;5;150,61;51
2024-06-15 10:32:57;3060;612;5;148,87;51
2024-06-15 10:33:00;3061;613;1;150,0;52
2024-06-15 10:33:45;3076;616;1;152,42;52
2024-06-15 10:34:30;3091;619;1;146,54;52
2024-06-15 10:35:12;3105;621;5;148,3;52
2024-06-15 10:35:57;3120;624;5;152,25;52
2024-06-15 10:36:00;3121;625;1;148,69;53
2024-06-15 10:36:45;3136;628;1;150,25;53
2024-06-15 10:37:30;3151;631;1;150,94;53
2024-06-15 10:38:12;3165;633;5;147,51;53
2024-06-15 10:38:57;3180;636;5;150,4;53
2024-06-15 10:39:00;3181;637;1;151,21;54
2024-06-15 10:39:45;3196;640;1;146,18;54
2024-06-15 10:40:30;3211;643;1;151,61;54
2024-06-15 10:41:12;3225;645;5;150,01;54
2024-06-15 10:41:57;3240;648;5;151,21;54
2024-06-15 10:42:00;3241;649;1;149,52;55
2024-06-15 10:42:45;3256;652;1;149,77;55
2024-06-15 10:43:30;3271;655;1;149,1;55
2024-06-15 10:44:12;3285;657;5;146,56;55
2024-06-15 10:44:57;3300;660;5;151,66;55
2024-06-15 10:45:00;3301;661;1;150,15;56
2024-06-15 10:45:45;3316;664;1;150,3;56
2024-06-15 10:46:30;3331;667;1;151,28;56
2024-06-15 10:47:12;3345;669;5;147,61;56
2024-06-15 10:47:57;3360;672;5;147,56;56
2024-06-15 10:48:00;3361;673;1;147,21;57
2024-06-15 10:48:45;3376;676;1;147,45;57
2024-06-15 10:49:30;3391;679;1;146,3;57
2024-06-15 10:50:12;3405;681;5;150,39;57
2024-06-15 10:50:57;3420;684;5;148,4;57
2024-06-15 10:51:00;3421;685;1;148,24;58
2024-06-15 10:51:45;3436;688;1;151,36;58
2024-06-15 10:52:30;3451;691;1;148,49;58
2024-06-15 10:53:12;3465;693;5;149,87;58
2024-06-15 10:53:57;3480;696;5;152,47;58
2024-06-15 10:54:00;3481;697;1;148,85;59
2024-06-15 10:54:45;3496;700;1;153,69;59
2024-06-15 10:55:30;3511;703;1;152,17;59
2024-06-15 10:56:12;3525;705;5;148,22;59
2024-06-15 10:56:57;3540;708;5;149,14;59
2024-06-15 10:57:00;3541;709;1;150,24;60
2024-06-15 10:57:45;3556;712;1;149,43;60
2024-06-15 10:58:30;3571;715;1;148,83;60
2024-06-15 10:59:12;3585;717;5;149,66;60
2024-06-15 10:59:57;3600;720;5;148,98;60
2024-06-15 11:00:00;3601;721;1;147,6;61
2024-06-15 11:00:45;3616;724;1;151,21;61
2024-06-15 11:01:30;3631;727;1;150,9;61
2024-06-15 11:02:12;3645;729;5;147,59;61
2024-06-15 11:02:57;3660;732;5;154,77;61
2024-06-15 11:03:00;3661;733;1;148,64;62
2024-06-15 11:03:45;3676;736;1;149,68;62
2024-06-15 11:04:30;3691;739;1;150,79;62
2024-06-15 11:05:12;3705;741;5;149,16;62
2024-06-15 11:05:57;3720;744;5;149,24;62
2024-06-15 11:06:00;3721;745;1;151,96;63
2024-06-15 11:06:45;3736;748;1;149,2;63
2024-06-15 11:07:30;3751;751;1;148,03;63
2024-06-15 11:08:12;3765;753;5;150,07;63
2024-06-15 11:08:57;3780;756;5;149,28;63
2024-06-15 11:09:00;3781;757;1;149,12;64
2024-06-15 11:09:45;3796;760;1;148,66;64
2024-06-15 11:10:30;3811;763;1;146,93;64
2024-06-15 11:11:12;3825;765;5;147,76;64
2024-06-15 11:11:57;3840;768;5;148,69;64
2024-06-15 11:12:00;3841;769;1;147,89;65
2024-06-15 11:12:45;3856;772;1;149,1;65
2024-06-15 11:13:30;3871;775;1;145,79;65
2024-06-15 11:14:12;3885;777;5;149,33;65
2024-06-15 11:14:57;3900;780;5;150,53;65
2024-06-15 11:15:00;3901;781;1;147,99;66
2024-06-15 11:15:45;3916;784;1;149,25;66
2024-06-15 11:16:30;3931;787;1;151,34;66
2024-06-15 11:17:12;3945;789;5;148,36;66
2024-06-15 11:17:57;3960;792;5;150,02;66
2024-06-15 11:18:00;3961;793;1;147,46;67
2024-06-15 11:18:45;3976;796;1;150,04;67
2024-06-15 11:19:30;3991;799;1;144,73;67
2024-06-15 11:20:12;4005;801;5;145,62;67
2024-06-15 11:20:57;4020;804;5;149,25;67
2024-06-15 11:21:00;4021;805;1;155,72;68
2024-06-15 11:21:45;4036;808;1;152,26;68
2024-06-15 11:22:30;4051;811;1;147,35;68
2024-06-15 11:23:12;4065;813;5;146,6;68
2024-06-15 11:23:57;4080;816;5;148,6;68
2024-06-15 11:24:00;4081;817;1;151,37;69
2024-06-15 11:24:45;4096;820;1;146,44;69
2024-06-15 11:25:30;4111;823;1;152,92;69
2024-06-15 11:26:12;4125;825;5;150,42;69
2024-06-15 11:26:57;4140;828;5;149,51;69
2024-06-15 11:27:00;4141;829;1;151,37;70
2024-06-15 11:27:45;4156;832;1;148,84;70
2024-06-15 11:28:30;4171;835;1;144,77;70
2024-06-15 11:29:12;4185;837;5;148,03;70
2024-06-15 11:29:57;4200;840;5;151,27;70
2024-06-15 11:30:00;4201;841;1;150,26;71
2024-06-15 11:30:45;4216;844;1;151,25;71
2024-06-15 11:31:30;4231;847;1;144,56;71
2024-06-15 11:32:12;4245;849;5;149,58;71
2024-06-15 11:32:57;4260;852;5;146,68;71
2024-06-15 11:33:00;4261;853;1;152,68;72
2024-06-15 11:33:45;4276;856;1;149,18;72
2024-06-15 11:34:30;4291;859;1;151,14;72
2024-06-15 11:35:12;4305;861;5;145,26;72
2024-06-15 11:35:57;4320;864;5;148,4;72
2024-06-15 11:36:00;4321;865;1;149,44;73
2024-06-15 11:36:45;4336;868;1;147,38;73
2024-06-15 11:37:30;4351;871;1;142,77;73
2024-06-15 11:38:12;4365;873;5;147,52;73
2024-06-15 11:38:57;4380;876;5;146,91;73
2024-06-15 11:39:00;4381;877;1;150,03;74
2024-06-15 11:39:45;4396;880;1;144,93;74
2024-06-15 11:40:30;4411;883;1;147,24;74
2024-06-15 11:41:12;4425;885;5;146,44;74
2024-06-15 11:41:57;4440;888;5;151,21;74
2024-06-15 11:42:00;4441;889;1;144,85;75
2024-06-15 11:42:45;4456;892;1;150,5;75
2024-06-15 11:43:30;4471;895;1;150,62;75
2024-06-15 11:44:12;4485;897;5;149,38;75
2024-06-15 11:44:57;4500;900;5;145,32;75
2024-06-15 11:45:00;4501;901;1;150,06;76
2024-06-15 11:45:45;4516;904;1;150,13;76
2024-06-15 11:46:30;4531;907;1;151,75;76
2024-06-15 11:47:12;4545;909;5;152,06;76
2024-06-15 11:47:57;4560;912;5;152,48;76
2024-06-15 11:48:00;4561;913;1;149,89;77
2024-06-15 11:48:45;4576;916;1;151,17;77
2024-06-15 11:49:30;4591;919;1;150,58;77
2024-06-15 11:50:12;4605;921;5;149,86;77
2024-06-15 11:50:57;4620;924;5;151,34;77
2024-06-15 11:51:00;4621;925;1;150,82;78
2024-06-15 11:51:45;4636;928;1;147,13;78
2024-06-15 11:52:30;4651;931;1;151,13;78
2024-06-15 11:53:12;4665;933;5;152,58;78
2024-06-15 11:53:57;4680;936;5;151,88;78
2024-06-15 11:54:00;4681;937;1;151,15;79
2024-06-15 11:54:45;4696;940;1;151,2;79
2024-06-15 11:55:30;4711;943;1;150,59;79
2024-06-15 11:56:12;4725;945;5;151,38;79
2024-06-15 11:56:57;4740;948;5;152,55;79
2024-06-15 11:57:00;4741;949;1;152,28;80
2024-06-15 11:57:45;4756;952;1;151,94;80
2024-06-15 11:58:30;4771;955;1;151,52;80
2024-06-15 11:59:12;4785;957;5;155,63;80
2024-06-15 11:59:57;4800;960;5;152,61;80
2024-06-15 12:00:00;4801;961;1;152,26;81
2024-06-15 12:00:45;4816;964;1;151,13;81
2024-06-15 12:01:30;4831;967;1;152,8;81
2024-06-15 12:02:12;4845;969;5;153,25;81
2024-06-15 12:02:57;4860;972;5;151,29;81
2024-06-15 12:03:00;4861;973;1;150,79;82
2024-06-15 12:03:45;4876;976;1;149,98;82
2024-06-15 12:04:30;4891;979;1;150,27;82
2024-06-15 12:05:12;4905;981;5;152,47;82
2024-06-15 12:05:57;4920;984;5;153,44;82
2024-06-15 12:06:00;4921;985;1;154,0;83
2024-06-15 12:06:45;4936;988;1;152,32;83
2024-06-15 12:07:30;4951;991;1;151,86;83
2024-06-15 12:08:12;4965;993;5;150,52;83
2024-06-15 12:08:57;4980;996;5;148,17;83
2024-06-15 12:09:00;4981;997;1;149,7;84
2024-06-15 12:09:45;4996;1000;1;151,43;84
2024-06-15 12:10:30;5011;1003;1;153,9;84
2024-06-15 12:11:12;5025;1005;5;154,92;84
2024-06-15 12:11:57;5040;1008;5;152,07;84
2024-06-15 12:12:00;5041;1009;1;152,25;85
2024-06-15 12:12:45;5056;1012;1;149,82;85
2024-06-15 12:13:30;5071;1015;1;149,73;85
2024-06-15 12:14:12;5085;1017;5;152,93;85
2024-06-15 12:14:57;5100;1020;5;151,6;85
2024-06-15 12:15:00;5101;1021;1;153,04;86
2024-06-15 12:15:45;5116;1024;1;152,28;86
2024-06-15 12:16:30;5131;1027;1;152,15;86
2024-06-15 12:17:12;5145;1029;5;152,86;86
2024-06-15 12:17:57;5160;1032;5;149,8;86
2024-06-15 12:18:00;5161;1033;1;151,91;87
2024-06-15 12:18:45;5176;1036;1;154,2;87
2024-06-15 12:19:30;5191;1039;1;150,55;87
2024-06-15 12:20:12;5205;1041;5;155,07;87
2024-06-15 12:20:57;5220;1044;5;149,7;87
2024-06-15 12:21:00;5221;1045;1;154,18;88
2024-06-15 12:21:45;5236;1048;1;154,6;88
2024-06-15 12:22:30;5251;1051;1;150,05;88
2024-06-15 12:23:12;5265;1053;5;153,29;88
2024-06-15 12:23:57;5280;1056;5;151,62;88
2024-06-15 12:24:00;5281;1057;1;150,54;89
2024-06-15 12:24:45;5296;1060;1;151,25;89
2024-06-15 12:25:30;5311;1063;1;151,09;89
2024-06-15 12:26:12;5325;1065;5;151,8;89
2024-06-15 12:26:57;5340;1068;5;152,66;89
2024-06-15 12:27:00;5341;1069;1;149,92;90
2024-06-15 12:27:45;5356;1072;1;152,84;90
2024-06-15 12:28:30;5371;1075;1;149,64;90
2024-06-15 12:29:12;5385;1077;5;152,76;90
2024-06-15 12:29:57;5400;1080;5;151,97;90
2024-06-15 12:30:00;5401;1081;1;149,72;91
2024-06-15 12:30:45;5416;1084;1;152,47;91
2024-06-15 12:31:30;5431;1087;1;150,47;91
2024-06-15 12:32:12;5445;1089;5;152,63;91
2024-06-15 12:32:57;5460;1092;5;151,19;91
2024-06-15 12:33:00;5461;1093;1;151,45;92
2024-06-15 12:33:45;5476;1096;1;153,96;92
2024-06-15 12:34:30;5491;1099;1;150,88;92
2024-06-15 12:35:12;5505;1101;5;150,77;92
2024-06-15 12:35:57;5520;1104;5;149,25;92
2024-06-15 12:36:00;5521;1105;1;150,38;93
2024-06-15 12:36:45;5536;1108;1;155,25;93
2024-06-15 12:37:30;5551;1111;1;150,04;93
2024-06-15 12:38:12;5565;1113;5;151,55;93
2024-06-15 12:38:57;5580;1116;5;151,52;93
2024-06-15 12:39:00;5581;1117;1;154,35;94
2024-06-15 12:39:45;5596;1120;1;148,89;94
2024-06-15 12:40:30;5611;1123;1;152,49;94
2024-06-15 12:41:12;5625;1125;5;154,07;94
2024-06-15 12:41:57;5640;1128;5;151,85;94
2024-06-15 12:42:00;5641;1129;1;152,68;95
2024-06-15 12:42:45;5656;1132;1;150,29;95
2024-06-15 12:43:30;5671;1135;1;155,25;95
2024-06-15 12:44:12;5685;1137;5;150,65;95
2024-06-15 12:44:57;5700;1140;5;152,42;95
2024-06-15 12:45:00;5701;1141;1;151,46;96
2024-06-15 12:45:45;5716;1144;1;150,86;96
2024-06-15 12:46:30;5731;1147;1;151,28;96
2024-06-15 12:47:12;5745;1149;5;148,85;96
2024-06-15 12:47:57;5760;1152;5;152,78;96
2024-06-15 12:48:00;5761;1153;1;151,54;97
2024-06-15 12:48:45;5776;1156;1;149,55;97
2024-06-15 12:49:30;5791;1159;1;149,06;97
2024-06-15 12:50:12;5805;1161;5;153,27;97
2024-06-15 12:50:57;5820;1164;5;151,1;97
2024-06-15 12:51:00;5821;1165;1;151,55;98
2024-06-15 12:51:45;5836;1168;1;150,87;98
2024-06-15 12:52:30;5851;1171;1;151,86;98
2024-06-15 12:53:12;5865;1173;5;150,65;98
2024-06-15 12:53:57;5880;1176;5;151,98;98
2024-06-15 12:54:00;5881;1177;1;147,89;99
2024-06-15 12:54:45;5896;1180;1;153,01;99
2024-06-15 12:55:30;5911;1183;1;152,26;99
2024-06-15 12:56:12;5925;1185;5;148,87;99
2024-06-15 12:56:57;5940;1188;5;154,85;99
2024-06-15 12:57:00;5941;1189;1;149,52;100
2024-06-15 12:57:45;5956;1192;1;152,79;100
2024-06-15 12:58:30;5971;1195;1;152,96;100
2024-06-15 12:59:12;5985;1197;5;153,89;100
2024-06-15 12:59:57;6000;1200;5;149,74;100
2024-06-15 13:00:00;6001;1201;1;149,83;101
2024-06-15 13:00:45;6016;1204;1;150,21;101
2024-06-15 13:01:30;6031;1207;1;149,05;101
2024-06-15 13:02:12;6045;1209;5;151,66;101
2024-06-15 13:02:57;6060;1212;5;152,4;101
2024-06-15 13:03:00;6061;1213;1;151,57;102
2024-06-15 13:03:45;6076;1216;1;150,34;102
2024-06-15 13:04:30;6091;1219;1;152,62;102
2024-06-15 13:05:12;6105;1221;5;150,16;102
2024-06-15 13:05:57;6120;1224;5;150,98;102
2024-06-15 13:06:00;6121;1225;1;151,33;103
2024-06-15 13:06:45;6136;1228;1;149,78;103
2024-06-15 13:07:30;6151;1231;1;154,34;103
2024-06-15 13:08:12;6165;1233;5;153,87;103
2024-06-15 13:08:57;6180;1236;5;152,82;103
2024-06-15 13:09:00;6181;1237;1;152,95;104
2024-06-15 13:09:45;6196;1240;1;151,28;104
2024-06-15 13:10:30;6211;1243;1;152,98;104
2024-06-15 13:11:12;6225;1245;5;152,28;104
2024-06-15 13:11:57;6240;1248;5;152,04;104
2024-06-15 13:12:00;6241;1249;1;151,18;105
2024-06-15 13:12:45;6256;1252;1;148,19;105
2024-06-15 13:13:30;6271;1255;1;150,96;105
2024-06-15 13:14:12;6285;1257;5;150,61;105
2024-06-15 13:14:57;6300;1260;5;150,62;105
2024-06-15 13:15:00;6301;1261;1;151,17;106
2024-06-15 13:15:45;6316;1264;1;152,57;106
2024-06-15 13:16:30;6331;1267;1;153,48;106
2024-06-15 13:17:12;6345;1269;5;151,55;106
2024-06-15 13:17:57;6360;1272;5;149,25;106
2024-06-15 13:18:00;6361;1273;1;152,85;107
2024-06-15 13:18:45;6376;1276;1;153,15;107
2024-06-15 13:19:30;6391;1279;1;148,59;107
2024-06-15 13:20:12;6405;1281;5;152,28;107
2024-06-15 13:20:57;6420;1284;5;151,16;107
2024-06-15 13:21:00;6421;1285;1;149,79;108
2024-06-15 13:21:45;6436;1288;1;151,01;108
2024-06-15 13:22:30;6451;1291;1;151,09;108
2024-06-15 13:23:12;6465;1293;5;149,69;108
2024-06-15 13:23:57;6480;1296;5;151,94;108
2024-06-15 13:24:00;6481;1297;1;152,54;109
2024-06-15 13:24:45;6496;1300;1;152,07;109
2024-06-15 13:25:30;6511;1303;1;153,83;109
2024-06-15 13:26:12;6525;1305;5;153,18;109
2024-06-15 13:26:57;6540;1308;5;149,97;109
2024-06-15 13:27:00;6541;1309;1;151,92;110
2024-06-15 13:27:45;6556;1312;1;149,4;110
2024-06-15 13:28:30;6571;1315;1;151,3;110
2024-06-15 13:29:12;6585;1317;5;153,89;110
2024-06-15 13:29:57;6600;1320;5;154,11;110
2024-06-15 13:30:00;6601;1321;1;149,57;111
2024-06-15 13:30:45;6616;1324;1;151,5;111
2024-06-15 13:31:30;6631;1327;1;149,15;111
2024-06-15 13:32:12;6645;1329;5;150,03;111
2024-06-15 13:32:57;6660;1332;5;151,95;111
2024-06-15 13:33:00;6661;1333;1;152,75;112
2024-06-15 13:33:45;6676;1336;1;152,67;112
2024-06-15 13:34:30;6691;1339;1;152,21;112
2024-06-15 13:35:12;6705;1341;5;151,13;112
2024-06-15 13:35:57;6720;1344;5;152,79;112
2024-06-15 13:36:00;6721;1345;1;152,35;113
2024-06-15 13:36:45;6736;1348;1;152,26;113
2024-06-15 13:37:30;6751;1351;1;152,84;113
2024-06-15 13:38:12;6765;1353;5;148,31;113
2024-06-15 13:38:57;6780;1356;5;151,25;113
2024-06-15 13:39:00;6781;1357;1;153,3;114
2024-06-15 13:39:45;6796;1360;1;153,6;114
2024-06-15 13:40:30;6811;1363;1;152,16;114
2024-06-15 13:41:12;6825;1365;5;152,62;114
2024-06-15 13:41:57;6840;1368;5;151,11;114
2024-06-15 13:42:00;6841;1369;1;150,55;115
2024-06-15 13:42:45;6856;1372;1;154,04;115
2024-06-15 13:43:30;6871;1375;1;152,11;115
2024-06-15 13:44:12;6885;1377;5;151,77;115
2024-06-15 13:44:57;6900;1380;5;149,29;115
2024-06-15 13:45:00;6901;1381;1;152,92;116
2024-06-15 13:45:45;6916;1384;1;149,57;116
2024-06-15 13:46:30;6931;1387;1;150,33;116
2024-06-15 13:47:12;6945;1389;5;148,81;116
2024-06-15 13:47:57;6960;1392;5;151,65;116
2024-06-15 13:48:00;6961;1393;1;153,18;117
2024-06-15 13:48:45;6976;1396;1;151,54;117
2024-06-15 13:49:30;6991;1399;1;152,38;117
2024-06-15 13:50:12;7005;1401;5;152,56;117
2024-06-15 13:50:57;7020;1404;5;151,58;117
2024-06-15 13:51:00;7021;1405;1;154,57;118
2024-06-15 13:51:45;7036;1408;1;153,34;118
2024-06-15 13:52:30;7051;1411;1;152,95;118
2024-06-15 13:53:12;7065;1413;5;151,85;118
2024-06-15 13:53:57;7080;1416;5;151,27;118
2024-06-15 13:54:00;7081;1417;1;152,01;119
2024-06-15 13:54:45;7096;1420;1;148,93;119
2024-06-15 13:55:30;7111;1423;1;150,03;119
2024-06-15 13:56:12;7125;1425;5;153,51;119
2024-06-15 13:56:57;7140;1428;5;153,53;119
2024-06-15 13:57:00;7141;1429;1;146,67;120
2024-06-15 13:57:45;7156;1432;1;148,39;120
2024-06-15 13:58:30;7171;1435;1;150,77;120
2024-06-15 13:59:12;7185;1437;5;151,56;120
2024-06-15 13:59:57;7200;1440;5;149,28;120
2024-06-15 14:00:00;7201;1441;1;151,71;121
2024-06-15 14:00:45;7216;1444;1;152,35;121
2024-06-15 14:01:30;7231;1447;1;149,94;121
2024-06-15 14:02:12;7245;1449;5;152,55;121
2024-06-15 14:02:57;7260;1452;5;155,18;121
2024-06-15 14:03:00;7261;1453;1;154,48;122
2024-06-15 14:03:45;7276;1456;1;150,44;122
2024-06-15 14:04:30;7291;1459;1;147,07;122
2024-06-15 14:05:12;7305;1461;5;152,18;122
2024-06-15 14:05:57;7320;1464;5;148,79;122
2024-06-15 14:06:00;7321;1465;1;152,45;123
2024-06-15 14:06:45;7336;1468;1;151,95;123
2024-06-15 14:07:30;7351;1471;1;150,13;123
2024-06-15 14:08:12;7365;1473;5;153,06;123
2024-06-15 14:08:57;7380;1476;5;152,1;123
2024-06-15 14:09:00;7381;1477;1;152,9;124
2024-06-15 14:09:45;7396;1480;1;148,75;124
2024-06-15 14:10:30;7411;1483;1;153,08;124
2024-06-15 14:11:12;7425;1485;5;148,81;124
2024-06-15 14:11:57;7440;1488;5;152,45;124
2024-06-15 14:12:00;7441;1489;1;154,15;125
2024-06-15 14:12:45;7456;1492;1;149,92;125
2024-06-15 14:13:30;7471;1495;1;152,92;125
2024-06-15 14:14:12;7485;1497;5;150,99;125
2024-06-15 14:14:57;7500;1500;5;151,23;125
2024-06-15 14:15:00;7501;1501;1;154,09;126
2024-06-15 14:15:45;7516;1504;1;152,2;126
2024-06-15 14:16:30;7531;1507;1;153,39;126
2024-06-15 14:17:12;7545;1509;5;153,09;126
2024-06-15 14:17:57;7560;1512;5;151,18;126
2024-06-15 14:18:00;7561;1513;1;149,2;127
2024-06-15 14:18:45;7576;1516;1;149,4;127
2024-06-15 14:19:30;7591;1519;1;150,23;127
2024-06-15 14:20:12;7605;1521;5;151,96;127
2024-06-15 14:20:57;7620;1524;5;152,09;127
2024-06-15 14:21:00;7621;1525;1;150,3;128
2024-06-15 14:21:45;7636;1528;1;150,87;128
2024-06-15 14:22:30;7651;1531;1;153,16;128
2024-06-15 14:23:12;7665;1533;5;152,84;128
2024-06-15 14:23:57;7680;1536;5;150,19;128
2024-06-15 14:24:00;7681;1537;1;152,3;129
2024-06-15 14:24:45;7696;1540;1;153,68;129
2024-06-15 14:25:30;7711;1543;1;152,0;129
2024-06-15 14:26:12;7725;1545;5;153,96;129
2024-06-15 14:26:57;7740;1548;5;152,42;129
2024-06-15 14:27:00;7741;1549;1;152,56;130
2024-06-15 14:27:45;7756;1552;1;151,69;130
2024-06-15 14:28:30;7771;1555;1;152,84;130
2024-06-15 14:29:12;7785;1557;5;151,79;130
2024-06-15 14:29:57;7800;1560;5;148,75;130
2024-06-15 14:30:00;7801;1561;1;150,25;131
2024-06-15 14:30:45;7816;1564;1;151,73;131
2024-06-15 14:31:30;7831;1567;1;151,21;131
2024-06-15 14:32:12;7845;1569;5;153,89;131
2024-06-15 14:32:57;7860;1572;5;152,32;131
2024-06-15 14:33:00;7861;1573;1;154,58;132
2024-06-15 14:33:45;7876;1576;1;150,97;132
2024-06-15 14:34:30;7891;1579;1;151,75;132
2024-06-15 14:35:12;7905;1581;5;153,17;132
2024-06-15 14:35:57;7920;1584;5;152,2;132
2024-06-15 14:36:00;7921;1585;1;153,47;133
2024-06-15 14:36:45;7936;1588;1;152,77;133
2024-06-15 14:37:30;7951;1591;1;149,38;133
2024-06-15 14:38:12;7965;1593;5;150,66;133
2024-06-15 14:38:57;7980;1596;5;148,93;133
2024-06-15 14:39:00;7981;1597;1;150,11;134
2024-06-15 14:39:45;7996;1600;1;154,81;134
2024-06-15 14:40:30;8011;1603;1;151,07;134
2024-06-15 14:41:12;8025;1605;5;146,79;134
2024-06-15 14:41:57;8040;1608;5;154,88;134
2024-06-15 14:42:00;8041;1609;1;151,2;135
2024-06-15 14:42:45;8056;1612;1;152,2;135
2024-06-15 14:43:30;8071;1615;1;152,92;135
2024-06-15 14:44:12;8085;1617;5;149,31;135
2024-06-15 14:44:57;8100;1620;5;151,75;135
2024-06-15 14:45:00;8101;1621;1;147,91;136
2024-06-15 14:45:45;8116;1624;1;151,26;136
2024-06-15 14:46:30;8131;1627;1;151,09;136
2024-06-15 14:47:12;8145;1629;5;153,13;136
2024-06-15 14:47:57;8160;1632;5;150,36;136
2024-06-15 14:48:00;8161;1633;1;151,29;137
2024-06-15 14:48:45;8176;1636;1;153,18;137
2024-06-15 14:49:30;8191;1639;1;152,41;137
2024-06-15 14:50:12;8205;1641;5;150,9;137
2024-06-15 14:50:57;8220;1644;5;149,5;137
2024-06-15 14:51:00;8221;1645;1;149,02;138
2024-06-15 14:51:45;8236;1648;1;152,68;138
2024-06-15 14:52:30;8251;1651;1;150,89;138
2024-06-15 14:53:12;8265;1653;5;148,18;138
2024-06-15 14:53:57;8280;1656;5;153,2;138
2024-06-15 14:54:00;8281;1657;1;151,02;139
2024-06-15 14:54:45;8296;1660;1;153,04;139
2024-06-15 14:55:30;8311;1663;1;150,15;139
2024-06-15 14:56:12;8325;1665;5;151,6;139
2024-06-15 14:56:57;8340;1668;5;151,24;139
2024-06-15 14:57:00;8341;1669;1;151,63;140
2024-06-15 14:57:45;8356;1672;1;152,93;140
2024-06-15 14:58:30;8371;1675;1;150,92;140
2024-06-15 14:59:12;8385;1677;5;151,69;140
2024-06-15 14:59:57;8400;1680;5;151,44;140
2024-06-15 15:00:00;8401;1681;1;151,85;141
2024-06-15 15:00:45;8416;1684;1;151,94;141
2024-06-15 15:01:30;8431;1687;1;150,35;141
2024-06-15 15:02:12;8445;1689;5;151,78;141
2024-06-15 15:02:57;8460;1692;5;153,88;141
2024-06-15 15:03:00;8461;1693;1;150,37;142
2024-06-15 15:03:45;8476;1696;1;150,63;142
2024-06-15 15:04:30;8491;1699;1;153,4;142
2024-06-15 15:05:12;8505;1701;5;149,44;142
2024-06-15 15:05:57;8520;1704;5;153,19;142
2024-06-15 15:06:00;8521;1705;1;151,15;143
2024-06-15 15:06:45;8536;1708;1;152,56;143
2024-06-15 15:07:30;8551;1711;1;149,51;143
2024-06-15 15:08:12;8565;1713;5;147,97;143
2024-06-15 15:08:57;8580;1716;5;152,15;143
2024-06-15 15:09:00;8581;1717;1;151,76;144
2024-06-15 15:09:45;8596;1720;1;151,2;144
2024-06-15 15:10:30;8611;1723;1;150,81;144
2024-06-15 15:11:12;8625;1725;5;153,03;144
2024-06-15 15:11:57;8640;1728;5;150,58;144
2024-06-15 15:12:00;8641;1729;1;153,93;145
2024-06-15 15:12:45;8656;1732;1;149,74;145
2024-06-15 15:13:30;8671;1735;1;153,18;145
2024-06-15 15:14:12;8685;1737;5;152,81;145
2024-06-15 15:14:57;8700;1740;5;149,73;145
2024-06-15 15:15:00;8701;1741;1;153,89;146
2024-06-15 15:15:45;8716;1744;1;152,35;146
2024-06-15 15:16:30;8731;1747;1;150,82;146
2024-06-15 15:17:12;8745;1749;5;154,58;146
2024-06-15 15:17:57;8760;1752;5;153,69;146
2024-06-15 15:18:00;8761;1753;1;152,96;147
2024-06-15 15:18:45;8776;1756;1;149,43;147
2024-06-15 15:19:30;8791;1759;1;148,33;147
2024-06-15 15:20:12;8805;1761;5;152,1;147
2024-06-15 15:20:57;8820;1764;5;151,9;147
2024-06-15 15:21:00;8821;1765;1;152,07;148
2024-06-15 15:21:45;8836;1768;1;151,47;148
2024-06-15 15:22:30;8851;1771;1;154,3;148
2024-06-15 15:23:12;8865;1773;5;152,21;148
2024-06-15 15:23:57;8880;1776;5;150,53;148
2024-06-15 15:24:00;8881;1777;1;148,27;149
2024-06-15 15:24:45;8896;1780;1;154,57;149
2024-06-15 15:25:30;8911;1783;1;150,18;149
2024-06-15 15:26:12;8925;1785;5;149,82;149
2024-06-15 15:26:57;8940;1788;5;151,27;149
2024-06-15 15:27:00;8941;1789;1;153,62;150
2024-06-15 15:27:45;8956;1792;1;153,08;150
2024-06-15 15:28:30;8971;1795;1;150,91;150
2024-06-15 15:29:12;8985;1797;5;151,16;150
2024-06-15 15:29:57;9000;1800;5;152,7;150
2024-06-15 15:30:00;9001;1801;1;152,65;151
2024-06-15 15:30:45;9016;1804;1;150,03;151
2024-06-15 15:31:30;9031;1807;1;151,48;151
2024-06-15 15:32:12;9045;1809;5;151,05;151
2024-06-15 15:32:57;9060;1812;5;153,23;151
2024-06-15 15:33:00;9061;1813;1;151,35;152
2024-06-15 15:33:45;9076;1816;1;153,81;152
2024-06-15 15:34:30;9091;1819;1;152,55;152
2024-06-15 15:35:12;9105;1821;5;150,01;152
2024-06-15 15:35:57;9120;1824;5;153,57;152
2024-06-15 15:36:00;9121;1825;1;148,21;153
2024-06-15 15:36:45;9136;1828;1;150,7;153
2024-06-15 15:37:30;9151;1831;1;152,49;153
2024-06-15 15:38:12;9165;1833;5;152,91;153
2024-06-15 15:38:57;9180;1836;5;150,81;153
2024-06-15 15:39:00;9181;1837;1;151,36;154
2024-06-15 15:39:45;9196;1840;1;149,21;154
2024-06-15 15:40:30;9211;1843;1;149,32;154
2024-06-15 15:41:12;9225;1845;5;149,26;154
2024-06-15 15:41:57;9240;1848;5;149,68;154
2024-06-15 15:42:00;9241;1849;1;152,67;155
2024-06-15 15:42:45;9256;1852;1;150,79;155
2024-06-15 15:43:30;9271;1855;1;153,74;155
2024-06-15 15:44:12;9285;1857;5;151,8;155
2024-06-15 15:44:57;9300;1860;5;149,91;155
2024-06-15 15:45:00;9301;1861;1;152,13;156
2024-06-15 15:45:45;9316;1864;1;149,2;156
2024-06-15 15:46:30;9331;1867;1;153,62;156
2024-06-15 15:47:12;9345;1869;5;151,55;156
2024-06-15 15:47:57;9360;1872;5;151,96;156
2024-06-15 15:48:00;9361;1873;1;153,64;157
2024-06-15 15:48:45;9376;1876;1;149,96;157
2024-06-15 15:49:30;9391;1879;1;151,32;157
2024-06-15 15:50:12;9405;1881;5;152,44;157
2024-06-15 15:50:57;9420;1884;5;151,13;157
2024-06-15 15:51:00;9421;1885;1;151,94;158
2024-06-15 15:51:45;9436;1888;1;149,37;158
2024-06-15 15:52:30;9451;1891;1;151,24;158
2024-06-15 15:53:12;9465;1893;5;152,31;158
2024-06-15 15:53:57;9480;1896;5;153,07;158
2024-06-15 15:54:00;9481;1897;1;152,38;159
2024-06-15 15:54:45;9496;1900;1;149,69;159
2024-06-15 15:55:30;9511;1903;1;147,91;159
2024-06-15 15:56:12;9525;1905;5;150,12;159
2024-06-15 15:56:57;9540;1908;5;151,05;159
2024-06-15 15:57:00;9541;1909;1;151,99;160
2024-06-15 15:57:45;9556;1912;1;154,51;160
2024-06-15 15:58:30;9571;1915;1;150,94;160
2024-06-15 15:59:12;9585;1917;5;153,22;160
2024-06-15 15:59:57;9600;1920;5;151,01;160
