"fecha";"peso"
2020-05-16 09:00:00;254,55
2020-05-16 09:00:10;246,92
2020-05-16 09:00:20;236,29
2020-05-16 09:00:30;241,6
2020-05-16 09:00:40;247,41
2020-05-16 09:00:50;243,03
2020-05-16 09:01:00;243,15
2020-05-16 09:01:10;245,57
2020-05-16 09:01:20;245,56
2020-05-16 09:01:30;253,89
2020-05-16 09:01:40;243,79
2020-05-16 09:01:50;255,84
2020-05-16 09:02:00;251,13
2020-05-16 09:02:10;247,82
2020-05-16 09:02:20;245,89
2020-05-16 09:02:30;249,73
2020-05-16 09:02:40;262,32
2020-05-16 09:02:50;253,26
2020-05-16 09:03:00;251,8
2020-05-16 09:03:10;268,7
2020-05-16 09:03:20;238,65
2020-05-16 09:03:30;251,99
2020-05-16 09:03:40;241,24
2020-05-16 09:03:50;248,1
2020-05-16 09:04:00;245,7
2020-05-16 09:04:10;262,98
2020-05-16 09:04:20;246,9
2020-05-16 09:04:30;259,42
2020-05-16 09:04:40;247,1
2020-05-16 09:04:50;254,48
2020-05-16 09:05:00;256,99
2020-05-16 09:05:10;263,14
2020-05-16 09:05:20;243,36
2020-05-16 09:05:30;254,23
2020-05-16 09:05:40;262,17
2020-05-16 09:05:50;239,02
2020-05-16 09:06:00;249,64
2020-05-16 09:06:10;244,44
2020-05-16 09:06:20;243,09
2020-05-16 09:06:30;246,51
2020-05-16 09:06:40;243,26
2020-05-16 09:06:50;262,38
2020-05-16 09:07:00;251,17
2020-05-16 09:07:10;251,94
2020-05-16 09:07:20;247,38
2020-05-16 09:07:30;269,58
2020-05-16 09:07:40;248,88
2020-05-16 09:07:50;257,76
2020-05-16 09:08:00;251,04
2020-05-16 09:08:10;261,53
2020-05-16 09:08:20;249,36
2020-05-16 09:08:30;247,68
2020-05-16 09:08:40;250,91
2020-05-16 09:08:50;254,31
2020-05-16 09:09:00;249,56
2020-05-16 09:09:10;240,96
2020-05-16 09:09:20;248,06
2020-05-16 09:09:30;251,12
2020-05-16 09:09:40;262,52
2020-05-16 09:09:50;260,13
2020-05-16 09:10:00;258,39
2020-05-16 09:10:10;250,7
2020-05-16 09:10:20;253,13
2020-05-16 09:10:30;248,07
2020-05-16 09:10:40;250,63
2020-05-16 09:10:50;248,29
2020-05-16 09:11:00;253,52
2020-05-16 09:11:10;246,9
2020-05-16 09:11:20;249,61
2020-05-16 09:11:30;248,79
2020-05-16 09:11:40;245,97
2020-05-16 09:11:50;242,94
2020-05-16 09:12:00;257,07
2020-05-16 09:12:10;241,53
2020-05-16 09:12:20;241,85
2020-05-16 09:12:30;248,72
2020-05-16 09:12:40;260,29
2020-05-16 09:12:50;242,79
2020-05-16 09:13:00;240,68
2020-05-16 09:13:10;248,27
2020-05-16 09:13:20;256,09
2020-05-16 09:13:30;263,05
2020-05-16 09:13:40;265,2
2020-05-16 09:13:50;247,52
2020-05-16 09:14:00;247,55
2020-05-16 09:14:10;242,87
2020-05-16 09:14:20;243,64
2020-05-16 09:14:30;252,1
2020-05-16 09:14:40;246,05
2020-05-16 09:14:50;239,75
2020-05-16 09:15:00;235,84
2020-05-16 09:15:10;250,52
2020-05-16 09:15:20;267,02
2020-05-16 09:15:30;240,7
2020-05-16 09:15:40;252,09
2020-05-16 09:15:50;251,94
2020-05-16 09:16:00;248,34
2020-05-16 09:16:10;251,26
2020-05-16 09:16:20;239,06
2020-05-16 09:16:30;253,77
2020-05-16 09:16:40;252,59
2020-05-16 09:16:50;257,93
2020-05-16 09:17:00;242,33
2020-05-16 09:17:10;252,62
2020-05-16 09:17:20;243,57
2020-05-16 09:17:30;230,47
2020-05-16 09:17:40;243,6
2020-05-16 09:17:50;251,21
2020-05-16 09:18:00;237,71
2020-05-16 09:18:10;246,16
2020-05-16 09:18:20;236,63
2020-05-16 09:18:30;260,03
2020-05-16 09:18:40;250,96
2020-05-16 09:18:50;250,2
2020-05-16 09:19:00;246,23
2020-05-16 09:19:10;256,75
2020-05-16 09:19:20;252,21
2020-05-16 09:19:30;230,58
2020-05-16 09:19:40;241,09
2020-05-16 09:19:50;252,74
2020-05-16 09:20:00;245,37
2020-05-16 09:20:10;244,33
2020-05-16 09:20:20;261,49
2020-05-16 09:20:30;244,24
2020-05-16 09:20:40;236,41
2020-05-16 09:20:50;249,82
2020-05-16 09:21:00;256,01
2020-05-16 09:21:10;245,41
2020-05-16 09:21:20;241,87
2020-05-16 09:21:30;249,41
2020-05-16 09:21:40;241,2
2020-05-16 09:21:50;244,63
2020-05-16 09:22:00;248,01
2020-05-16 09:22:10;252,3
2020-05-16 09:22:20;251,16
2020-05-16 09:22:30;255,88
2020-05-16 09:22:40;254,27
2020-05-16 09:22:50;252,31
2020-05-16 09:23:00;252,01
2020-05-16 09:23:10;252,46
2020-05-16 09:23:20;255,79
2020-05-16 09:23:30;247,9
2020-05-16 09:23:40;246,63
2020-05-16 09:23:50;238,45
2020-05-16 09:24:00;241,28
2020-05-16 09:24:10;265,07
2020-05-16 09:24:20;250,51
2020-05-16 09:24:30;245,17
2020-05-16 09:24:40;274,21
2020-05-16 09:24:50;242,97
2020-05-16 09:25:00;250,42
2020-05-16 09:25:10;255,61
2020-05-16 09:25:20;249,22
2020-05-16 09:25:30;252,98
2020-05-16 09:25:40;240,46
2020-05-16 09:25:50;241,74
2020-05-16 09:26:00;241,74
2020-05-16 09:26:10;252,11
2020-05-16 09:26:20;238,68
2020-05-16 09:26:30;248,5
2020-05-16 09:26:40;264,94
2020-05-16 09:26:50;237,33
2020-05-16 09:27:00;244,21
2020-05-16 09:27:10;245,52
2020-05-16 09:27:20;235,22
2020-05-16 09:27:30;251,53
2020-05-16 09:27:40;254,31
2020-05-16 09:27:50;242,78
2020-05-16 09:28:00;252,42
2020-05-16 09:28:10;243,45
2020-05-16 09:28:20;247,49
2020-05-16 09:28:30;247,71
2020-05-16 09:28:40;236,49
2020-05-16 09:28:50;242,55
2020-05-16 09:29:00;259,7
2020-05-16 09:29:10;243,16
2020-05-16 09:29:20;250,37
2020-05-16 09:29:30;246,77
2020-05-16 09:29:40;244,62
2020-05-16 09:29:50;238,85
2020-05-16 09:30:00;258,42
2020-05-16 09:30:10;252,34
2020-05-16 09:30:20;249,8
2020-05-16 09:30:30;249,74
2020-05-16 09:30:40;244,71
2020-05-16 09:30:50;252,6
2020-05-16 09:31:00;251,4
2020-05-16 09:31:10;240,32
2020-05-16 09:31:20;249,1
2020-05-16 09:31:30;246,93
2020-05-16 09:31:40;246
2020-05-16 09:31:50;247,89
2020-05-16 09:32:00;253,51
2020-05-16 09:32:10;238,35
2020-05-16 09:32:20;264,94
2020-05-16 09:32:30;242,44
2020-05-16 09:32:40;248,37
2020-05-16 09:32:50;249,93
2020-05-16 09:33:00;248,61
2020-05-16 09:33:10;236,03
2020-05-16 09:33:20;256,03
2020-05-16 09:33:30;243,32
2020-05-16 09:33:40;243,73
2020-05-16 09:33:50;253,3
2020-05-16 09:34:00;249,33
2020-05-16 09:34:10;244,28
2020-05-16 09:34:20;246,32
2020-05-16 09:34:30;239,95
2020-05-16 09:34:40;246,65
2020-05-16 09:34:50;254,57
2020-05-16 09:35:00;267,94
2020-05-16 09:35:10;267,24
2020-05-16 09:35:20;245,51
2020-05-16 09:35:30;246,24
2020-05-16 09:35:40;252,53
2020-05-16 09:35:50;244,3
2020-05-16 09:36:00;250,04
2020-05-16 09:36:10;246,84
2020-05-16 09:36:20;245,87
2020-05-16 09:36:30;237,61
2020-05-16 09:36:40;249,5
2020-05-16 09:36:50;234,15
2020-05-16 09:37:00;258,23
2020-05-16 09:37:10;237,22
2020-05-16 09:37:20;255,16
2020-05-16 09:37:30;256,57
2020-05-16 09:37:40;250,39
2020-05-16 09:37:50;243,04
2020-05-16 09:38:00;245,06
2020-05-16 09:38:10;252,05
2020-05-16 09:38:20;259,05
2020-05-16 09:38:30;249,68
2020-05-16 09:38:40;248,71
2020-05-16 09:38:50;243,51
2020-05-16 09:39:00;248,78
2020-05-16 09:39:10;253,48
2020-05-16 09:39:20;251,71
2020-05-16 09:39:30;264,58
2020-05-16 09:39:40;248,04
2020-05-16 09:39:50;234,42
2020-05-16 09:40:00;246,08
2020-05-16 09:40:10;241,01
2020-05-16 09:40:20;259,39
2020-05-16 09:40:30;238,77
2020-05-16 09:40:40;258,89
2020-05-16 09:40:50;255,76
2020-05-16 09:41:00;249,08
2020-05-16 09:41:10;253,07
2020-05-16 09:41:20;254,59
2020-05-16 09:41:30;261,1
2020-05-16 09:41:40;247,82
2020-05-16 09:41:50;271,95
2020-05-16 09:42:00;268,69
2020-05-16 09:42:10;250,67
2020-05-16 09:42:20;258,14
2020-05-16 09:42:30;245,06
2020-05-16 09:42:40;250,43
2020-05-16 09:42:50;242,87
2020-05-16 09:43:00;235,26
2020-05-16 09:43:10;252,64
2020-05-16 09:43:20;234,8
2020-05-16 09:43:30;241,42
2020-05-16 09:43:40;255,62
2020-05-16 09:43:50;249,54
2020-05-16 09:44:00;257,2
2020-05-16 09:44:10;250,55
2020-05-16 09:44:20;254,35
2020-05-16 09:44:30;250,97
2020-05-16 09:44:40;266,84
2020-05-16 09:44:50;258,75
2020-05-16 09:45:00;251,7
2020-05-16 09:45:10;268,48
2020-05-16 09:45:20;253,14
2020-05-16 09:45:30;244,65
2020-05-16 09:45:40;254,19
2020-05-16 09:45:50;243,34
2020-05-16 09:46:00;245,73
2020-05-16 09:46:10;260,05
2020-05-16 09:46:20;257,1
2020-05-16 09:46:30;260,14
2020-05-16 09:46:40;247,6
2020-05-16 09:46:50;248,27
2020-05-16 09:47:00;247,78
2020-05-16 09:47:10;245,87
2020-05-16 09:47:20;257,31
2020-05-16 09:47:30;265,03
2020-05-16 09:47:40;255,52
2020-05-16 09:47:50;250,4
2020-05-16 09:48:00;257,46
2020-05-16 09:48:10;249,73
2020-05-16 09:48:20;249,75
2020-05-16 09:48:30;254,41
2020-05-16 09:48:40;239,21
2020-05-16 09:48:50;242,92
2020-05-16 09:49:00;252,56
2020-05-16 09:49:10;256,28
2020-05-16 09:49:20;236,99
2020-05-16 09:49:30;246,9
2020-05-16 09:49:40;251,13
2020-05-16 09:49:50;251,91
2020-05-16 09:50:00;269,11
2020-05-16 09:50:10;258,51
2020-05-16 09:50:20;247,84
2020-05-16 09:50:30;249,65
2020-05-16 09:50:40;250,01
2020-05-16 09:50:50;250,61
2020-05-16 09:51:00;247,08
2020-05-16 09:51:10;247,79
2020-05-16 09:51:20;255,6
2020-05-16 09:51:30;259,23
2020-05-16 09:51:40;253,75
2020-05-16 09:51:50;260,89
2020-05-16 09:52:00;247,22
2020-05-16 09:52:10;236,13
2020-05-16 09:52:20;245,47
2020-05-16 09:52:30;241,4
2020-05-16 09:52:40;253,47
2020-05-16 09:52:50;245,55
2020-05-16 09:53:00;250,99
2020-05-16 09:53:10;256,42
2020-05-16 09:53:20;246,8
2020-05-16 09:53:30;238,21
2020-05-16 09:53:40;245,6
2020-05-16 09:53:50;245,93
2020-05-16 09:54:00;252,47
2020-05-16 09:54:10;252,16
2020-05-16 09:54:20;242,71
2020-05-16 09:54:30;240,09
2020-05-16 09:54:40;242,73
2020-05-16 09:54:50;256,17
2020-05-16 09:55:00;244,39
2020-05-16 09:55:10;237,82
2020-05-16 09:55:20;248,75
2020-05-16 09:55:30;238,57
2020-05-16 09:55:40;243,06
2020-05-16 09:55:50;248,05
2020-05-16 09:56:00;251,15
2020-05-16 09:56:10;251,33
2020-05-16 09:56:20;243,54
2020-05-16 09:56:30;249,08
2020-05-16 09:56:40;240,12
2020-05-16 09:56:50;250,24
2020-05-16 09:57:00;262,56
2020-05-16 09:57:10;250,24
2020-05-16 09:57:20;253,19
2020-05-16 09:57:30;259,11
2020-05-16 09:57:40;255,83
2020-05-16 09:57:50;258,19
2020-05-16 09:58:00;233,06
2020-05-16 09:58:10;260,27
2020-05-16 09:58:20;243,01
2020-05-16 09:58:30;248,75
2020-05-16 09:58:40;248,1
2020-05-16 09:58:50;230,74
2020-05-16 09:59:00;248,1
2020-05-16 09:59:10;260,81
2020-05-16 09:59:20;254,48
2020-05-16 09:59:30;261,66
2020-05-16 09:59:40;245,25
2020-05-16 09:59:50;262,71
2020-05-16 10:00:00;258,53
2020-05-16 10:00:10;244,55
2020-05-16 10:00:20;252,6
2020-05-16 10:00:30;245,3
2020-05-16 10:00:40;244,38
2020-05-16 10:00:50;260,39
2020-05-16 10:01:00;237,35
2020-05-16 10:01:10;257,27
2020-05-16 10:01:20;244,23
2020-05-16 10:01:30;245,01
2020-05-16 10:01:40;254,01
2020-05-16 10:01:50;259,21
2020-05-16 10:02:00;249,23
2020-05-16 10:02:10;234,12
2020-05-16 10:02:20;249,68
2020-05-16 10:02:30;246,08
2020-05-16 10:02:40;250,73
2020-05-16 10:02:50;253,9
2020-05-16 10:03:00;250,1
2020-05-16 10:03:10;246,72
2020-05-16 10:03:20;246,48
2020-05-16 10:03:30;246,93
2020-05-16 10:03:40;261,6
2020-05-16 10:03:50;247,45
2020-05-16 10:04:00;260,76
2020-05-16 10:04:10;256,51
2020-05-16 10:04:20;248,83
2020-05-16 10:04:30;243,19
2020-05-16 10:04:40;253,38
2020-05-16 10:04:50;246,14
2020-05-16 10:05:00;253,04
2020-05-16 10:05:10;228,98
2020-05-16 10:05:20;241,65
2020-05-16 10:05:30;250,94
2020-05-16 10:05:40;240,9
2020-05-16 10:05:50;244,56
2020-05-16 10:06:00;256,63
2020-05-16 10:06:10;252,67
2020-05-16 10:06:20;250,08
2020-05-16 10:06:30;260,85
2020-05-16 10:06:40;251,43
2020-05-16 10:06:50;252,5
2020-05-16 10:07:00;254,65
2020-05-16 10:07:10;253,97
2020-05-16 10:07:20;249,61
2020-05-16 10:07:30;259,23
2020-05-16 10:07:40;256,16
2020-05-16 10:07:50;248,14
2020-05-16 10:08:00;253,33
2020-05-16 10:08:10;246,85
2020-05-16 10:08:20;257,3
2020-05-16 10:08:30;237,92
2020-05-16 10:08:40;240,67
2020-05-16 10:08:50;244,5
2020-05-16 10:09:00;239,46
2020-05-16 10:09:10;244,52
2020-05-16 10:09:20;244,38
2020-05-16 10:09:30;239,22
2020-05-16 10:09:40;247,05
2020-05-16 10:09:50;256,03
2020-05-16 10:10:00;228,68
2020-05-16 10:10:10;240,07
2020-05-16 10:10:20;241,56
2020-05-16 10:10:30;251,13
2020-05-16 10:10:40;256,85
2020-05-16 10:10:50;248,73
2020-05-16 10:11:00;249,86
2020-05-16 10:11:10;242,04
2020-05-16 10:11:20;257,85
2020-05-16 10:11:30;266,5
2020-05-16 10:11:40;247,78
2020-05-16 10:11:50;252,46
2020-05-16 10:12:00;244,85
2020-05-16 10:12:10;258,95
2020-05-16 10:12:20;252,65
2020-05-16 10:12:30;243,91
2020-05-16 10:12:40;245,26
2020-05-16 10:12:50;249,93
2020-05-16 10:13:00;258,79
2020-05-16 10:13:10;235,42
2020-05-16 10:13:20;251,82
2020-05-16 10:13:30;236,1
2020-05-16 10:13:40;227,57
2020-05-16 10:13:50;252,36
2020-05-16 10:14:00;255,42
2020-05-16 10:14:10;234,18
2020-05-16 10:14:20;243,71
2020-05-16 10:14:30;247,51
2020-05-16 10:14:40;255,57
2020-05-16 10:14:50;265,31
2020-05-16 10:15:00;247,52
2020-05-16 10:15:10;246,51
2020-05-16 10:15:20;234,19
2020-05-16 10:15:30;235,45
2020-05-16 10:15:40;242,1
2020-05-16 10:15:50;252,58
2020-05-16 10:16:00;247,03
2020-05-16 10:16:10;256,51
2020-05-16 10:16:20;249,82
2020-05-16 10:16:30;242,97
2020-05-16 10:16:40;241,32
2020-05-16 10:16:50;241,05
2020-05-16 10:17:00;248,92
2020-05-16 10:17:10;255,66
2020-05-16 10:17:20;251,57
2020-05-16 10:17:30;245,13
2020-05-16 10:17:40;248,46
2020-05-16 10:17:50;241,38
2020-05-16 10:18:00;249,83
2020-05-16 10:18:10;245,27
2020-05-16 10:18:20;241,03
2020-05-16 10:18:30;248,27
2020-05-16 10:18:40;257,04
2020-05-16 10:18:50;259,89
2020-05-16 10:19:00;253,84
2020-05-16 10:19:10;245,72
2020-05-16 10:19:20;263,16
2020-05-16 10:19:30;245,89
2020-05-16 10:19:40;250,32
2020-05-16 10:19:50;243,46
2020-05-16 10:20:00;258,47
2020-05-16 10:20:10;236,02
2020-05-16 10:20:20;247,88
2020-05-16 10:20:30;252,04
2020-05-16 10:20:40;253,86
2020-05-16 10:20:50;259,9
2020-05-16 10:21:00;265,24
2020-05-16 10:21:10;240,97
2020-05-16 10:21:20;244,66
2020-05-16 10:21:30;237,79
2020-05-16 10:21:40;240,65
2020-05-16 10:21:50;248,94
2020-05-16 10:22:00;250,3
2020-05-16 10:22:10;245,34
2020-05-16 10:22:20;249,29
2020-05-16 10:22:30;240,67
2020-05-16 10:22:40;249,65
2020-05-16 10:22:50;240,5
2020-05-16 10:23:00;269,16
2020-05-16 10:23:10;245,07
2020-05-16 10:23:20;244,19
2020-05-16 10:23:30;262,55
2020-05-16 10:23:40;255,61
2020-05-16 10:23:50;252,08
2020-05-16 10:24:00;242,17
2020-05-16 10:24:10;254,1
2020-05-16 10:24:20;243,28
2020-05-16 10:24:30;239,36
2020-05-16 10:24:40;246,05
2020-05-16 10:24:50;255,6
2020-05-16 10:25:00;253,03
2020-05-16 10:25:10;263,09
2020-05-16 10:25:20;235,94
2020-05-16 10:25:30;247,03
2020-05-16 10:25:40;253,44
2020-05-16 10:25:50;245,92
2020-05-16 10:26:00;248,61
2020-05-16 10:26:10;246,22
2020-05-16 10:26:20;249,32
2020-05-16 10:26:30;247,99
2020-05-16 10:26:40;244,59
2020-05-16 10:26:50;261,09
2020-05-16 10:27:00;241,4
2020-05-16 10:27:10;251,07
2020-05-16 10:27:20;237,88
2020-05-16 10:27:30;247,31
2020-05-16 10:27:40;246,42
2020-05-16 10:27:50;251,43
2020-05-16 10:28:00;259,77
2020-05-16 10:28:10;245,02
2020-05-16 10:28:20;232,73
2020-05-16 10:28:30;250,25
2020-05-16 10:28:40;242,3
2020-05-16 10:28:50;253,53
2020-05-16 10:29:00;257,21
2020-05-16 10:29:10;237,57
2020-05-16 10:29:20;255,1
2020-05-16 10:29:30;261,81
2020-05-16 10:29:40;246,93
2020-05-16 10:29:50;252,41
2020-05-16 10:30:00;241,56
2020-05-16 10:30:10;240,05
2020-05-16 10:30:20;252,73
2020-05-16 10:30:30;253,08
2020-05-16 10:30:40;248,74
2020-05-16 10:30:50;264,15
2020-05-16 10:31:00;245,73
2020-05-16 10:31:10;236,9
2020-05-16 10:31:20;251,24
2020-05-16 10:31:30;247,89
2020-05-16 10:31:40;261,16
2020-05-16 10:31:50;241,53
2020-05-16 10:32:00;263,29
2020-05-16 10:32:10;240,28
2020-05-16 10:32:20;248,68
2020-05-16 10:32:30;266,22
2020-05-16 10:32:40;247,07
2020-05-16 10:32:50;257,06
2020-05-16 10:33:00;252,68
2020-05-16 10:33:10;259,9
2020-05-16 10:33:20;232,61
2020-05-16 10:33:30;244,09
2020-05-16 10:33:40;248,42
2020-05-16 10:33:50;254,57
2020-05-16 10:34:00;250,96
2020-05-16 10:34:10;246,65
2020-05-16 10:34:20;243,8
2020-05-16 10:34:30;254,26
2020-05-16 10:34:40;259,93
2020-05-16 10:34:50;244,11
2020-05-16 10:35:00;244,93
2020-05-16 10:35:10;255,92
2020-05-16 10:35:20;255,99
2020-05-16 10:35:30;240,08
2020-05-16 10:35:40;254,52
2020-05-16 10:35:50;237,55
2020-05-16 10:36:00;253,53
2020-05-16 10:36:10;259,05
2020-05-16 10:36:20;235,14
2020-05-16 10:36:30;241,24
2020-05-16 10:36:40;234,94
2020-05-16 10:36:50;252,23
2020-05-16 10:37:00;264,92
2020-05-16 10:37:10;246,46
2020-05-16 10:37:20;239,94
2020-05-16 10:37:30;228,14
2020-05-16 10:37:40;249,51
2020-05-16 10:37:50;265,47
2020-05-16 10:38:00;242,56
2020-05-16 10:38:10;249,59
2020-05-16 10:38:20;256,09
2020-05-16 10:38:30;260,72
2020-05-16 10:38:40;246,59
2020-05-16 10:38:50;231,37
2020-05-16 10:39:00;226,78
2020-05-16 10:39:10;242,06
2020-05-16 10:39:20;245,18
2020-05-16 10:39:30;245,61
2020-05-16 10:39:40;249,01
2020-05-16 10:39:50;238,12
2020-05-16 10:40:00;245,18
2020-05-16 10:40:10;258,1
2020-05-16 10:40:20;248,02
2020-05-16 10:40:30;239,1
2020-05-16 10:40:40;246,57
2020-05-16 10:40:50;241,35
2020-05-16 10:41:00;274,27
2020-05-16 10:41:10;251,69
2020-05-16 10:41:20;242,95
2020-05-16 10:41:30;252,59
2020-05-16 10:41:40;263,54
2020-05-16 10:41:50;239,79
2020-05-16 10:42:00;247,15
2020-05-16 10:42:10;253,3
2020-05-16 10:42:20;255,13
2020-05-16 10:42:30;243,46
2020-05-16 10:42:40;240,43
2020-05-16 10:42:50;255,9
2020-05-16 10:43:00;261,69
2020-05-16 10:43:10;262,35
2020-05-16 10:43:20;256,97
2020-05-16 10:43:30;253,93
2020-05-16 10:43:40;247,71
2020-05-16 10:43:50;262,02
2020-05-16 10:44:00;240,03
2020-05-16 10:44:10;243,88
2020-05-16 10:44:20;252,58
2020-05-16 10:44:30;250,78
2020-05-16 10:44:40;241,75
2020-05-16 10:44:50;242,02
2020-05-16 10:45:00;244,14
2020-05-16 10:45:10;241,04
2020-05-16 10:45:20;247,39
2020-05-16 10:45:30;251,95
2020-05-16 10:45:40;253,65
2020-05-16 10:45:50;238,82
2020-05-16 10:46:00;263,66
2020-05-16 10:46:10;253,48
2020-05-16 10:46:20;253,24
2020-05-16 10:46:30;244,67
2020-05-16 10:46:40;257,12
2020-05-16 10:46:50;253
2020-05-16 10:47:00;241,27
2020-05-16 10:47:10;244,3
2020-05-16 10:47:20;242,03
2020-05-16 10:47:30;253,33
2020-05-16 10:47:40;259,24
2020-05-16 10:47:50;235,46
2020-05-16 10:48:00;234,29
2020-05-16 10:48:10;251,31
2020-05-16 10:48:20;245,28
2020-05-16 10:48:30;238,75
2020-05-16 10:48:40;253,11
2020-05-16 10:48:50;239,53
2020-05-16 10:49:00;249,35
2020-05-16 10:49:10;244,06
2020-05-16 10:49:20;240
2020-05-16 10:49:30;242,77
2020-05-16 10:49:40;240,78
2020-05-16 10:49:50;250,49
2020-05-16 10:50:00;248,34
2020-05-16 10:50:10;260,87
2020-05-16 10:50:20;254,02
2020-05-16 10:50:30;254,45
2020-05-16 10:50:40;238,03
2020-05-16 10:50:50;244,26
2020-05-16 10:51:00;256,69
2020-05-16 10:51:10;249,83
2020-05-16 10:51:20;246,9
2020-05-16 10:51:30;250,28
2020-05-16 10:51:40;253,01
2020-05-16 10:51:50;250,32
2020-05-16 10:52:00;247,78
2020-05-16 10:52:10;235,68
2020-05-16 10:52:20;234,97
2020-05-16 10:52:30;237,28
2020-05-16 10:52:40;254,15
2020-05-16 10:52:50;244,07
2020-05-16 10:53:00;256,72
2020-05-16 10:53:10;247,39
2020-05-16 10:53:20;253,65
2020-05-16 10:53:30;258,12
2020-05-16 10:53:40;253,2
2020-05-16 10:53:50;252,2
2020-05-16 10:54:00;245,12
2020-05-16 10:54:10;250,71
2020-05-16 10:54:20;247,55
2020-05-16 10:54:30;242,14
2020-05-16 10:54:40;251,55
2020-05-16 10:54:50;238,93
2020-05-16 10:55:00;255,66
2020-05-16 10:55:10;250,34
2020-05-16 10:55:20;236,66
2020-05-16 10:55:30;235,29
2020-05-16 10:55:40;253,71
2020-05-16 10:55:50;251,7
2020-05-16 10:56:00;250,43
2020-05-16 10:56:10;259,57
2020-05-16 10:56:20;245,11
2020-05-16 10:56:30;236,03
2020-05-16 10:56:40;254,41
2020-05-16 10:56:50;252,58
2020-05-16 10:57:00;247,84
2020-05-16 10:57:10;246,43
2020-05-16 10:57:20;251,99
2020-05-16 10:57:30;248,2
2020-05-16 10:57:40;260,04
2020-05-16 10:57:50;253,04
2020-05-16 10:58:00;251,23
2020-05-16 10:58:10;242,61
2020-05-16 10:58:20;251,03
2020-05-16 10:58:30;248,4
2020-05-16 10:58:40;246,43
2020-05-16 10:58:50;245,58
2020-05-16 10:59:00;242,86
2020-05-16 10:59:10;239,67
2020-05-16 10:59:20;244,18
2020-05-16 10:59:30;259,99
2020-05-16 10:59:40;250,97
2020-05-16 10:59:50;254,17
2020-05-16 11:00:00;243,21
2020-05-16 11:00:10;248,41
2020-05-16 11:00:20;246
2020-05-16 11:00:30;256,49
2020-05-16 11:00:40;243,46
2020-05-16 11:00:50;267,17
2020-05-16 11:01:00;254,88
2020-05-16 11:01:10;239,08
2020-05-16 11:01:20;253,93
2020-05-16 11:01:30;243,71
2020-05-16 11:01:40;231,86
2020-05-16 11:01:50;244,83
2020-05-16 11:02:00;252,22
2020-05-16 11:02:10;249,8
2020-05-16 11:02:20;259,96
2020-05-16 11:02:30;243,5
2020-05-16 11:02:40;249,14
2020-05-16 11:02:50;241,4
2020-05-16 11:03:00;245,8
2020-05-16 11:03:10;246,11
2020-05-16 11:03:20;264,05
2020-05-16 11:03:30;253,75
2020-05-16 11:03:40;243,34
2020-05-16 11:03:50;251,68
2020-05-16 11:04:00;261,15
2020-05-16 11:04:10;260,54
2020-05-16 11:04:20;243,73
2020-05-16 11:04:30;244,96
2020-05-16 11:04:40;250,46
2020-05-16 11:04:50;255,29
2020-05-16 11:05:00;245,91
2020-05-16 11:05:10;260,04
2020-05-16 11:05:20;263,65
2020-05-16 11:05:30;252,22
2020-05-16 11:05:40;252,39
2020-05-16 11:05:50;252,71
2020-05-16 11:06:00;246,71
2020-05-16 11:06:10;241,43
2020-05-16 11:06:20;253,99
2020-05-16 11:06:30;230,76
2020-05-16 11:06:40;242,93
2020-05-16 11:06:50;242,31
2020-05-16 11:07:00;252,02
2020-05-16 11:07:10;255,23
2020-05-16 11:07:20;261,95
2020-05-16 11:07:30;246,25
2020-05-16 11:07:40;249,98
2020-05-16 11:07:50;260,84
2020-05-16 11:08:00;252,93
2020-05-16 11:08:10;253,21
2020-05-16 11:08:20;251,27
2020-05-16 11:08:30;251,15
2020-05-16 11:08:40;250,22
2020-05-16 11:08:50;252,04
2020-05-16 11:09:00;250,14
2020-05-16 11:09:10;256,79
2020-05-16 11:09:20;238,84
2020-05-16 11:09:30;252,4
2020-05-16 11:09:40;246,8
2020-05-16 11:09:50;253,17
2020-05-16 11:10:00;254,04
2020-05-16 11:10:10;227,26
2020-05-16 11:10:20;243,65
2020-05-16 11:10:30;256,07
2020-05-16 11:10:40;245,4
2020-05-16 11:10:50;244,39
2020-05-16 11:11:00;239,05
2020-05-16 11:11:10;247,08
2020-05-16 11:11:20;234,15
2020-05-16 11:11:30;263,13
2020-05-16 11:11:40;246,3
2020-05-16 11:11:50;252,18
2020-05-16 11:12:00;253,62
2020-05-16 11:12:10;247,83
2020-05-16 11:12:20;254,62
2020-05-16 11:12:30;255,46
2020-05-16 11:12:40;269,2
2020-05-16 11:12:50;262,92
2020-05-16 11:13:00;251,58
2020-05-16 11:13:10;250,98
2020-05-16 11:13:20;251,2
2020-05-16 11:13:30;252,55
2020-05-16 11:13:40;260,24
2020-05-16 11:13:50;237,85
2020-05-16 11:14:00;262,55
2020-05-16 11:14:10;241,91
2020-05-16 11:14:20;238,96
2020-05-16 11:14:30;233,75
2020-05-16 11:14:40;252,18
2020-05-16 11:14:50;248,81
2020-05-16 11:15:00;255,06
2020-05-16 11:15:10;241,22
2020-05-16 11:15:20;256,11
2020-05-16 11:15:30;234,85
2020-05-16 11:15:40;252,28
2020-05-16 11:15:50;256,68
2020-05-16 11:16:00;249,38
2020-05-16 11:16:10;255,21
2020-05-16 11:16:20;249,15
2020-05-16 11:16:30;253,48
2020-05-16 11:16:40;250,97
2020-05-16 11:16:50;247,36
2020-05-16 11:17:00;242,58
2020-05-16 11:17:10;248,74
2020-05-16 11:17:20;259,36
2020-05-16 11:17:30;253,12
2020-05-16 11:17:40;252,87
2020-05-16 11:17:50;246,89
2020-05-16 11:18:00;256,64
2020-05-16 11:18:10;253,72
2020-05-16 11:18:20;263,06
2020-05-16 11:18:30;239,39
2020-05-16 11:18:40;254,15
2020-05-16 11:18:50;248
2020-05-16 11:19:00;255,64
2020-05-16 11:19:10;251,05
2020-05-16 11:19:20;252,72
2020-05-16 11:19:30;242,68
2020-05-16 11:19:40;240,31
2020-05-16 11:19:50;245,74
2020-05-16 11:20:00;247,26
2020-05-16 11:20:10;250,02
2020-05-16 11:20:20;234,02
2020-05-16 11:20:30;247,52
2020-05-16 11:20:40;244,7
2020-05-16 11:20:50;253,95
2020-05-16 11:21:00;246,72
2020-05-16 11:21:10;243,85
2020-05-16 11:21:20;258,8
2020-05-16 11:21:30;254,65
2020-05-16 11:21:40;241,89
2020-05-16 11:21:50;239,85
2020-05-16 11:22:00;245,2
2020-05-16 11:22:10;262,17
2020-05-16 11:22:20;253,97
2020-05-16 11:22:30;240,71
2020-05-16 11:22:40;257,36
2020-05-16 11:22:50;252,9
2020-05-16 11:23:00;261,8
2020-05-16 11:23:10;241,2
2020-05-16 11:23:20;258,68
2020-05-16 11:23:30;240,08
2020-05-16 11:23:40;247,51
2020-05-16 11:23:50;254,08
2020-05-16 11:24:00;242,96
2020-05-16 11:24:10;253,89
2020-05-16 11:24:20;249,22
2020-05-16 11:24:30;234,85
2020-05-16 11:24:40;252,34
2020-05-16 11:24:50;268,61
2020-05-16 11:25:00;243,52
2020-05-16 11:25:10;265,23
2020-05-16 11:25:20;241,68
2020-05-16 11:25:30;256,65
2020-05-16 11:25:40;269,95
2020-05-16 11:25:50;247,43
2020-05-16 11:26:00;268,63
2020-05-16 11:26:10;251,39
2020-05-16 11:26:20;249,02
2020-05-16 11:26:30;261,45
2020-05-16 11:26:40;254,05
2020-05-16 11:26:50;231,63
2020-05-16 11:27:00;255,86
2020-05-16 11:27:10;234,93
2020-05-16 11:27:20;257,35
2020-05-16 11:27:30;244,47
2020-05-16 11:27:40;254,5
2020-05-16 11:27:50;261,37
2020-05-16 11:28:00;264,45
2020-05-16 11:28:10;252,55
2020-05-16 11:28:20;246,08
2020-05-16 11:28:30;241,55
2020-05-16 11:28:40;251,88
2020-05-16 11:28:50;243,54
2020-05-16 11:29:00;249,63
2020-05-16 11:29:10;237,98
2020-05-16 11:29:20;250,54
2020-05-16 11:29:30;258,67
2020-05-16 11:29:40;245,66
2020-05-16 11:29:50;251,55
2020-05-16 11:30:00;237,3
2020-05-16 11:30:10;238,39
2020-05-16 11:30:20;242,14
2020-05-16 11:30:30;254,32
2020-05-16 11:30:40;231,25
2020-05-16 11:30:50;251,23
2020-05-16 11:31:00;253,24
2020-05-16 11:31:10;242,03
2020-05-16 11:31:20;246,61
2020-05-16 11:31:30;251,42
2020-05-16 11:31:40;255,79
2020-05-16 11:31:50;252,08
2020-05-16 11:32:00;245,8
2020-05-16 11:32:10;247,24
2020-05-16 11:32:20;254,74
2020-05-16 11:32:30;247,92
2020-05-16 11:32:40;259,74
2020-05-16 11:32:50;247,76
2020-05-16 11:33:00;248,18
2020-05-16 11:33:10;259,81
2020-05-16 11:33:20;266,21
2020-05-16 11:33:30;265,95
2020-05-16 11:33:40;241,38
2020-05-16 11:33:50;263,96
2020-05-16 11:34:00;246,69
2020-05-16 11:34:10;256,21
2020-05-16 11:34:20;253,82
2020-05-16 11:34:30;244,23
2020-05-16 11:34:40;234,54
2020-05-16 11:34:50;235,98
2020-05-16 11:35:00;252,4
2020-05-16 11:35:10;258,91
2020-05-16 11:35:20;250,91
2020-05-16 11:35:30;237,13
2020-05-16 11:35:40;255,14
2020-05-16 11:35:50;252,45
2020-05-16 11:36:00;236,09
2020-05-16 11:36:10;256,47
2020-05-16 11:36:20;243,16
2020-05-16 11:36:30;231,38
2020-05-16 11:36:40;254,92
2020-05-16 11:36:50;239,94
2020-05-16 11:37:00;252,78
2020-05-16 11:37:10;255,44
2020-05-16 11:37:20;250,16
2020-05-16 11:37:30;245,9
2020-05-16 11:37:40;261,09
2020-05-16 11:37:50;259,16
2020-05-16 11:38:00;251,88
2020-05-16 11:38:10;251,03
2020-05-16 11:38:20;251,95
2020-05-16 11:38:30;241,09
2020-05-16 11:38:40;246,31
2020-05-16 11:38:50;247,4
2020-05-16 11:39:00;232,11
2020-05-16 11:39:10;245,17
2020-05-16 11:39:20;253,49
2020-05-16 11:39:30;237,75
2020-05-16 11:39:40;240,14
2020-05-16 11:39:50;256,76
2020-05-16 11:40:00;255,46
2020-05-16 11:40:10;246,34
2020-05-16 11:40:20;243
2020-05-16 11:40:30;250,59
2020-05-16 11:40:40;238,15
2020-05-16 11:40:50;252,42
2020-05-16 11:41:00;244,31
2020-05-16 11:41:10;251,23
2020-05-16 11:41:20;255,09
2020-05-16 11:41:30;254,28
2020-05-16 11:41:40;251,3
2020-05-16 11:41:50;263,74
2020-05-16 11:42:00;259,55
2020-05-16 11:42:10;233,15
2020-05-16 11:42:20;233,75
2020-05-16 11:42:30;241,61
2020-05-16 11:42:40;240,86
2020-05-16 11:42:50;261,29
2020-05-16 11:43:00;264,42
2020-05-16 11:43:10;258,85
2020-05-16 11:43:20;259,62
2020-05-16 11:43:30;244,42
2020-05-16 11:43:40;250,1
2020-05-16 11:43:50;234,95
2020-05-16 11:44:00;251,69
2020-05-16 11:44:10;255,71
2020-05-16 11:44:20;241,6
2020-05-16 11:44:30;252,47
2020-05-16 11:44:40;251,02
2020-05-16 11:44:50;244,88
2020-05-16 11:45:00;256,64
2020-05-16 11:45:10;252,46
2020-05-16 11:45:20;246,61
2020-05-16 11:45:30;266,08
2020-05-16 11:45:40;245,58
2020-05-16 11:45:50;231,87
2020-05-16 11:46:00;249,82
2020-05-16 11:46:10;248,78
2020-05-16 11:46:20;248,71
2020-05-16 11:46:30;237,42
2020-05-16 11:46:40;246,04
2020-05-16 11:46:50;237,69
2020-05-16 11:47:00;229,79
2020-05-16 11:47:10;253,35
2020-05-16 11:47:20;260,54
2020-05-16 11:47:30;260,57
2020-05-16 11:47:40;239,79
2020-05-16 11:47:50;249,46
2020-05-16 11:48:00;250,43
2020-05-16 11:48:10;253,55
2020-05-16 11:48:20;246,05
2020-05-16 11:48:30;239,49
2020-05-16 11:48:40;244,57
2020-05-16 11:48:50;247,34
2020-05-16 11:49:00;230,38
2020-05-16 11:49:10;246
2020-05-16 11:49:20;253,48
2020-05-16 11:49:30;253,56
2020-05-16 11:49:40;235,84
2020-05-16 11:49:50;245,64
2020-05-16 11:50:00;252,79
2020-05-16 11:50:10;261,3
2020-05-16 11:50:20;235,09
2020-05-16 11:50:30;249,41
2020-05-16 11:50:40;244,25
2020-05-16 11:50:50;245,77
2020-05-16 11:51:00;251,58
2020-05-16 11:51:10;272,45
2020-05-16 11:51:20;270,6
2020-05-16 11:51:30;236,72
2020-05-16 11:51:40;254,18
2020-05-16 11:51:50;257,12
2020-05-16 11:52:00;247,72
2020-05-16 11:52:10;241,21
2020-05-16 11:52:20;232,11
2020-05-16 11:52:30;257,55
2020-05-16 11:52:40;248,61
2020-05-16 11:52:50;242,81
2020-05-16 11:53:00;247,1
2020-05-16 11:53:10;241,19
2020-05-16 11:53:20;236,67
2020-05-16 11:53:30;239,68
2020-05-16 11:53:40;246,48
2020-05-16 11:53:50;245,32
2020-05-16 11:54:00;248,86
2020-05-16 11:54:10;244,4
2020-05-16 11:54:20;251,76
2020-05-16 11:54:30;248,91
2020-05-16 11:54:40;246,1
2020-05-16 11:54:50;232,62
2020-05-16 11:55:00;247,02
2020-05-16 11:55:10;250,07
2020-05-16 11:55:20;258,13
2020-05-16 11:55:30;244,22
2020-05-16 11:55:40;232,82
2020-05-16 11:55:50;246,78
2020-05-16 11:56:00;248,44
2020-05-16 11:56:10;239,49
2020-05-16 11:56:20;244,5
2020-05-16 11:56:30;234,24
2020-05-16 11:56:40;262,71
2020-05-16 11:56:50;251,88
2020-05-16 11:57:00;234,56
2020-05-16 11:57:10;253,63
2020-05-16 11:57:20;245,6
2020-05-16 11:57:30;261,16
2020-05-16 11:57:40;247
2020-05-16 11:57:50;235,1
2020-05-16 11:58:00;258,15
2020-05-16 11:58:10;241,77
2020-05-16 11:58:20;244,72
2020-05-16 11:58:30;249,7
2020-05-16 11:58:40;262,17
2020-05-16 11:58:50;250,74
2020-05-16 11:59:00;248,24
2020-05-16 11:59:10;253,05
2020-05-16 11:59:20;252,73
2020-05-16 11:59:30;245,53
2020-05-16 11:59:40;237,9
2020-05-16 11:59:50;237,99
2020-05-16 12:00:00;244,86
2020-05-16 12:00:10;243,68
2020-05-16 12:00:20;257,26
2020-05-16 12:00:30;238,59
2020-05-16 12:00:40;253,15
2020-05-16 12:00:50;238,23
2020-05-16 12:01:00;242,68
2020-05-16 12:01:10;252,81
2020-05-16 12:01:20;241,32
2020-05-16 12:01:30;243,35
2020-05-16 12:01:40;242,2
2020-05-16 12:01:50;233,18
2020-05-16 12:02:00;245,69
2020-05-16 12:02:10;255,03
2020-05-16 12:02:20;247,85
2020-05-16 12:02:30;242,06
2020-05-16 12:02:40;246,09
2020-05-16 12:02:50;259,63
2020-05-16 12:03:00;258,05
2020-05-16 12:03:10;241,85
2020-05-16 12:03:20;252,34
2020-05-16 12:03:30;252,35
2020-05-16 12:03:40;250,45
2020-05-16 12:03:50;238,76
2020-05-16 12:04:00;245,58
2020-05-16 12:04:10;249,9
2020-05-16 12:04:20;241,59
2020-05-16 12:04:30;240,34
2020-05-16 12:04:40;250,46
2020-05-16 12:04:50;246,66
2020-05-16 12:05:00;246,05
2020-05-16 12:05:10;249,06
2020-05-16 12:05:20;243,28
2020-05-16 12:05:30;236,11
2020-05-16 12:05:40;256,09
2020-05-16 12:05:50;247,65
2020-05-16 12:06:00;249,76
2020-05-16 12:06:10;245,63
2020-05-16 12:06:20;251,79
2020-05-16 12:06:30;247,76
2020-05-16 12:06:40;255,24
2020-05-16 12:06:50;237,42
2020-05-16 12:07:00;264,25
2020-05-16 12:07:10;248,11
2020-05-16 12:07:20;259,57
2020-05-16 12:07:30;247,45
2020-05-16 12:07:40;249,94
2020-05-16 12:07:50;251,54
2020-05-16 12:08:00;252,78
2020-05-16 12:08:10;238,92
2020-05-16 12:08:20;251,65
2020-05-16 12:08:30;250,09
2020-05-16 12:08:40;236,1
2020-05-16 12:08:50;232,84
2020-05-16 12:09:00;250,53
2020-05-16 12:09:10;235,17
2020-05-16 12:09:20;250,75
2020-05-16 12:09:30;250,49
2020-05-16 12:09:40;253,79
2020-05-16 12:09:50;223,63
2020-05-16 12:10:00;236,91
2020-05-16 12:10:10;249,29
2020-05-16 12:10:20;247,56
2020-05-16 12:10:30;259,13
2020-05-16 12:10:40;242,52
2020-05-16 12:10:50;255,1
2020-05-16 12:11:00;241,88
2020-05-16 12:11:10;237,69
2020-05-16 12:11:20;259,77
2020-05-16 12:11:30;234,43
2020-05-16 12:11:40;250,2
2020-05-16 12:11:50;238,75
2020-05-16 12:12:00;244,93
2020-05-16 12:12:10;257,15
2020-05-16 12:12:20;258,27
2020-05-16 12:12:30;243,99
2020-05-16 12:12:40;259,22
2020-05-16 12:12:50;258,85
2020-05-16 12:13:00;256,7
2020-05-16 12:13:10;248,66
2020-05-16 12:13:20;254,71
2020-05-16 12:13:30;254,69
2020-05-16 12:13:40;256,85
2020-05-16 12:13:50;244,91
2020-05-16 12:14:00;245,56
2020-05-16 12:14:10;237,8
2020-05-16 12:14:20;247,15
2020-05-16 12:14:30;249,09
2020-05-16 12:14:40;241,55
2020-05-16 12:14:50;242,1
2020-05-16 12:15:00;261,82
2020-05-16 12:15:10;237,62
2020-05-16 12:15:20;256,08
2020-05-16 12:15:30;236,52
2020-05-16 12:15:40;252,7
2020-05-16 12:15:50;248,63
2020-05-16 12:16:00;261,03
2020-05-16 12:16:10;248,43
2020-05-16 12:16:20;258,81
2020-05-16 12:16:30;240,24
2020-05-16 12:16:40;250,47
2020-05-16 12:16:50;246,02
2020-05-16 12:17:00;255,62
2020-05-16 12:17:10;260,38
2020-05-16 12:17:20;237,69
2020-05-16 12:17:30;257,42
2020-05-16 12:17:40;253,05
2020-05-16 12:17:50;242,26
2020-05-16 12:18:00;263,84
2020-05-16 12:18:10;247,34
2020-05-16 12:18:20;253,12
2020-05-16 12:18:30;232,71
2020-05-16 12:18:40;252,51
2020-05-16 12:18:50;249,21
2020-05-16 12:19:00;244,15
2020-05-16 12:19:10;238,77
2020-05-16 12:19:20;237,58
2020-05-16 12:19:30;255,61
2020-05-16 12:19:40;253,71
2020-05-16 12:19:50;244,87
2020-05-16 12:20:00;237,29
2020-05-16 12:20:10;255,23
2020-05-16 12:20:20;265,18
2020-05-16 12:20:30;246,26
2020-05-16 12:20:40;255,76
2020-05-16 12:20:50;256,96
2020-05-16 12:21:00;242,36
2020-05-16 12:21:10;245,53
2020-05-16 12:21:20;256,27
2020-05-16 12:21:30;256,08
2020-05-16 12:21:40;256,58
2020-05-16 12:21:50;234,27
2020-05-16 12:22:00;264,02
2020-05-16 12:22:10;263,82
2020-05-16 12:22:20;266,21
2020-05-16 12:22:30;249,29
2020-05-16 12:22:40;252,19
2020-05-16 12:22:50;244,17
2020-05-16 12:23:00;257,87
2020-05-16 12:23:10;245,24
2020-05-16 12:23:20;249,07
2020-05-16 12:23:30;245,55
2020-05-16 12:23:40;255,23
2020-05-16 12:23:50;254,41
2020-05-16 12:24:00;247,81
2020-05-16 12:24:10;262,35
2020-05-16 12:24:20;246
2020-05-16 12:24:30;252,28
2020-05-16 12:24:40;260,9
2020-05-16 12:24:50;259,38
2020-05-16 12:25:00;251,12
2020-05-16 12:25:10;237,86
2020-05-16 12:25:20;239,06
2020-05-16 12:25:30;257,68
2020-05-16 12:25:40;243,53
2020-05-16 12:25:50;245,31
2020-05-16 12:26:00;247,51
2020-05-16 12:26:10;249,56
2020-05-16 12:26:20;261,89
2020-05-16 12:26:30;252,56
2020-05-16 12:26:40;273,11
2020-05-16 12:26:50;257,66
2020-05-16 12:27:00;246,89
2020-05-16 12:27:10;238,86
2020-05-16 12:27:20;252,69
2020-05-16 12:27:30;252,3
2020-05-16 12:27:40;257,91
2020-05-16 12:27:50;254,25
2020-05-16 12:28:00;240,76
2020-05-16 12:28:10;261,57
2020-05-16 12:28:20;265,88
2020-05-16 12:28:30;246,33
2020-05-16 12:28:40;248,75
2020-05-16 12:28:50;245,23
2020-05-16 12:29:00;239,21
2020-05-16 12:29:10;245,27
2020-05-16 12:29:20;248,9
2020-05-16 12:29:30;247,16
2020-05-16 12:29:40;254,18
2020-05-16 12:29:50;253,77
2020-05-16 12:30:00;249,12
2020-05-16 12:30:10;253,22
2020-05-16 12:30:20;248,27
2020-05-16 12:30:30;256,54
2020-05-16 12:30:40;268,45
2020-05-16 12:30:50;239,6
2020-05-16 12:31:00;240,54
2020-05-16 12:31:10;241,34
2020-05-16 12:31:20;249,51
2020-05-16 12:31:30;251,89
2020-05-16 12:31:40;259,98
2020-05-16 12:31:50;247,88
2020-05-16 12:32:00;241,72
2020-05-16 12:32:10;269,75
2020-05-16 12:32:20;239,89
2020-05-16 12:32:30;258,72
2020-05-16 12:32:40;248,84
2020-05-16 12:32:50;241,95
2020-05-16 12:33:00;255,53
2020-05-16 12:33:10;262,15
2020-05-16 12:33:20;247,79
2020-05-16 12:33:30;258,88
2020-05-16 12:33:40;255,56
2020-05-16 12:33:50;257,85
2020-05-16 12:34:00;246,67
2020-05-16 12:34:10;250
2020-05-16 12:34:20;248,3
2020-05-16 12:34:30;246,11
2020-05-16 12:34:40;240,52
2020-05-16 12:34:50;245,24
2020-05-16 12:35:00;243,23
2020-05-16 12:35:10;261,55
2020-05-16 12:35:20;241,53
2020-05-16 12:35:30;249,64
2020-05-16 12:35:40;246,11
2020-05-16 12:35:50;243,03
2020-05-16 12:36:00;250,58
2020-05-16 12:36:10;248,59
2020-05-16 12:36:20;244,16
2020-05-16 12:36:30;240,75
2020-05-16 12:36:40;233,56
2020-05-16 12:36:50;252,13
2020-05-16 12:37:00;255,37
2020-05-16 12:37:10;256,9
2020-05-16 12:37:20;259,03
2020-05-16 12:37:30;253,56
2020-05-16 12:37:40;254,08
2020-05-16 12:37:50;254,17
2020-05-16 12:38:00;256,39
2020-05-16 12:38:10;242,18
2020-05-16 12:38:20;237,57
2020-05-16 12:38:30;241,41
2020-05-16 12:38:40;255,33
2020-05-16 12:38:50;244,08
2020-05-16 12:39:00;268,37
2020-05-16 12:39:10;250,57
2020-05-16 12:39:20;250,57
2020-05-16 12:39:30;252,86
2020-05-16 12:39:40;260,15
2020-05-16 12:39:50;245,77
2020-05-16 12:40:00;242,76
2020-05-16 12:40:10;242,05
2020-05-16 12:40:20;255,62
2020-05-16 12:40:30;247,98
2020-05-16 12:40:40;241,84
2020-05-16 12:40:50;248,94
2020-05-16 12:41:00;236,98
2020-05-16 12:41:10;251,71
2020-05-16 12:41:20;264,84
2020-05-16 12:41:30;250,05
2020-05-16 12:41:40;246,15
2020-05-16 12:41:50;241,48
2020-05-16 12:42:00;235,29
2020-05-16 12:42:10;252,68
2020-05-16 12:42:20;250,95
2020-05-16 12:42:30;245,03
2020-05-16 12:42:40;260,17
2020-05-16 12:42:50;245,48
2020-05-16 12:43:00;240,05
2020-05-16 12:43:10;249,94
2020-05-16 12:43:20;258,84
2020-05-16 12:43:30;260,01
2020-05-16 12:43:40;246,76
2020-05-16 12:43:50;248,53
2020-05-16 12:44:00;265,58
2020-05-16 12:44:10;250,43
2020-05-16 12:44:20;254,21
2020-05-16 12:44:30;233,04
2020-05-16 12:44:40;258,07
2020-05-16 12:44:50;254,4
2020-05-16 12:45:00;249,68
2020-05-16 12:45:10;255,01
2020-05-16 12:45:20;262,79
2020-05-16 12:45:30;232,71
2020-05-16 12:45:40;252,75
2020-05-16 12:45:50;264,79
2020-05-16 12:46:00;246,69
2020-05-16 12:46:10;246,42
2020-05-16 12:46:20;244,51
2020-05-16 12:46:30;252,94
2020-05-16 12:46:40;244,9
2020-05-16 12:46:50;253,88
2020-05-16 12:47:00;248,79
2020-05-16 12:47:10;265,43
2020-05-16 12:47:20;249
2020-05-16 12:47:30;257,39
2020-05-16 12:47:40;240,56
2020-05-16 12:47:50;239,96
2020-05-16 12:48:00;255,35
2020-05-16 12:48:10;259,11
2020-05-16 12:48:20;252,16
2020-05-16 12:48:30;245,18
2020-05-16 12:48:40;255,61
2020-05-16 12:48:50;247,16
2020-05-16 12:49:00;252,43
2020-05-16 12:49:10;257,99
2020-05-16 12:49:20;255,05
2020-05-16 12:49:30;263,88
2020-05-16 12:49:40;247,98
2020-05-16 12:49:50;264,98
2020-05-16 12:50:00;245,4
2020-05-16 12:50:10;235,63
2020-05-16 12:50:20;255
2020-05-16 12:50:30;253
2020-05-16 12:50:40;246,23
2020-05-16 12:50:50;249,51
2020-05-16 12:51:00;254,47
2020-05-16 12:51:10;242,96
2020-05-16 12:51:20;257,77
2020-05-16 12:51:30;249,88
2020-05-16 12:51:40;259,61
2020-05-16 12:51:50;251,64
2020-05-16 12:52:00;257,53
2020-05-16 12:52:10;253,9
2020-05-16 12:52:20;245,46
2020-05-16 12:52:30;243,71
2020-05-16 12:52:40;260,31
2020-05-16 12:52:50;251,42
2020-05-16 12:53:00;245,77
2020-05-16 12:53:10;243,19
2020-05-16 12:53:20;233,97
2020-05-16 12:53:30;253,6
2020-05-16 12:53:40;239,32
2020-05-16 12:53:50;234,26
2020-05-16 12:54:00;245,67
2020-05-16 12:54:10;247,23
2020-05-16 12:54:20;257,28
2020-05-16 12:54:30;239,87
2020-05-16 12:54:40;246,3
2020-05-16 12:54:50;252,91
2020-05-16 12:55:00;248,32
2020-05-16 12:55:10;240
2020-05-16 12:55:20;261,5
2020-05-16 12:55:30;257,22
2020-05-16 12:55:40;253,45
2020-05-16 12:55:50;250,07
2020-05-16 12:56:00;233,99
2020-05-16 12:56:10;248,1
2020-05-16 12:56:20;251,41
2020-05-16 12:56:30;246,96
2020-05-16 12:56:40;255,28
2020-05-16 12:56:50;258,67
2020-05-16 12:57:00;249,65
2020-05-16 12:57:10;256,42
2020-05-16 12:57:20;241,67
2020-05-16 12:57:30;269,16
2020-05-16 12:57:40;243,69
2020-05-16 12:57:50;258,78
2020-05-16 12:58:00;261,34
2020-05-16 12:58:10;238,52
2020-05-16 12:58:20;257,08
2020-05-16 12:58:30;251,33
2020-05-16 12:58:40;228,07
2020-05-16 12:58:50;225,46
2020-05-16 12:59:00;245,32
2020-05-16 12:59:10;232,44
2020-05-16 12:59:20;248,35
2020-05-16 12:59:30;247,17
2020-05-16 12:59:40;233,65
2020-05-16 12:59:50;250,81
2020-05-16 13:00:00;252,22
2020-05-16 13:00:10;258,58
2020-05-16 13:00:20;251,12
2020-05-16 13:00:30;258
2020-05-16 13:00:40;247,77
2020-05-16 13:00:50;243,07
2020-05-16 13:01:00;254,88
2020-05-16 13:01:10;255,54
2020-05-16 13:01:20;250,41
2020-05-16 13:01:30;254,14
2020-05-16 13:01:40;247,32
2020-05-16 13:01:50;258,51
2020-05-16 13:02:00;226,75
2020-05-16 13:02:10;259,89
2020-05-16 13:02:20;254,18
2020-05-16 13:02:30;241,06
2020-05-16 13:02:40;242,67
2020-05-16 13:02:50;261,86
2020-05-16 13:03:00;259,91
2020-05-16 13:03:10;252,3
2020-05-16 13:03:20;250,64
2020-05-16 13:03:30;243,38
2020-05-16 13:03:40;240,25
2020-05-16 13:03:50;252,97
2020-05-16 13:04:00;268,39
2020-05-16 13:04:10;252,6
2020-05-16 13:04:20;255,76
2020-05-16 13:04:30;261,51
2020-05-16 13:04:40;262,87
2020-05-16 13:04:50;248,81
2020-05-16 13:05:00;256,87
2020-05-16 13:05:10;248,35
2020-05-16 13:05:20;246,32
2020-05-16 13:05:30;254,09
2020-05-16 13:05:40;248,55
2020-05-16 13:05:50;238,48
2020-05-16 13:06:00;235,74
2020-05-16 13:06:10;241,5
2020-05-16 13:06:20;235,63
2020-05-16 13:06:30;261,66
2020-05-16 13:06:40;242,1
2020-05-16 13:06:50;242,44
2020-05-16 13:07:00;242,99
2020-05-16 13:07:10;254,72
2020-05-16 13:07:20;236,77
2020-05-16 13:07:30;266,62
2020-05-16 13:07:40;254,15
2020-05-16 13:07:50;248,99
2020-05-16 13:08:00;253,81
2020-05-16 13:08:10;244,37
2020-05-16 13:08:20;250,95
2020-05-16 13:08:30;254,18
2020-05-16 13:08:40;259,16
2020-05-16 13:08:50;264,94
2020-05-16 13:09:00;251,51
2020-05-16 13:09:10;239,69
2020-05-16 13:09:20;251,53
2020-05-16 13:09:30;246,37
2020-05-16 13:09:40;255,86
2020-05-16 13:09:50;246,52
2020-05-16 13:10:00;248,31
2020-05-16 13:10:10;246,82
2020-05-16 13:10:20;257,49
2020-05-16 13:10:30;237,04
2020-05-16 13:10:40;249,17
2020-05-16 13:10:50;256,7
2020-05-16 13:11:00;247,79
2020-05-16 13:11:10;260,02
2020-05-16 13:11:20;243,62
2020-05-16 13:11:30;250,62
2020-05-16 13:11:40;256,94
2020-05-16 13:11:50;248,79
2020-05-16 13:12:00;248,42
2020-05-16 13:12:10;251,53
2020-05-16 13:12:20;250,9
2020-05-16 13:12:30;256,05
2020-05-16 13:12:40;248,11
2020-05-16 13:12:50;254,85
2020-05-16 13:13:00;247,1
2020-05-16 13:13:10;264,56
2020-05-16 13:13:20;256,67
2020-05-16 13:13:30;253,68
2020-05-16 13:13:40;236,29
2020-05-16 13:13:50;252,92
2020-05-16 13:14:00;240,73
2020-05-16 13:14:10;248,37
2020-05-16 13:14:20;265,96
2020-05-16 13:14:30;247,79
2020-05-16 13:14:40;252,7
2020-05-16 13:14:50;245,21
2020-05-16 13:15:00;250,62
2020-05-16 13:15:10;246,48
2020-05-16 13:15:20;258,6
2020-05-16 13:15:30;244,33
2020-05-16 13:15:40;260,31
2020-05-16 13:15:50;253
2020-05-16 13:16:00;246,1
2020-05-16 13:16:10;248,87
2020-05-16 13:16:20;247,02
2020-05-16 13:16:30;241,57
2020-05-16 13:16:40;245,59
2020-05-16 13:16:50;254,92
2020-05-16 13:17:00;253,87
2020-05-16 13:17:10;230,57
2020-05-16 13:17:20;241,14
2020-05-16 13:17:30;255,61
2020-05-16 13:17:40;259,69
2020-05-16 13:17:50;250,32
2020-05-16 13:18:00;256,2
2020-05-16 13:18:10;248,81
2020-05-16 13:18:20;224,91
2020-05-16 13:18:30;247,68
2020-05-16 13:18:40;262,79
2020-05-16 13:18:50;258,33
2020-05-16 13:19:00;234,13
2020-05-16 13:19:10;253,31
2020-05-16 13:19:20;250,76
2020-05-16 13:19:30;246,43
2020-05-16 13:19:40;252,99
2020-05-16 13:19:50;238,68
2020-05-16 13:20:00;252,26
2020-05-16 13:20:10;250,3
2020-05-16 13:20:20;241,8
2020-05-16 13:20:30;260
2020-05-16 13:20:40;232,79
2020-05-16 13:20:50;248,97
2020-05-16 13:21:00;245,44
2020-05-16 13:21:10;250,91
2020-05-16 13:21:20;246
2020-05-16 13:21:30;256,41
2020-05-16 13:21:40;253,95
2020-05-16 13:21:50;257,05
2020-05-16 13:22:00;255,65
2020-05-16 13:22:10;255,29
2020-05-16 13:22:20;242,43
2020-05-16 13:22:30;248,94
2020-05-16 13:22:40;242,05
2020-05-16 13:22:50;247,88
2020-05-16 13:23:00;250,79
2020-05-16 13:23:10;247,57
2020-05-16 13:23:20;268,42
2020-05-16 13:23:30;250,05
2020-05-16 13:23:40;246,11
2020-05-16 13:23:50;256,98
2020-05-16 13:24:00;240,3
2020-05-16 13:24:10;251,18
2020-05-16 13:24:20;260,69
2020-05-16 13:24:30;243,98
2020-05-16 13:24:40;256,46
2020-05-16 13:24:50;238,58
2020-05-16 13:25:00;264,61
2020-05-16 13:25:10;257,51
2020-05-16 13:25:20;263,09
2020-05-16 13:25:30;256,69
2020-05-16 13:25:40;249,89
2020-05-16 13:25:50;271,89
2020-05-16 13:26:00;251,27
2020-05-16 13:26:10;250,79
2020-05-16 13:26:20;232,12
2020-05-16 13:26:30;237,14
2020-05-16 13:26:40;250,06
2020-05-16 13:26:50;243,03
2020-05-16 13:27:00;251,02
2020-05-16 13:27:10;252,36
2020-05-16 13:27:20;251,5
2020-05-16 13:27:30;249,48
2020-05-16 13:27:40;240,46
2020-05-16 13:27:50;262,84
2020-05-16 13:28:00;259,79
2020-05-16 13:28:10;250,35
2020-05-16 13:28:20;250,89
2020-05-16 13:28:30;241,82
2020-05-16 13:28:40;235,32
2020-05-16 13:28:50;247,91
2020-05-16 13:29:00;253,68
2020-05-16 13:29:10;236,28
2020-05-16 13:29:20;249,55
2020-05-16 13:29:30;236,29
2020-05-16 13:29:40;252,89
2020-05-16 13:29:50;253,38
2020-05-16 13:30:00;231,92
2020-05-16 13:30:10;253,4
2020-05-16 13:30:20;242,56
2020-05-16 13:30:30;262,23
2020-05-16 13:30:40;260,19
2020-05-16 13:30:50;231,78
2020-05-16 13:31:00;254,73
2020-05-16 13:31:10;241,16
2020-05-16 13:31:20;250,17
2020-05-16 13:31:30;254,29
2020-05-16 13:31:40;254,05
2020-05-16 13:31:50;255,2
2020-05-16 13:32:00;254,89
2020-05-16 13:32:10;245,25
2020-05-16 13:32:20;240,57
2020-05-16 13:32:30;259,23
2020-05-16 13:32:40;257,43
2020-05-16 13:32:50;249,73
2020-05-16 13:33:00;249,69
2020-05-16 13:33:10;245,39
2020-05-16 13:33:20;253,53
2020-05-16 13:33:30;248,15
2020-05-16 13:33:40;249,43
2020-05-16 13:33:50;257,54
2020-05-16 13:34:00;242,55
2020-05-16 13:34:10;252,08
2020-05-16 13:34:20;249,24
2020-05-16 13:34:30;255,24
2020-05-16 13:34:40;256,82
2020-05-16 13:34:50;244,32
2020-05-16 13:35:00;250,66
2020-05-16 13:35:10;257,84
2020-05-16 13:35:20;261,63
2020-05-16 13:35:30;247,95
2020-05-16 13:35:40;249,98
2020-05-16 13:35:50;254,2
2020-05-16 13:36:00;247,07
2020-05-16 13:36:10;257,91
2020-05-16 13:36:20;260,64
2020-05-16 13:36:30;257,53
2020-05-16 13:36:40;256,12
2020-05-16 13:36:50;242,9
2020-05-16 13:37:00;255,92
2020-05-16 13:37:10;241,55
2020-05-16 13:37:20;250,73
2020-05-16 13:37:30;249,02
2020-05-16 13:37:40;256,45
2020-05-16 13:37:50;257,29
2020-05-16 13:38:00;244,04
2020-05-16 13:38:10;250,17
2020-05-16 13:38:20;246,2
2020-05-16 13:38:30;252,74
2020-05-16 13:38:40;254,05
2020-05-16 13:38:50;253,69
2020-05-16 13:39:00;242,43
2020-05-16 13:39:10;258,48
2020-05-16 13:39:20;262,19
2020-05-16 13:39:30;257,46
2020-05-16 13:39:40;247,96
2020-05-16 13:39:50;244,1
2020-05-16 13:40:00;254,13
2020-05-16 13:40:10;250,52
2020-05-16 13:40:20;252,54
2020-05-16 13:40:30;241,82
2020-05-16 13:40:40;239,62
2020-05-16 13:40:50;245,56
2020-05-16 13:41:00;244,33
2020-05-16 13:41:10;265,44
2020-05-16 13:41:20;260,72
2020-05-16 13:41:30;252,16
2020-05-16 13:41:40;249,39
2020-05-16 13:41:50;257,03
2020-05-16 13:42:00;240,21
2020-05-16 13:42:10;251,25
2020-05-16 13:42:20;252,26
2020-05-16 13:42:30;267,51
2020-05-16 13:42:40;259,92
2020-05-16 13:42:50;249,57
2020-05-16 13:43:00;249,91
2020-05-16 13:43:10;263,18
2020-05-16 13:43:20;247,55
2020-05-16 13:43:30;269,24
2020-05-16 13:43:40;247,53
2020-05-16 13:43:50;255,65
2020-05-16 13:44:00;249,53
2020-05-16 13:44:10;244,3
2020-05-16 13:44:20;252,49
2020-05-16 13:44:30;252,97
2020-05-16 13:44:40;242,5
2020-05-16 13:44:50;252,68
2020-05-16 13:45:00;247,42
2020-05-16 13:45:10;265,61
2020-05-16 13:45:20;237,11
2020-05-16 13:45:30;247,89
2020-05-16 13:45:40;259,85
2020-05-16 13:45:50;253,01
2020-05-16 13:46:00;249,7
2020-05-16 13:46:10;249,81
2020-05-16 13:46:20;243,69
2020-05-16 13:46:30;254,77
2020-05-16 13:46:40;263,99
2020-05-16 13:46:50;251,08
2020-05-16 13:47:00;241,02
2020-05-16 13:47:10;249,35
2020-05-16 13:47:20;248,18
2020-05-16 13:47:30;258,62
2020-05-16 13:47:40;241,43
2020-05-16 13:47:50;261,76
2020-05-16 13:48:00;251,22
2020-05-16 13:48:10;254,47
2020-05-16 13:48:20;253,77
2020-05-16 13:48:30;257,54
2020-05-16 13:48:40;241,09
2020-05-16 13:48:50;250,84
2020-05-16 13:49:00;254,29
2020-05-16 13:49:10;252,86
2020-05-16 13:49:20;268,13
2020-05-16 13:49:30;245,13
2020-05-16 13:49:40;246,08
2020-05-16 13:49:50;248,84
2020-05-16 13:50:00;249,3
2020-05-16 13:50:10;259,18
2020-05-16 13:50:20;261,24
2020-05-16 13:50:30;258,91
2020-05-16 13:50:40;256,45
2020-05-16 13:50:50;246,89
2020-05-16 13:51:00;255,67
2020-05-16 13:51:10;252,12
2020-05-16 13:51:20;244,96
2020-05-16 13:51:30;267,24
2020-05-16 13:51:40;263,02
2020-05-16 13:51:50;241,59
2020-05-16 13:52:00;256,39
2020-05-16 13:52:10;261,34
2020-05-16 13:52:20;252,31
2020-05-16 13:52:30;252,85
2020-05-16 13:52:40;249,87
2020-05-16 13:52:50;258,05
2020-05-16 13:53:00;260,71
2020-05-16 13:53:10;254,02
2020-05-16 13:53:20;256,43
2020-05-16 13:53:30;263,18
2020-05-16 13:53:40;270,93
2020-05-16 13:53:50;257,81
2020-05-16 13:54:00;254,66
2020-05-16 13:54:10;242,08
2020-05-16 13:54:20;241,02
2020-05-16 13:54:30;250,38
2020-05-16 13:54:40;257,88
2020-05-16 13:54:50;250,44
2020-05-16 13:55:00;256,47
2020-05-16 13:55:10;247,34
2020-05-16 13:55:20;236,46
2020-05-16 13:55:30;252,81
2020-05-16 13:55:40;267,27
2020-05-16 13:55:50;247,02
2020-05-16 13:56:00;254,71
2020-05-16 13:56:10;229,55
2020-05-16 13:56:20;242,17
2020-05-16 13:56:30;246,59
2020-05-16 13:56:40;250,13
2020-05-16 13:56:50;255,31
2020-05-16 13:57:00;262,61
2020-05-16 13:57:10;261,94
2020-05-16 13:57:20;251,62
2020-05-16 13:57:30;272,24
2020-05-16 13:57:40;251,46
2020-05-16 13:57:50;279,38
2020-05-16 13:58:00;256,77
2020-05-16 13:58:10;249,57
2020-05-16 13:58:20;252,2
2020-05-16 13:58:30;250,23
2020-05-16 13:58:40;250,51
2020-05-16 13:58:50;252,67
2020-05-16 13:59:00;241,45
2020-05-16 13:59:10;243,93
2020-05-16 13:59:20;248,86
2020-05-16 13:59:30;250,03
2020-05-16 13:59:40;242,44
2020-05-16 13:59:50;247,24
2020-05-16 14:00:00;241,03
2020-05-16 14:00:10;258,79
2020-05-16 14:00:20;247,1
2020-05-16 14:00:30;240,33
2020-05-16 14:00:40;248,22
2020-05-16 14:00:50;257,53
2020-05-16 14:01:00;256,09
2020-05-16 14:01:10;248,78
2020-05-16 14:01:20;256,56
2020-05-16 14:01:30;252,21
2020-05-16 14:01:40;247,98
2020-05-16 14:01:50;255,92
2020-05-16 14:02:00;251,24
2020-05-16 14:02:10;252,35
2020-05-16 14:02:20;255,27
2020-05-16 14:02:30;242,06
2020-05-16 14:02:40;247,51
2020-05-16 14:02:50;252,9
2020-05-16 14:03:00;253,95
2020-05-16 14:03:10;246,43
2020-05-16 14:03:20;242,73
2020-05-16 14:03:30;244,37
2020-05-16 14:03:40;253,56
2020-05-16 14:03:50;256,01
2020-05-16 14:04:00;252,03
2020-05-16 14:04:10;260,83
2020-05-16 14:04:20;250,98
2020-05-16 14:04:30;253,15
2020-05-16 14:04:40;244,74
2020-05-16 14:04:50;247,74
2020-05-16 14:05:00;240,65
2020-05-16 14:05:10;240,03
2020-05-16 14:05:20;244,25
2020-05-16 14:05:30;256,86
2020-05-16 14:05:40;240,58
2020-05-16 14:05:50;264,89
2020-05-16 14:06:00;260,63
2020-05-16 14:06:10;260,74
2020-05-16 14:06:20;243,83
2020-05-16 14:06:30;261,85
2020-05-16 14:06:40;242,92
2020-05-16 14:06:50;246,83
2020-05-16 14:07:00;250,37
2020-05-16 14:07:10;252,34
2020-05-16 14:07:20;262,7
2020-05-16 14:07:30;247,64
2020-05-16 14:07:40;255,27
2020-05-16 14:07:50;253,21
2020-05-16 14:08:00;251,77
2020-05-16 14:08:10;245,25
2020-05-16 14:08:20;249,26
2020-05-16 14:08:30;251,65
2020-05-16 14:08:40;251,33
2020-05-16 14:08:50;249,15
2020-05-16 14:09:00;246,08
2020-05-16 14:09:10;264,2
2020-05-16 14:09:20;245,88
2020-05-16 14:09:30;249,29
2020-05-16 14:09:40;253,85
2020-05-16 14:09:50;253,45
2020-05-16 14:10:00;251,17
2020-05-16 14:10:10;241,93
2020-05-16 14:10:20;260
2020-05-16 14:10:30;246,71
2020-05-16 14:10:40;228,31
2020-05-16 14:10:50;259,63
2020-05-16 14:11:00;252,29
2020-05-16 14:11:10;250,59
2020-05-16 14:11:20;252,8
2020-05-16 14:11:30;246,64
2020-05-16 14:11:40;247,12
2020-05-16 14:11:50;255,83
2020-05-16 14:12:00;250,58
2020-05-16 14:12:10;250,47
2020-05-16 14:12:20;251,91
2020-05-16 14:12:30;250,52
2020-05-16 14:12:40;236,21
2020-05-16 14:12:50;242,9
2020-05-16 14:13:00;259,95
2020-05-16 14:13:10;260,25
2020-05-16 14:13:20;255,5
2020-05-16 14:13:30;253,07
2020-05-16 14:13:40;251,02
2020-05-16 14:13:50;245,16
2020-05-16 14:14:00;249,14
2020-05-16 14:14:10;258,17
2020-05-16 14:14:20;246,87
2020-05-16 14:14:30;250,15
2020-05-16 14:14:40;244,52
2020-05-16 14:14:50;242,5
2020-05-16 14:15:00;257,11
2020-05-16 14:15:10;244,21
2020-05-16 14:15:20;238,72
2020-05-16 14:15:30;250,08
2020-05-16 14:15:40;242,04
2020-05-16 14:15:50;259,8
2020-05-16 14:16:00;256,65
2020-05-16 14:16:10;260,11
2020-05-16 14:16:20;251,45
2020-05-16 14:16:30;248,44
2020-05-16 14:16:40;251,57
2020-05-16 14:16:50;260,32
2020-05-16 14:17:00;258,07
2020-05-16 14:17:10;255,87
2020-05-16 14:17:20;244,76
2020-05-16 14:17:30;260,75
2020-05-16 14:17:40;244,94
2020-05-16 14:17:50;246,97
2020-05-16 14:18:00;251,41
2020-05-16 14:18:10;257,36
2020-05-16 14:18:20;259,08
2020-05-16 14:18:30;258,25
2020-05-16 14:18:40;254,4
2020-05-16 14:18:50;234,2
2020-05-16 14:19:00;267,67
2020-05-16 14:19:10;257,94
2020-05-16 14:19:20;267,59
2020-05-16 14:19:30;249,63
2020-05-16 14:19:40;249,83
2020-05-16 14:19:50;263,74
2020-05-16 14:20:00;256,8
2020-05-16 14:20:10;246,93
2020-05-16 14:20:20;244,82
2020-05-16 14:20:30;256,33
2020-05-16 14:20:40;252,53
2020-05-16 14:20:50;252,29
2020-05-16 14:21:00;242,44
2020-05-16 14:21:10;252,2
2020-05-16 14:21:20;240,59
2020-05-16 14:21:30;259,07
2020-05-16 14:21:40;256,3
2020-05-16 14:21:50;243,17
2020-05-16 14:22:00;252,77
2020-05-16 14:22:10;236,05
2020-05-16 14:22:20;255,02
2020-05-16 14:22:30;245,62
2020-05-16 14:22:40;262,7
2020-05-16 14:22:50;243
2020-05-16 14:23:00;258,59
2020-05-16 14:23:10;242,19
2020-05-16 14:23:20;264,7
2020-05-16 14:23:30;235,91
2020-05-16 14:23:40;243,5
2020-05-16 14:23:50;255,57
2020-05-16 14:24:00;258,36
2020-05-16 14:24:10;240,63
2020-05-16 14:24:20;259,37
2020-05-16 14:24:30;245,53
2020-05-16 14:24:40;246,37
2020-05-16 14:24:50;254,64
2020-05-16 14:25:00;252,56
2020-05-16 14:25:10;256,4
2020-05-16 14:25:20;250,05
2020-05-16 14:25:30;258,34
2020-05-16 14:25:40;249,9
2020-05-16 14:25:50;253,48
2020-05-16 14:26:00;251,19
2020-05-16 14:26:10;243,39
2020-05-16 14:26:20;252,14
2020-05-16 14:26:30;234,77
2020-05-16 14:26:40;253,43
2020-05-16 14:26:50;261,99
2020-05-16 14:27:00;241,74
2020-05-16 14:27:10;251,12
2020-05-16 14:27:20;247,25
2020-05-16 14:27:30;248,18
2020-05-16 14:27:40;239,55
2020-05-16 14:27:50;238,36
2020-05-16 14:28:00;239,93
2020-05-16 14:28:10;239,48
2020-05-16 14:28:20;254,75
2020-05-16 14:28:30;254,66
2020-05-16 14:28:40;244,87
2020-05-16 14:28:50;238,78
2020-05-16 14:29:00;256,95
2020-05-16 14:29:10;250,44
2020-05-16 14:29:20;262,12
2020-05-16 14:29:30;244,79
2020-05-16 14:29:40;234,86
2020-05-16 14:29:50;250,95
2020-05-16 14:30:00;259,33
2020-05-16 14:30:10;257,31
2020-05-16 14:30:20;251,93
2020-05-16 14:30:30;260,38
2020-05-16 14:30:40;259,13
2020-05-16 14:30:50;246,47
2020-05-16 14:31:00;244,41
2020-05-16 14:31:10;256,43
2020-05-16 14:31:20;248,41
2020-05-16 14:31:30;260,26
2020-05-16 14:31:40;240,59
2020-05-16 14:31:50;259,24
2020-05-16 14:32:00;246,96
2020-05-16 14:32:10;250,04
2020-05-16 14:32:20;241,7
2020-05-16 14:32:30;252,33
2020-05-16 14:32:40;242,96
2020-05-16 14:32:50;239,02
2020-05-16 14:33:00;267,75
2020-05-16 14:33:10;250,81
2020-05-16 14:33:20;257,19
2020-05-16 14:33:30;263,04
2020-05-16 14:33:40;263,33
2020-05-16 14:33:50;250,57
2020-05-16 14:34:00;260,7
2020-05-16 14:34:10;257,78
2020-05-16 14:34:20;247,76
2020-05-16 14:34:30;252,2
2020-05-16 14:34:40;261,43
2020-05-16 14:34:50;256,96
2020-05-16 14:35:00;246,06
2020-05-16 14:35:10;250,71
2020-05-16 14:35:20;253,99
2020-05-16 14:35:30;246,6
2020-05-16 14:35:40;261,35
2020-05-16 14:35:50;251
2020-05-16 14:36:00;259,2
2020-05-16 14:36:10;241,92
2020-05-16 14:36:20;265,58
2020-05-16 14:36:30;252,4
2020-05-16 14:36:40;253,6
2020-05-16 14:36:50;246,19
2020-05-16 14:37:00;248,77
2020-05-16 14:37:10;253,39
2020-05-16 14:37:20;263,02
2020-05-16 14:37:30;251,88
2020-05-16 14:37:40;247,48
2020-05-16 14:37:50;260,33
2020-05-16 14:38:00;242,81
2020-05-16 14:38:10;251,45
2020-05-16 14:38:20;248,46
2020-05-16 14:38:30;243,53
2020-05-16 14:38:40;251,77
2020-05-16 14:38:50;250,89
2020-05-16 14:39:00;259,5
2020-05-16 14:39:10;248,12
2020-05-16 14:39:20;247,14
2020-05-16 14:39:30;251,29
2020-05-16 14:39:40;257,51
2020-05-16 14:39:50;252
2020-05-16 14:40:00;256,82
2020-05-16 14:40:10;261,01
2020-05-16 14:40:20;249,8
2020-05-16 14:40:30;235,42
2020-05-16 14:40:40;241,61
2020-05-16 14:40:50;261,93
2020-05-16 14:41:00;234,02
2020-05-16 14:41:10;243,52
2020-05-16 14:41:20;248,95
2020-05-16 14:41:30;245
2020-05-16 14:41:40;248,14
2020-05-16 14:41:50;257,41
2020-05-16 14:42:00;239,38
2020-05-16 14:42:10;248,61
2020-05-16 14:42:20;246,44
2020-05-16 14:42:30;244,09
2020-05-16 14:42:40;250,28
2020-05-16 14:42:50;249,6
2020-05-16 14:43:00;254,7
2020-05-16 14:43:10;252,8
2020-05-16 14:43:20;270,91
2020-05-16 14:43:30;257,45
2020-05-16 14:43:40;242,33
2020-05-16 14:43:50;272,06
2020-05-16 14:44:00;235,76
2020-05-16 14:44:10;252,82
2020-05-16 14:44:20;245,84
2020-05-16 14:44:30;256,5
2020-05-16 14:44:40;255,27
2020-05-16 14:44:50;257,31
2020-05-16 14:45:00;247,49
2020-05-16 14:45:10;239,94
2020-05-16 14:45:20;252,35
2020-05-16 14:45:30;251,05
2020-05-16 14:45:40;253,54
2020-05-16 14:45:50;250,13
2020-05-16 14:46:00;248,15
2020-05-16 14:46:10;256,16
2020-05-16 14:46:20;229,27
2020-05-16 14:46:30;255,77
2020-05-16 14:46:40;250,16
2020-05-16 14:46:50;260,15
2020-05-16 14:47:00;256,42
2020-05-16 14:47:10;238,34
2020-05-16 14:47:20;255,43
2020-05-16 14:47:30;252,49
2020-05-16 14:47:40;252,67
2020-05-16 14:47:50;260,5
2020-05-16 14:48:00;241,73
2020-05-16 14:48:10;255,95
2020-05-16 14:48:20;265,31
2020-05-16 14:48:30;249,01
2020-05-16 14:48:40;244,85
2020-05-16 14:48:50;232,03
2020-05-16 14:49:00;263,8
2020-05-16 14:49:10;243,83
2020-05-16 14:49:20;254,16
2020-05-16 14:49:30;254,11
2020-05-16 14:49:40;256,58
2020-05-16 14:49:50;241,5
2020-05-16 14:50:00;252,19
2020-05-16 14:50:10;262,61
2020-05-16 14:50:20;254,85
2020-05-16 14:50:30;254,94
2020-05-16 14:50:40;249,38
2020-05-16 14:50:50;260
2020-05-16 14:51:00;242,88
2020-05-16 14:51:10;258,22
2020-05-16 14:51:20;250,12
2020-05-16 14:51:30;248,95
2020-05-16 14:51:40;251,38
2020-05-16 14:51:50;244,9
2020-05-16 14:52:00;259,29
2020-05-16 14:52:10;249,49
2020-05-16 14:52:20;253,31
2020-05-16 14:52:30;255,16
2020-05-16 14:52:40;257,5
2020-05-16 14:52:50;256,32
2020-05-16 14:53:00;260,89
2020-05-16 14:53:10;257,85
2020-05-16 14:53:20;262,55
2020-05-16 14:53:30;256,6
2020-05-16 14:53:40;243,49
2020-05-16 14:53:50;259,51
2020-05-16 14:54:00;255,9
2020-05-16 14:54:10;246,35
2020-05-16 14:54:20;239,06
2020-05-16 14:54:30;244,09
2020-05-16 14:54:40;240,84
2020-05-16 14:54:50;252,32
2020-05-16 14:55:00;253,57
2020-05-16 14:55:10;248,32
2020-05-16 14:55:20;254,59
2020-05-16 14:55:30;239,42
2020-05-16 14:55:40;265,93
2020-05-16 14:55:50;250,42
2020-05-16 14:56:00;256,53
2020-05-16 14:56:10;243,5
2020-05-16 14:56:20;242,13
2020-05-16 14:56:30;248,47
2020-05-16 14:56:40;264,58
2020-05-16 14:56:50;259,53
2020-05-16 14:57:00;257,87
2020-05-16 14:57:10;243,41
2020-05-16 14:57:20;258,57
2020-05-16 14:57:30;266
2020-05-16 14:57:40;253,18
2020-05-16 14:57:50;255,96
2020-05-16 14:58:00;251,38
2020-05-16 14:58:10;263,41
2020-05-16 14:58:20;257,14
2020-05-16 14:58:30;244,16
2020-05-16 14:58:40;242,95
2020-05-16 14:58:50;254,36
2020-05-16 14:59:00;251,39
2020-05-16 14:59:10;253,19
2020-05-16 14:59:20;243,78
2020-05-16 14:59:30;243,58
2020-05-16 14:59:40;258,41
2020-05-16 14:59:50;258,82
2020-05-16 15:00:00;254,09
2020-05-16 15:00:10;254,19
2020-05-16 15:00:20;255,16
2020-05-16 15:00:30;248,31
2020-05-16 15:00:40;249,62
2020-05-16 15:00:50;269,92
2020-05-16 15:01:00;237,38
2020-05-16 15:01:10;239,67
2020-05-16 15:01:20;259,71
2020-05-16 15:01:30;257,97
2020-05-16 15:01:40;256,53
2020-05-16 15:01:50;246,89
2020-05-16 15:02:00;258,37
2020-05-16 15:02:10;248,33
2020-05-16 15:02:20;254,26
2020-05-16 15:02:30;251,04
2020-05-16 15:02:40;248,63
2020-05-16 15:02:50;255,45
2020-05-16 15:03:00;251,56
2020-05-16 15:03:10;250,45
2020-05-16 15:03:20;241,54
2020-05-16 15:03:30;255,38
2020-05-16 15:03:40;238,52
2020-05-16 15:03:50;250,63
2020-05-16 15:04:00;256,43
2020-05-16 15:04:10;260,98
2020-05-16 15:04:20;265,53
2020-05-16 15:04:30;261,66
2020-05-16 15:04:40;247,06
2020-05-16 15:04:50;249,81
2020-05-16 15:05:00;257,31
2020-05-16 15:05:10;243,7
2020-05-16 15:05:20;254,04
2020-05-16 15:05:30;247,78
2020-05-16 15:05:40;256,77
2020-05-16 15:05:50;257,25
2020-05-16 15:06:00;237,56
2020-05-16 15:06:10;256,76
2020-05-16 15:06:20;240,47
2020-05-16 15:06:30;254,95
2020-05-16 15:06:40;248,09
2020-05-16 15:06:50;260,54
2020-05-16 15:07:00;242,63
2020-05-16 15:07:10;243,91
2020-05-16 15:07:20;246,04
2020-05-16 15:07:30;249,3
2020-05-16 15:07:40;251,36
2020-05-16 15:07:50;250,32
2020-05-16 15:08:00;248,86
2020-05-16 15:08:10;242,45
2020-05-16 15:08:20;251,63
2020-05-16 15:08:30;252,79
2020-05-16 15:08:40;248,26
2020-05-16 15:08:50;266,92
2020-05-16 15:09:00;246,41
2020-05-16 15:09:10;265,15
2020-05-16 15:09:20;265,88
2020-05-16 15:09:30;239,09
2020-05-16 15:09:40;257,59
2020-05-16 15:09:50;255,77
2020-05-16 15:10:00;244,44
2020-05-16 15:10:10;264,23
2020-05-16 15:10:20;266,57
2020-05-16 15:10:30;252,73
2020-05-16 15:10:40;253,85
2020-05-16 15:10:50;253,5
2020-05-16 15:11:00;254,98
2020-05-16 15:11:10;265,21
2020-05-16 15:11:20;237,46
2020-05-16 15:11:30;246,28
2020-05-16 15:11:40;255,74
2020-05-16 15:11:50;263,09
2020-05-16 15:12:00;254,47
2020-05-16 15:12:10;268,17
2020-05-16 15:12:20;256,24
2020-05-16 15:12:30;255,46
2020-05-16 15:12:40;251,48
2020-05-16 15:12:50;263,84
2020-05-16 15:13:00;257,09
2020-05-16 15:13:10;257,63
2020-05-16 15:13:20;254,53
2020-05-16 15:13:30;244,86
2020-05-16 15:13:40;254,23
2020-05-16 15:13:50;255,52
2020-05-16 15:14:00;262,87
2020-05-16 15:14:10;266,5
2020-05-16 15:14:20;264,18
2020-05-16 15:14:30;246,82
2020-05-16 15:14:40;245,97
2020-05-16 15:14:50;241,73
2020-05-16 15:15:00;255,14
2020-05-16 15:15:10;248,89
2020-05-16 15:15:20;254,36
2020-05-16 15:15:30;273,34
2020-05-16 15:15:40;253,47
2020-05-16 15:15:50;250,5
2020-05-16 15:16:00;249,81
2020-05-16 15:16:10;252,06
2020-05-16 15:16:20;264,62
2020-05-16 15:16:30;260,61
2020-05-16 15:16:40;252,06
2020-05-16 15:16:50;250,8
2020-05-16 15:17:00;257,88
2020-05-16 15:17:10;248,86
2020-05-16 15:17:20;259,03
2020-05-16 15:17:30;257,41
2020-05-16 15:17:40;252,43
2020-05-16 15:17:50;245,49
2020-05-16 15:18:00;252,56
2020-05-16 15:18:10;256,22
2020-05-16 15:18:20;256,71
2020-05-16 15:18:30;251,03
2020-05-16 15:18:40;246,98
2020-05-16 15:18:50;255,99
2020-05-16 15:19:00;264,61
2020-05-16 15:19:10;260,47
2020-05-16 15:19:20;257,44
2020-05-16 15:19:30;250,51
2020-05-16 15:19:40;260,47
2020-05-16 15:19:50;249,16
2020-05-16 15:20:00;268,74
2020-05-16 15:20:10;258,53
2020-05-16 15:20:20;261,19
2020-05-16 15:20:30;251,05
2020-05-16 15:20:40;259,88
2020-05-16 15:20:50;247,79
2020-05-16 15:21:00;261,9
2020-05-16 15:21:10;254,54
2020-05-16 15:21:20;261,69
2020-05-16 15:21:30;249,23
2020-05-16 15:21:40;250,98
2020-05-16 15:21:50;267,47
2020-05-16 15:22:00;273,65
2020-05-16 15:22:10;238,84
2020-05-16 15:22:20;250,6
2020-05-16 15:22:30;251,61
2020-05-16 15:22:40;256,14
2020-05-16 15:22:50;249,27
2020-05-16 15:23:00;261,59
2020-05-16 15:23:10;271,09
2020-05-16 15:23:20;248,85
2020-05-16 15:23:30;246,29
2020-05-16 15:23:40;244,02
2020-05-16 15:23:50;264,69
2020-05-16 15:24:00;247,23
2020-05-16 15:24:10;257,75
2020-05-16 15:24:20;262,85
2020-05-16 15:24:30;250,04
2020-05-16 15:24:40;248,13
2020-05-16 15:24:50;262,84
2020-05-16 15:25:00;266,87
2020-05-16 15:25:10;252,92
2020-05-16 15:25:20;256,62
2020-05-16 15:25:30;249,95
2020-05-16 15:25:40;259,62
2020-05-16 15:25:50;256,05
2020-05-16 15:26:00;255,9
2020-05-16 15:26:10;255,06
2020-05-16 15:26:20;245,83
2020-05-16 15:26:30;259,58
2020-05-16 15:26:40;262,83
2020-05-16 15:26:50;243,48
2020-05-16 15:27:00;254,71
2020-05-16 15:27:10;253,27
2020-05-16 15:27:20;241,54
2020-05-16 15:27:30;251,48
2020-05-16 15:27:40;248,28
2020-05-16 15:27:50;259,65
2020-05-16 15:28:00;238,74
2020-05-16 15:28:10;254,08
2020-05-16 15:28:20;248,47
2020-05-16 15:28:30;246,4
2020-05-16 15:28:40;255,9
2020-05-16 15:28:50;243,31
2020-05-16 15:29:00;252,75
2020-05-16 15:29:10;246,67
2020-05-16 15:29:20;247,62
2020-05-16 15:29:30;262,1
2020-05-16 15:29:40;248,51
2020-05-16 15:29:50;255,04
2020-05-16 15:30:00;242,76
2020-05-16 15:30:10;247,45
2020-05-16 15:30:20;249,79
2020-05-16 15:30:30;235,99
2020-05-16 15:30:40;241,94
2020-05-16 15:30:50;240,42
2020-05-16 15:31:00;224,5
2020-05-16 15:31:10;248,56
2020-05-16 15:31:20;243,26
2020-05-16 15:31:30;244,38
2020-05-16 15:31:40;249,71
2020-05-16 15:31:50;247,68
2020-05-16 15:32:00;237,63
2020-05-16 15:32:10;252,92
2020-05-16 15:32:20;247,61
2020-05-16 15:32:30;253,38
2020-05-16 15:32:40;243,82
2020-05-16 15:32:50;262,2
2020-05-16 15:33:00;234,63
2020-05-16 15:33:10;251,63
2020-05-16 15:33:20;240,97
2020-05-16 15:33:30;238,4
2020-05-16 15:33:40;266,64
2020-05-16 15:33:50;259,62
2020-05-16 15:34:00;231,77
2020-05-16 15:34:10;253,45
2020-05-16 15:34:20;250,31
2020-05-16 15:34:30;244,29
2020-05-16 15:34:40;235,69
2020-05-16 15:34:50;233,84
2020-05-16 15:35:00;260,58
2020-05-16 15:35:10;258,13
2020-05-16 15:35:20;241,19
2020-05-16 15:35:30;227,72
2020-05-16 15:35:40;244,35
2020-05-16 15:35:50;255,18
2020-05-16 15:36:00;248,94
2020-05-16 15:36:10;236,52
2020-05-16 15:36:20;247,55
2020-05-16 15:36:30;253,02
2020-05-16 15:36:40;247,05
2020-05-16 15:36:50;243,95
2020-05-16 15:37:00;248,77
2020-05-16 15:37:10;238,96
2020-05-16 15:37:20;247,02
2020-05-16 15:37:30;237,51
2020-05-16 15:37:40;259,67
2020-05-16 15:37:50;242,59
2020-05-16 15:38:00;258,86
2020-05-16 15:38:10;251,76
2020-05-16 15:38:20;249,31
2020-05-16 15:38:30;251,6
2020-05-16 15:38:40;242,96
2020-05-16 15:38:50;239,58
2020-05-16 15:39:00;260,73
2020-05-16 15:39:10;236,86
2020-05-16 15:39:20;247,95
2020-05-16 15:39:30;242,64
2020-05-16 15:39:40;239,2
2020-05-16 15:39:50;248,97
2020-05-16 15:40:00;243,92
2020-05-16 15:40:10;244,32
2020-05-16 15:40:20;255,19
2020-05-16 15:40:30;251,32
2020-05-16 15:40:40;237,09
2020-05-16 15:40:50;258,27
2020-05-16 15:41:00;241,61
2020-05-16 15:41:10;245,46
2020-05-16 15:41:20;256,71
2020-05-16 15:41:30;232,67
2020-05-16 15:41:40;247,29
2020-05-16 15:41:50;233,02
2020-05-16 15:42:00;260,75
2020-05-16 15:42:10;269,13
2020-05-16 15:42:20;236,22
2020-05-16 15:42:30;255,09
2020-05-16 15:42:40;249,83
2020-05-16 15:42:50;246,7
2020-05-16 15:43:00;252,98
2020-05-16 15:43:10;240,2
2020-05-16 15:43:20;247,24
2020-05-16 15:43:30;246,6
2020-05-16 15:43:40;240,45
2020-05-16 15:43:50;236,32
2020-05-16 15:44:00;249,56
2020-05-16 15:44:10;253,18
2020-05-16 15:44:20;241,45
2020-05-16 15:44:30;250,7
2020-05-16 15:44:40;251,52
2020-05-16 15:44:50;250,34
2020-05-16 15:45:00;237,47
2020-05-16 15:45:10;260,7
2020-05-16 15:45:20;243,01
2020-05-16 15:45:30;236,69
2020-05-16 15:45:40;246,76
2020-05-16 15:45:50;254,23
2020-05-16 15:46:00;241,15
2020-05-16 15:46:10;259,45
2020-05-16 15:46:20;244,33
2020-05-16 15:46:30;233,59
2020-05-16 15:46:40;253,55
2020-05-16 15:46:50;253,23
2020-05-16 15:47:00;238,43
2020-05-16 15:47:10;245,73
2020-05-16 15:47:20;251,66
2020-05-16 15:47:30;239,56
2020-05-16 15:47:40;251,6
2020-05-16 15:47:50;244,99
2020-05-16 15:48:00;249,41
2020-05-16 15:48:10;239,53
2020-05-16 15:48:20;261,63
2020-05-16 15:48:30;253,51
2020-05-16 15:48:40;243,61
2020-05-16 15:48:50;238,35
2020-05-16 15:49:00;255,42
2020-05-16 15:49:10;249,93
2020-05-16 15:49:20;240,43
2020-05-16 15:49:30;249,61
2020-05-16 15:49:40;243,79
2020-05-16 15:49:50;230,67
2020-05-16 15:50:00;250,51
2020-05-16 15:50:10;243,57
2020-05-16 15:50:20;246
2020-05-16 15:50:30;245,95
2020-05-16 15:50:40;235,82
2020-05-16 15:50:50;247,08
2020-05-16 15:51:00;250,44
2020-05-16 15:51:10;245,29
2020-05-16 15:51:20;230,03
2020-05-16 15:51:30;248,71
2020-05-16 15:51:40;259,77
2020-05-16 15:51:50;240,87
2020-05-16 15:52:00;250,34
2020-05-16 15:52:10;268,21
2020-05-16 15:52:20;245,24
2020-05-16 15:52:30;237,56
2020-05-16 15:52:40;264,31
2020-05-16 15:52:50;245,97
2020-05-16 15:53:00;259,4
2020-05-16 15:53:10;237,69
2020-05-16 15:53:20;250,65
2020-05-16 15:53:30;243,55
2020-05-16 15:53:40;251,25
2020-05-16 15:53:50;258,08
2020-05-16 15:54:00;253,88
2020-05-16 15:54:10;234,07
2020-05-16 15:54:20;246,31
2020-05-16 15:54:30;234,69
2020-05-16 15:54:40;244,35
2020-05-16 15:54:50;247,45
2020-05-16 15:55:00;243,33
2020-05-16 15:55:10;254,6
2020-05-16 15:55:20;254,67
2020-05-16 15:55:30;255,25
2020-05-16 15:55:40;257,41
2020-05-16 15:55:50;254,59
2020-05-16 15:56:00;246,86
2020-05-16 15:56:10;246,62
2020-05-16 15:56:20;254,79
2020-05-16 15:56:30;249,4
2020-05-16 15:56:40;264,55
2020-05-16 15:56:50;246,22
2020-05-16 15:57:00;260,03
2020-05-16 15:57:10;243,98
2020-05-16 15:57:20;257,98
2020-05-16 15:57:30;240,36
2020-05-16 15:57:40;245,36
2020-05-16 15:57:50;250,67
2020-05-16 15:58:00;249,58
2020-05-16 15:58:10;248,75
2020-05-16 15:58:20;245,58
2020-05-16 15:58:30;242,28
2020-05-16 15:58:40;245,82
2020-05-16 15:58:50;239,47
2020-05-16 15:59:00;251,56
2020-05-16 15:59:10;249,97
2020-05-16 15:59:20;247,83
2020-05-16 15:59:30;244,39
2020-05-16 15:59:40;254,76
2020-05-16 15:59:50;228,32
2020-05-16 16:00:00;252,22
2020-05-16 16:00:10;259,21
2020-05-16 16:00:20;244
2020-05-16 16:00:30;261,97
2020-05-16 16:00:40;257,9
2020-05-16 16:00:50;239,73
2020-05-16 16:01:00;238,8
2020-05-16 16:01:10;248,38
2020-05-16 16:01:20;264,96
2020-05-16 16:01:30;246,79
2020-05-16 16:01:40;259,36
2020-05-16 16:01:50;250,71
2020-05-16 16:02:00;235,53
2020-05-16 16:02:10;236,09
2020-05-16 16:02:20;262
2020-05-16 16:02:30;242,38
2020-05-16 16:02:40;248,82
2020-05-16 16:02:50;241,05
2020-05-16 16:03:00;247,36
2020-05-16 16:03:10;255,44
2020-05-16 16:03:20;254,62
2020-05-16 16:03:30;242,58
2020-05-16 16:03:40;246,56
2020-05-16 16:03:50;245,52
2020-05-16 16:04:00;259,07
2020-05-16 16:04:10;238,36
2020-05-16 16:04:20;245,24
2020-05-16 16:04:30;256,31
2020-05-16 16:04:40;255,19
2020-05-16 16:04:50;243,49
2020-05-16 16:05:00;248,2
2020-05-16 16:05:10;250,45
2020-05-16 16:05:20;253,21
2020-05-16 16:05:30;247,45
2020-05-16 16:05:40;242,3
2020-05-16 16:05:50;244,47
2020-05-16 16:06:00;241,26
2020-05-16 16:06:10;241,66
2020-05-16 16:06:20;272,8
2020-05-16 16:06:30;240,76
2020-05-16 16:06:40;258,89
2020-05-16 16:06:50;236,54
2020-05-16 16:07:00;245,51
2020-05-16 16:07:10;259,74
2020-05-16 16:07:20;257,13
2020-05-16 16:07:30;241,17
2020-05-16 16:07:40;261,68
2020-05-16 16:07:50;249,44
2020-05-16 16:08:00;264,34
2020-05-16 16:08:10;252,3
2020-05-16 16:08:20;245,29
2020-05-16 16:08:30;244,78
2020-05-16 16:08:40;244,33
2020-05-16 16:08:50;237,28
2020-05-16 16:09:00;239,79
2020-05-16 16:09:10;242,43
2020-05-16 16:09:20;244,47
2020-05-16 16:09:30;248,72
2020-05-16 16:09:40;254,22
2020-05-16 16:09:50;241,72
2020-05-16 16:10:00;239,94
2020-05-16 16:10:10;254,08
2020-05-16 16:10:20;251,26
2020-05-16 16:10:30;237,85
2020-05-16 16:10:40;230
2020-05-16 16:10:50;248,38
2020-05-16 16:11:00;264,72
2020-05-16 16:11:10;237,29
2020-05-16 16:11:20;252,06
2020-05-16 16:11:30;248,31
2020-05-16 16:11:40;250,34
2020-05-16 16:11:50;263,81
2020-05-16 16:12:00;254,65
2020-05-16 16:12:10;245,25
2020-05-16 16:12:20;253,56
2020-05-16 16:12:30;245,8
2020-05-16 16:12:40;260,3
2020-05-16 16:12:50;248,67
2020-05-16 16:13:00;253,89
2020-05-16 16:13:10;247,59
2020-05-16 16:13:20;244,84
2020-05-16 16:13:30;254,44
2020-05-16 16:13:40;250,57
2020-05-16 16:13:50;254,23
2020-05-16 16:14:00;234,55
2020-05-16 16:14:10;265,85
2020-05-16 16:14:20;257,13
2020-05-16 16:14:30;258,73
2020-05-16 16:14:40;244,07
2020-05-16 16:14:50;257,49
2020-05-16 16:15:00;253,97
2020-05-16 16:15:10;255,56
2020-05-16 16:15:20;253,95
2020-05-16 16:15:30;247,05
2020-05-16 16:15:40;254,57
2020-05-16 16:15:50;263,56
2020-05-16 16:16:00;256,48
2020-05-16 16:16:10;258,38
2020-05-16 16:16:20;249,13
2020-05-16 16:16:30;238,99
2020-05-16 16:16:40;255,23
2020-05-16 16:16:50;262,46
2020-05-16 16:17:00;253,9
2020-05-16 16:17:10;235,98
2020-05-16 16:17:20;251,05
2020-05-16 16:17:30;242,84
2020-05-16 16:17:40;240,46
2020-05-16 16:17:50;240,51
2020-05-16 16:18:00;258,66
2020-05-16 16:18:10;257,71
2020-05-16 16:18:20;241,97
2020-05-16 16:18:30;238,59
2020-05-16 16:18:40;246,8
2020-05-16 16:18:50;247,46
2020-05-16 16:19:00;252,87
2020-05-16 16:19:10;248,99
2020-05-16 16:19:20;257,3
2020-05-16 16:19:30;248,97
2020-05-16 16:19:40;247,62
2020-05-16 16:19:50;246,93
2020-05-16 16:20:00;250,18
2020-05-16 16:20:10;242,48
2020-05-16 16:20:20;241,46
2020-05-16 16:20:30;248,55
2020-05-16 16:20:40;243,65
2020-05-16 16:20:50;249,97
2020-05-16 16:21:00;240,33
2020-05-16 16:21:10;239,72
2020-05-16 16:21:20;258,28
2020-05-16 16:21:30;253,13
2020-05-16 16:21:40;247,87
2020-05-16 16:21:50;254,6
2020-05-16 16:22:00;240,72
2020-05-16 16:22:10;257,1
2020-05-16 16:22:20;235,8
2020-05-16 16:22:30;242,37
2020-05-16 16:22:40;249,76
2020-05-16 16:22:50;253,26
2020-05-16 16:23:00;245,4
2020-05-16 16:23:10;238,46
2020-05-16 16:23:20;254,63
2020-05-16 16:23:30;251,55
2020-05-16 16:23:40;237,98
2020-05-16 16:23:50;242,95
2020-05-16 16:24:00;238,13
2020-05-16 16:24:10;266,12
2020-05-16 16:24:20;251,78
2020-05-16 16:24:30;231,02
2020-05-16 16:24:40;255,48
2020-05-16 16:24:50;248,18
2020-05-16 16:25:00;238,65
2020-05-16 16:25:10;252,74
2020-05-16 16:25:20;262,14
2020-05-16 16:25:30;258,13
2020-05-16 16:25:40;235,76
2020-05-16 16:25:50;248,74
2020-05-16 16:26:00;259,41
2020-05-16 16:26:10;245,12
2020-05-16 16:26:20;241,98
2020-05-16 16:26:30;267,05
2020-05-16 16:26:40;249,69
2020-05-16 16:26:50;239,6
2020-05-16 16:27:00;237,49
2020-05-16 16:27:10;240,57
2020-05-16 16:27:20;253,1
2020-05-16 16:27:30;256,59
2020-05-16 16:27:40;250,51
2020-05-16 16:27:50;246,14
2020-05-16 16:28:00;248,77
2020-05-16 16:28:10;257,74
2020-05-16 16:28:20;237,09
2020-05-16 16:28:30;254,46
2020-05-16 16:28:40;245,62
2020-05-16 16:28:50;258,02
2020-05-16 16:29:00;255,88
2020-05-16 16:29:10;249,37
2020-05-16 16:29:20;251
2020-05-16 16:29:30;240,34
2020-05-16 16:29:40;258,71
2020-05-16 16:29:50;248,22
2020-05-16 16:30:00;251,11
2020-05-16 16:30:10;257,59
2020-05-16 16:30:20;259
2020-05-16 16:30:30;242,04
2020-05-16 16:30:40;236,56
2020-05-16 16:30:50;250,27
2020-05-16 16:31:00;240,21
2020-05-16 16:31:10;239,79
2020-05-16 16:31:20;251,08
2020-05-16 16:31:30;246,53
2020-05-16 16:31:40;253,89
2020-05-16 16:31:50;257,08
2020-05-16 16:32:00;249,55
2020-05-16 16:32:10;255,92
2020-05-16 16:32:20;250,34
2020-05-16 16:32:30;249,31
2020-05-16 16:32:40;250,03
2020-05-16 16:32:50;248,46
2020-05-16 16:33:00;257,52
2020-05-16 16:33:10;246,68
2020-05-16 16:33:20;258,17
2020-05-16 16:33:30;267,52
2020-05-16 16:33:40;239,97
2020-05-16 16:33:50;258,26
2020-05-16 16:34:00;247,01
2020-05-16 16:34:10;253,74
2020-05-16 16:34:20;248,7
2020-05-16 16:34:30;245,56
2020-05-16 16:34:40;249,34
2020-05-16 16:34:50;235,88
2020-05-16 16:35:00;241,77
2020-05-16 16:35:10;256,97
2020-05-16 16:35:20;241,51
2020-05-16 16:35:30;253,33
2020-05-16 16:35:40;258,59
2020-05-16 16:35:50;256
2020-05-16 16:36:00;262,46
2020-05-16 16:36:10;249,15
2020-05-16 16:36:20;253,01
2020-05-16 16:36:30;248,54
2020-05-16 16:36:40;251,08
2020-05-16 16:36:50;247,56
2020-05-16 16:37:00;256,15
2020-05-16 16:37:10;250,99
2020-05-16 16:37:20;264,17
2020-05-16 16:37:30;241,24
2020-05-16 16:37:40;250,06
2020-05-16 16:37:50;249,45
2020-05-16 16:38:00;257,51
2020-05-16 16:38:10;236,68
2020-05-16 16:38:20;244,51
2020-05-16 16:38:30;240,93
2020-05-16 16:38:40;241,27
2020-05-16 16:38:50;253,42
2020-05-16 16:39:00;261,55
2020-05-16 16:39:10;237,24
2020-05-16 16:39:20;259,22
2020-05-16 16:39:30;252,71
2020-05-16 16:39:40;254,01
2020-05-16 16:39:50;254,66
2020-05-16 16:40:00;247,14
2020-05-16 16:40:10;244,62
2020-05-16 16:40:20;244,17
2020-05-16 16:40:30;260,6
2020-05-16 16:40:40;251,5
2020-05-16 16:40:50;259,19
2020-05-16 16:41:00;252,95
2020-05-16 16:41:10;248,76
2020-05-16 16:41:20;241,91
2020-05-16 16:41:30;248,58
2020-05-16 16:41:40;266,28
2020-05-16 16:41:50;250,49
2020-05-16 16:42:00;232,71
2020-05-16 16:42:10;252,82
2020-05-16 16:42:20;247,21
2020-05-16 16:42:30;252,57
2020-05-16 16:42:40;260,72
2020-05-16 16:42:50;245,32
2020-05-16 16:43:00;263,92
2020-05-16 16:43:10;250,71
2020-05-16 16:43:20;234,8
2020-05-16 16:43:30;249,65
2020-05-16 16:43:40;257,38
2020-05-16 16:43:50;254,33
2020-05-16 16:44:00;264,29
2020-05-16 16:44:10;246,92
2020-05-16 16:44:20;254,48
2020-05-16 16:44:30;252,93
2020-05-16 16:44:40;248,88
2020-05-16 16:44:50;261,88
2020-05-16 16:45:00;244,51
2020-05-16 16:45:10;259,37
2020-05-16 16:45:20;255,8
2020-05-16 16:45:30;246,02
2020-05-16 16:45:40;246,11
2020-05-16 16:45:50;242,57
2020-05-16 16:46:00;246,25
2020-05-16 16:46:10;249,22
2020-05-16 16:46:20;258,1
2020-05-16 16:46:30;258,56
2020-05-16 16:46:40;251,17
2020-05-16 16:46:50;252,32
2020-05-16 16:47:00;245,22
2020-05-16 16:47:10;256,88
2020-05-16 16:47:20;248,06
2020-05-16 16:47:30;259,43
2020-05-16 16:47:40;242,39
2020-05-16 16:47:50;237,71
2020-05-16 16:48:00;250,03
2020-05-16 16:48:10;257,36
2020-05-16 16:48:20;251,95
2020-05-16 16:48:30;248,88
2020-05-16 16:48:40;244,63
2020-05-16 16:48:50;241,84
2020-05-16 16:49:00;266,33
2020-05-16 16:49:10;260,97
2020-05-16 16:49:20;252,96
2020-05-16 16:49:30;254,46
2020-05-16 16:49:40;244,08
2020-05-16 16:49:50;257,6
2020-05-16 16:50:00;255,36
2020-05-16 16:50:10;255,25
2020-05-16 16:50:20;245,39
2020-05-16 16:50:30;240,9
2020-05-16 16:50:40;255,31
2020-05-16 16:50:50;251,69
2020-05-16 16:51:00;257,67
2020-05-16 16:51:10;252,99
2020-05-16 16:51:20;248,85
2020-05-16 16:51:30;261,98
2020-05-16 16:51:40;243,05
2020-05-16 16:51:50;233,01
2020-05-16 16:52:00;271,67
2020-05-16 16:52:10;241,22
2020-05-16 16:52:20;258,86
2020-05-16 16:52:30;267,6
2020-05-16 16:52:40;257,47
2020-05-16 16:52:50;269,51
2020-05-16 16:53:00;253,63
2020-05-16 16:53:10;245,13
2020-05-16 16:53:20;246,85
2020-05-16 16:53:30;251,33
2020-05-16 16:53:40;256,19
2020-05-16 16:53:50;262,85
2020-05-16 16:54:00;241,41
2020-05-16 16:54:10;253,46
2020-05-16 16:54:20;244,54
2020-05-16 16:54:30;249,63
2020-05-16 16:54:40;249,43
2020-05-16 16:54:50;261,56
2020-05-16 16:55:00;261,65
2020-05-16 16:55:10;247,36
2020-05-16 16:55:20;261,31
2020-05-16 16:55:30;253,18
2020-05-16 16:55:40;253,7
2020-05-16 16:55:50;258,23
2020-05-16 16:56:00;237,76
2020-05-16 16:56:10;259,08
2020-05-16 16:56:20;244,49
2020-05-16 16:56:30;259,84
2020-05-16 16:56:40;238,74
2020-05-16 16:56:50;256,22
2020-05-16 16:57:00;261,98
2020-05-16 16:57:10;264,01
2020-05-16 16:57:20;262,76
2020-05-16 16:57:30;248,79
2020-05-16 16:57:40;234,1
2020-05-16 16:57:50;243,25
2020-05-16 16:58:00;258,68
2020-05-16 16:58:10;245,13
2020-05-16 16:58:20;240,06
2020-05-16 16:58:30;241,03
2020-05-16 16:58:40;252,39
2020-05-16 16:58:50;246,11
2020-05-16 16:59:00;250,18
2020-05-16 16:59:10;257,7
2020-05-16 16:59:20;235,57
2020-05-16 16:59:30;259,29
2020-05-16 16:59:40;258,91
2020-05-16 16:59:50;252,83
2020-05-16 17:00:00;240,45
2020-05-16 17:00:10;252,69
2020-05-16 17:00:20;246,93
2020-05-16 17:00:30;248,4
2020-05-16 17:00:40;245,92
2020-05-16 17:00:50;247,1
2020-05-16 17:01:00;257,87
2020-05-16 17:01:10;255,14
2020-05-16 17:01:20;239,97
2020-05-16 17:01:30;248,21
2020-05-16 17:01:40;239,2
2020-05-16 17:01:50;259,51
2020-05-16 17:02:00;247,24
2020-05-16 17:02:10;252,42
2020-05-16 17:02:20;244,08
2020-05-16 17:02:30;244,82
2020-05-16 17:02:40;262,99
2020-05-16 17:02:50;231,12
2020-05-16 17:03:00;239,76
2020-05-16 17:03:10;249,19
2020-05-16 17:03:20;252,27
2020-05-16 17:03:30;230,95
2020-05-16 17:03:40;258,69
2020-05-16 17:03:50;240,47
2020-05-16 17:04:00;251,05
2020-05-16 17:04:10;252,19
2020-05-16 17:04:20;247,66
2020-05-16 17:04:30;238,95
2020-05-16 17:04:40;245,76
2020-05-16 17:04:50;255,76
2020-05-16 17:05:00;240,52
2020-05-16 17:05:10;247,81
2020-05-16 17:05:20;246,8
2020-05-16 17:05:30;257,39
2020-05-16 17:05:40;251,94
2020-05-16 17:05:50;257,38
2020-05-16 17:06:00;257,52
2020-05-16 17:06:10;253,53
2020-05-16 17:06:20;259
2020-05-16 17:06:30;255,14
2020-05-16 17:06:40;247,13
2020-05-16 17:06:50;256,71
2020-05-16 17:07:00;246,27
2020-05-16 17:07:10;250,38
2020-05-16 17:07:20;258,22
2020-05-16 17:07:30;262,92
2020-05-16 17:07:40;260,32
2020-05-16 17:07:50;245,25
2020-05-16 17:08:00;255,76
2020-05-16 17:08:10;246,21
2020-05-16 17:08:20;255,7
2020-05-16 17:08:30;252,31
2020-05-16 17:08:40;257,34
2020-05-16 17:08:50;262,31
2020-05-16 17:09:00;241,15
2020-05-16 17:09:10;247,31
2020-05-16 17:09:20;250,15
2020-05-16 17:09:30;250,54
2020-05-16 17:09:40;245,16
2020-05-16 17:09:50;248,54
2020-05-16 17:10:00;254,06
2020-05-16 17:10:10;231,83
2020-05-16 17:10:20;254,41
2020-05-16 17:10:30;255,98
2020-05-16 17:10:40;267,93
2020-05-16 17:10:50;234,07
2020-05-16 17:11:00;251,09
2020-05-16 17:11:10;245,81
2020-05-16 17:11:20;248,57
2020-05-16 17:11:30;255,93
2020-05-16 17:11:40;248,51
2020-05-16 17:11:50;243,61
2020-05-16 17:12:00;251,45
2020-05-16 17:12:10;257,46
2020-05-16 17:12:20;237,24
2020-05-16 17:12:30;261,57
2020-05-16 17:12:40;266,58
2020-05-16 17:12:50;250,97
2020-05-16 17:13:00;263,77
2020-05-16 17:13:10;253,42
2020-05-16 17:13:20;245,65
2020-05-16 17:13:30;242,48
2020-05-16 17:13:40;246,35
2020-05-16 17:13:50;250,93
2020-05-16 17:14:00;243,82
2020-05-16 17:14:10;264,58
2020-05-16 17:14:20;257,11
2020-05-16 17:14:30;263,37
2020-05-16 17:14:40;247,11
2020-05-16 17:14:50;264,83
2020-05-16 17:15:00;243,63
2020-05-16 17:15:10;243,07
2020-05-16 17:15:20;251,75
2020-05-16 17:15:30;242,21
2020-05-16 17:15:40;245,08
2020-05-16 17:15:50;263,45
2020-05-16 17:16:00;264,28
2020-05-16 17:16:10;246,05
2020-05-16 17:16:20;260,41
2020-05-16 17:16:30;247,81
2020-05-16 17:16:40;249,37
2020-05-16 17:16:50;239,88
2020-05-16 17:17:00;246,67
2020-05-16 17:17:10;248,16
2020-05-16 17:17:20;246,96
2020-05-16 17:17:30;250,66
2020-05-16 17:17:40;243,49
2020-05-16 17:17:50;241,18
2020-05-16 17:18:00;257,51
2020-05-16 17:18:10;251,45
2020-05-16 17:18:20;255,72
2020-05-16 17:18:30;261,51
2020-05-16 17:18:40;262,08
2020-05-16 17:18:50;254,68
2020-05-16 17:19:00;264,78
2020-05-16 17:19:10;240,52
2020-05-16 17:19:20;247,41
2020-05-16 17:19:30;248,2
2020-05-16 17:19:40;247,11
2020-05-16 17:19:50;246,32
