fecha;entrada_kg;entrada_litros;entrada_grasa_g_l;entrada_prot_g_l;cuba_fab_litros;cuba_fab_grasa_g_l;cuba_fab_prot_g_l;stock_cierre_litros;queso_kg;queso_est_pct;queso_mg_pct;suero_litros;suero_grasa_g_l;suero_prot_g_l;suero_es_g_l
31/12/2023;5469;5310;43,5;36,61;0;0,0;0,0;5310;0,0;0,0;0,0;0,0;0,0;0,0;0,0
01/01/2024;5181;5030;44,81;35,5;5028;42,1;34,34;5340;626,72;54,92;28,94;4441,0;6,69;6,67;64,59
02/01/2024;5338;5183;41,78;36,12;5024;40,69;34,82;5523;622,18;53,08;28,11;4442,0;6,54;7,55;66,89
03/01/2024;5722;5555;41,99;35,92;5026;40,62;34,68;6078;613,7;53,77;27,79;4452,0;7,33;7,55;66,45
04/01/2024;5272;5118;40,34;38,02;5018;39,54;35,28;6196;584,15;52,34;28,19;4473,0;7,38;9,04;67,16
05/01/2024;0;0;0,0;0,0;6214;39,38;35,32;0;739,04;50,61;27,18;5523,0;7,77;8,93;68,6
06/01/2024;0;0;0,0;0,0;0;0,0;0,0;0;0,0;0,0;0,0;0,0;0,0;0,0;0,0
07/01/2024;5113;4964;42,85;34,41;0;0,0;0,0;4964;0,0;0,0;0,0;0,0;0,0;0,0;0,0
08/01/2024;5124;4975;40,9;35,32;5031;39,75;33,23;4939;581,98;53,52;26,92;4488,0;9,46;7,48;68,44
09/01/2024;5208;5056;41,17;37,69;5030;39,71;34,51;4995;601,42;53,8;27,67;4468,0;7,3;6,74;66,06
10/01/2024;4875;4733;42,62;36,09;5035;40,26;34,59;4728;677,26;49,54;26,42;4399,0;5,26;3,26;59,64
11/01/2024;5216;5064;41,9;34,77;5023;39,91;34,04;4792;641,26;51,67;27,3;4422,0;5,64;4,94;62,26
12/01/2024;0;0;0,0;0,0;4816;39,97;33,7;0;599,69;50,55;27,09;4254,0;6,93;4,29;62,61
13/01/2024;0;0;0,0;0,0;0;0,0;0,0;0;0,0;0,0;0,0;0,0;0,0;0,0;0,0
14/01/2024;4670;4534;45,5;36,08;0;0,0;0,0;4534;0,0;0,0;0,0;0,0;0,0;0,0;0,0
15/01/2024;5507;5347;41,87;34,68;5031;41,58;33,68;4881;597,17;54,43;27,02;4473,0;10,58;6,58;69,31
16/01/2024;4864;4722;42,98;35,11;5034;41,38;33,64;4603;626,42;53,84;27,5;4447,0;7,94;5,67;64,44
17/01/2024;5200;5049;41,54;35,66;5019;40,92;33,83;4652;615,92;47,98;25,28;4443,0;10,94;5,91;66,56
18/01/2024;5259;5106;41,32;35,27;5015;40,07;33,68;4758;643,39;52,16;26,47;4412,0;6,77;5,02;62,63
19/01/2024;0;0;0,0;0,0;4784;40,03;33,92;0;588,76;52,51;27,37;4233,0;7,09;6,29;65,16
20/01/2024;0;0;0,0;0,0;0;0,0;0,0;0;0,0;0,0;0,0;0,0;0,0;0,0;0,0
21/01/2024;5263;5110;42,91;35,14;0;0,0;0,0;5110;0,0;0,0;0,0;0,0;0,0;0,0;0,0
22/01/2024;5211;5059;41,06;34,58;5024;40,17;33,24;5169;604,28;53,49;27,79;4459,0;7,46;6,29;64,95
23/01/2024;5896;5724;39,71;35,3;5024;39,13;33,29;5893;637,47;51,78;27,41;4427,0;4,86;4,74;61,82
24/01/2024;5145;4995;40,78;36,91;5027;38,97;34,27;5888;611,17;50,58;26,16;4455,0;7,92;7,01;66,35
25/01/2024;4909;4766;43,0;34,9;5027;39,58;33,95;5654;586,41;52,15;27,8;4479,0;7,88;6,96;65,77
26/01/2024;0;0;0,0;0,0;5691;39,81;33,79;0;684,25;51,88;26,52;5051,0;8,74;5,92;64,68
27/01/2024;0;0;0,0;0,0;0;0,0;0,0;0;0,0;0,0;0,0;0,0;0,0;0,0;0,0
28/01/2024;5211;5059;42,89;35,98;0;0,0;0,0;5059;0,0;0,0;0,0;0,0;0,0;0,0;0,0
29/01/2024;5297;5143;40,44;35,59;5025;39,54;34,25;5202;629,94;52,62;27,35;4435,0;5,85;5,83;62,4
30/01/2024;4986;4841;43,57;34,82;5027;40,8;33,96;5043;614,45;51,6;26,15;4452,0;9,75;7,27;68,78
31/01/2024;5132;4983;42,31;35,63;5033;40,48;33,96;5026;635,9;50,84;26,2;4437,0;8,24;5,94;63,63
01/02/2024;4960;4816;45,96;34,1;5028;42,2;33,13;4842;616,65;52,45;27,05;4451,0;9,98;4,48;64,76
02/02/2024;0;0;0,0;0,0;4871;42,29;32,98;0;685,55;51,73;27,59;4226,0;3,92;1,12;56,77
03/02/2024;0;0;0,0;0,0;0;0,0;0,0;0;0,0;0,0;0,0;0,0;0,0;0,0;0,0
04/02/2024;5348;5192;40,61;36,13;0;0,0;0,0;5192;0,0;0,0;0,0;0,0;0,0;0,0;0,0
05/02/2024;4963;4818;43,15;36,04;5028;40,32;34,5;5010;649,47;50,27;25,95;4419,0;7,53;5,77;64,37
06/02/2024;5413;5255;43,06;36,44;5023;40,43;34,21;5265;646,66;50,4;25,55;4417,0;8,33;5,57;64,16
07/02/2024;4997;4851;39,99;34,62;5020;39,77;33,98;5116;647,3;49,87;26,06;4413,0;6,81;4,95;62,8
08/02/2024;5660;5495;41,85;35,49;5026;40,0;33,94;5611;616,36;52,48;26,78;4449,0;7,89;6,19;65,95
09/02/2024;0;0;0,0;0,0;5650;39,47;33,93;0;671,03;52,35;27,13;5023,0;7,94;7,1;66,17
10/02/2024;0;0;0,0;0,0;0;0,0;0,0;0;0,0;0,0;0,0;0,0;0,0;0,0;0,0
11/02/2024;4750;4612;41,23;35,21;0;0,0;0,0;4612;0,0;0,0;0,0;0,0;0,0;0,0;0,0
12/02/2024;5517;5356;41,99;35,6;5014;39,76;33,81;4968;652,66;52,12;27,65;4402,0;4,19;4,75;59,93
13/02/2024;5292;5138;44,5;34,71;5028;41,08;33,59;5106;613,41;53,07;28,0;4454,0;7,56;5,83;65,53
14/02/2024;4731;4593;42,76;34,85;5022;41,11;33,53;4699;662,25;51,77;27,03;4400,0;6,15;3,97;59,96
15/02/2024;4987;4842;42,33;33,54;5027;40,99;32,51;4541;655,61;49,7;26,46;4412,0;7,25;3,05;60,69
16/02/2024;0;0;0,0;0,0;4562;40,21;32,29;0;565,63;51,54;26,54;4032,0;8,08;4,12;62,91
17/02/2024;0;0;0,0;0,0;0;0,0;0,0;0;0,0;0,0;0,0;0,0;0,0;0,0;0,0
18/02/2024;5504;5344;42,15;36,15;0;0,0;0,0;5344;0,0;0,0;0,0;0,0;0,0;0,0;0,0
19/02/2024;5363;5207;39,87;35,83;5034;39,13;34,16;5551;651,51;52,73;27,87;4423,0;3,44;5,36;58,87
20/02/2024;5040;4893;40,48;35,17;5019;39,02;34,06;5444;588,11;52,12;26,96;4470,0;8,21;7,32;66,64
21/02/2024;5610;5447;43,72;35,95;5026;40,34;34,15;5891;600,71;53,29;27,45;4464,0;8,35;8,02;66,31
22/02/2024;5368;5212;42,97;37,79;5033;40,58;34,94;6103;621,61;52,54;28,19;4451,0;6,38;7,41;64,08
23/02/2024;0;0;0,0;0,0;6119;40,94;35,09;0;777,65;53,35;26,96;5390,0;7,35;6,61;66,72
24/02/2024;0;0;0,0;0,0;0;0,0;0,0;0;0,0;0,0;0,0;0,0;0,0;0,0;0,0
25/02/2024;4762;4623;41,86;35,12;0;0,0;0,0;4623;0,0;0,0;0,0;0,0;0,0;0,0;0,0
26/02/2024;5572;5410;43,07;36,4;5028;40,62;34,3;5033;643,71;52,06;27,15;4425,0;6,53;5,91;63,69
27/02/2024;4944;4800;42,91;34,71;5028;40,98;33,31;4833;617,0;52,96;27,8;4451,0;7,61;5,9;65,5
28/02/2024;5122;4973;43,4;37,96;5022;40,85;35,06;4806;649,7;52,08;27,18;4413,0;6,34;5,5;64,51
29/02/2024;4926;4783;41,26;35,52;5022;40,25;34,39;4589;607,58;51,2;26,72;4454,0;8,77;7,68;67,97
01/03/2024;0;0;0,0;0,0;4615;40,27;34,58;0;579,11;52,11;27,52;4073,0;6,4;6,63;66,2
02/03/2024;0;0;0,0;0,0;0;0,0;0,0;0;0,0;0,0;0,0;0,0;0,0;0,0;0,0
03/03/2024;5156;5006;41,25;34,56;0;0,0;0,0;5006;0,0;0,0;0,0;0,0;0,0;0,0;0,0
04/03/2024;4885;4743;41,79;35,25;5026;39,48;33,56;4749;664,28;51,15;27,29;4402,0;3,81;4,0;58,51
05/03/2024;5160;5010;40,65;36,02;5030;39,21;33,87;4759;630,17;50,21;26,6;4440,0;6,51;5,28;62,15
06/03/2024;5346;5190;44,35;33,92;5028;40,81;32,97;4949;618,78;52,18;27,47;4449,0;7,81;5,31;65,03
07/03/2024;5256;5103;44,33;35,51;5029;41,79;33,59;5052;624,59;51,32;26,41;4444,0;9,88;5,76;65,69
08/03/2024;0;0;0,0;0,0;5085;41,48;33,37;0;648,27;51,96;26,25;4477,0;9,0;4,75;64,19
09/03/2024;0;0;0,0;0,0;0;0,0;0,0;0;0,0;0,0;0,0;0,0;0,0;0,0;0,0
10/03/2024;5253;5100;42,92;34,45;0;0,0;0,0;5100;0,0;0,0;0,0;0,0;0,0;0,0;0,0
11/03/2024;5477;5317;41,05;36,39;5036;40,01;33,79;5417;646,54;51,95;26,3;4430,0;6,93;4,74;62,54
12/03/2024;5109;4960;41,86;36,02;5026;39,88;34,0;5377;653,67;52,93;27,04;4413,0;5,28;3,15;59,71
13/03/2024;5555;5393;42,0;37,06;5017;40,41;34,81;5770;613,25;52,08;27,03;4443,0;8,19;7,31;66,34
14/03/2024;4769;4630;40,88;35,1;5032;39,61;33,97;5400;589,45;53,61;27,79;4481,0;7,77;8,74;67,92
15/03/2024;0;0;0,0;0,0;5423;39,68;34,06;0;736,77;49,26;25,9;4731,0;5,07;3,66;59,52
16/03/2024;0;0;0,0;0,0;0;0,0;0,0;0;0,0;0,0;0,0;0,0;0,0;0,0;0,0
17/03/2024;5606;5443;42,38;35,7;0;0,0;0,0;5443;0,0;0,0;0,0;0,0;0,0;0,0;0,0
18/03/2024;4934;4790;42,11;34,62;5024;40,29;33,56;5233;663,7;50,29;26,27;4401,0;6,21;3,62;61,91
19/03/2024;4572;4439;43,7;34,44;5027;40,95;32,99;4672;676,03;52,05;27,11;4392,0;5,04;1,11;57,51
20/03/2024;5714;5548;42,33;35,25;5030;39,85;33,43;5220;622,66;53,71;27,71;4447,0;6,19;5,87;63,99
21/03/2024;4801;4661;39,87;36,04;5022;39,0;33,95;4881;655,16;51,57;26,74;4407,0;4,57;3,32;59,37
22/03/2024;0;0;0,0;0,0;4898;39,74;33,85;0;604,63;52,63;27,52;4332,0;6,36;5,97;63,62
23/03/2024;0;0;0,0;0,0;0;0,0;0,0;0;0,0;0,0;0,0;0,0;0,0;0,0;0,0
24/03/2024;5003;4857;42,07;35,4;0;0,0;0,0;4857;0,0;0,0;0,0;0,0;0,0;0,0;0,0
25/03/2024;5346;5190;42,92;36,74;5029;40,72;34,63;5047;632,77;52,54;26,88;4436,0;7,66;6,6;65,08
26/03/2024;5338;5183;41,82;34,11;5026;40,06;33,63;5230;648,47;49,4;25,88;4418,0;7,36;3,87;62,43
27/03/2024;5232;5080;42,19;36,68;5031;39,75;34,26;5310;631,61;50,97;26,11;4439,0;7,71;5,16;63,6
28/03/2024;4701;4564;44,91;35,01;5036;41,84;34,03;4874;607,25;52,11;27,01;4468,0;10,14;7,34;68,66
29/03/2024;0;0;0,0;0,0;4902;41,49;33,77;0;625,45;50,81;25,99;4316,0;9,33;4,96;64,31
30/03/2024;0;0;0,0;0,0;0;0,0;0,0;0;0,0;0,0;0,0;0,0;0,0;0,0;0,0
31/03/2024;5375;5218;41,82;35,84;0;0,0;0,0;5218;0,0;0,0;0,0;0,0;0,0;0,0;0,0
01/04/2024;5490;5330;42,47;37,41;5028;40,63;34,7;5548;657,75;50,71;26,22;4411,0;7,06;5,72;63,82
02/04/2024;4906;4763;40,99;37,23;5025;39,75;35,11;5311;666,25;53,46;27,14;4400,0;4,19;3,99;58,61
03/04/2024;5249;5096;43,67;35,28;5026;40,76;34,53;5407;633,88;51,83;26,82;4432,0;7,71;5,41;65,14
04/04/2024;5193;5042;41,39;34,88;5029;40,17;33,78;5449;679,9;49,73;26,99;4390,0;4,12;3,02;57,85
05/04/2024;0;0;0,0;0,0;5474;40,24;33,75;0;671,04;50,6;26,14;4846,0;9,08;6,15;67,23
06/04/2024;0;0;0,0;0,0;0;0,0;0,0;0;0,0;0,0;0,0;0,0;0,0;0,0;0,0
07/04/2024;4711;4574;41,54;36,14;0;0,0;0,0;4574;0,0;0,0;0,0;0,0;0,0;0,0;0,0
08/04/2024;5452;5293;43,96;34,14;5022;40,76;33,64;4867;641,57;52,64;26,75;4421,0;7,31;4,7;62,87
09/04/2024;5204;5052;41,01;35,74;5029;39,88;33,75;4919;650,48;53,01;27,37;4419,0;4,99;5,38;60,99
10/04/2024;5429;5271;40,15;35,81;5026;39,18;34,05;5190;635,12;51,77;26,21;4431,0;6,64;4,65;61,89
11/04/2024;5178;5027;41,67;37,95;5021;39,21;35,0;5217;645,92;51,53;26,34;4415,0;5,89;6,17;63,11
12/04/2024;0;0;0,0;0,0;5248;39,45;35,14;0;636,48;54,46;28,47;4653,0;5,45;7,07;64,38
13/04/2024;0;0;0,0;0,0;0;0,0;0,0;0;0,0;0,0;0,0;0,0;0,0;0,0;0,0
14/04/2024;5707;5541;41,85;35,51;0;0,0;0,0;5541;0,0;0,0;0,0;0,0;0,0;0,0;0,0
15/04/2024;5853;5683;40,19;35,2;5023;39,21;33,76;6224;630,36;53,18;27,9;4433,0;4,67;6,53;62,96
16/04/2024;5362;5206;44,87;34,29;5015;41,27;33,43;6430;608,06;52,15;26,89;4446,0;9,55;6,78;66,18
17/04/2024;5206;5054;41,91;36,65;5022;40,49;34,04;6484;644,01;52,62;27,63;4418,0;5,6;5,79;62,35
18/04/2024;5252;5099;42,34;35,51;5027;40,48;33,93;6583;635,76;53,0;27,66;4431,0;6,13;5,75;63,65
19/04/2024;0;0;0,0;0,0;6615;40,1;33,87;0;774,53;51,17;26,52;5892,0;9,99;7,64;68,57
20/04/2024;0;0;0,0;0,0;0;0,0;0,0;0;0,0;0,0;0,0;0,0;0,0;0,0;0,0
21/04/2024;5344;5188;38,96;35,71;0;0,0;0,0;5188;0,0;0,0;0,0;0,0;0,0;0,0;0,0
22/04/2024;4820;4680;42,64;35,67;5029;39,01;33,92;4868;584,89;52,81;28,4;4483,0;6,64;8,99;64,92
23/04/2024;5040;4893;40,64;35,73;5024;38,96;34,19;4761;665,31;51,93;27,5;4399,0;2,86;4,29;57,56
24/04/2024;5398;5241;41,53;34,75;5031;39,17;33,57;5002;659,49;52,41;27,42;4412,0;3,58;1,9;56,05
25/04/2024;4841;4700;42,37;36,15;5026;39,98;34,15;4702;641,71;53,06;28,31;4424,0;4,27;6,16;62,03
26/04/2024;0;0;0,0;0,0;4727;39,94;34,14;0;625,4;52,04;26,72;4140,0;5,07;4,06;61,36
27/04/2024;0;0;0,0;0,0;0;0,0;0,0;0;0,0;0,0;0,0;0,0;0,0;0,0;0,0
28/04/2024;5111;4962;42,98;35,46;0;0,0;0,0;4962;0,0;0,0;0,0;0,0;0,0;0,0;0,0
29/04/2024;4880;4738;42,3;35,4;5036;40,54;33,54;4700;633,48;52,56;26,92;4443,0;7,48;5,97;64,27
30/04/2024;4489;4358;43,47;35,01;5032;41,06;33,32;4058;649,62;51,14;26,35;4423,0;7,88;4,45;63,24
01/05/2024;4654;4518;42,66;37,52;5022;41,09;34,83;3576;569,0;53,48;28,86;4491,0;9,23;9,53;70,99
02/05/2024;5293;5139;42,34;34,26;5020;40,58;33,42;3715;661,71;50,08;25,99;4399,0;7,06;2,34;60,02
03/05/2024;0;0;0,0;0,0;3731;40,81;33,51;0;461,58;50,31;26,52;3299,0;8,87;5,86;65,79
04/05/2024;0;0;0,0;0,0;0;0,0;0,0;0;0,0;0,0;0,0;0,0;0,0;0,0;0,0
05/05/2024;5188;5037;40,91;34,62;0;0,0;0,0;5037;0,0;0,0;0,0;0,0;0,0;0,0;0,0
06/05/2024;5239;5086;43,48;34,39;5032;40,17;33,0;5123;657,28;52,72;26,91;4415,0;5,65;4,61;62,05
07/05/2024;5533;5372;43,4;35,44;5025;40,81;33,41;5495;652,49;53,92;28,72;4413,0;3,91;3,86;59,85
08/05/2024;5737;5570;40,36;36,23;5028;39,84;34,03;6065;661,91;52,48;27,52;4407,0;4,08;4,44;60,05
09/05/2024;4972;4827;43,55;34,83;5035;40,75;33,74;5892;615,31;51,94;26,39;4459,0;9,36;5,96;66,4
10/05/2024;0;0;0,0;0,0;5923;40,53;33,21;0;737,68;52,91;27,92;5232,0;6,41;5,52;65,01
11/05/2024;0;0;0,0;0,0;0;0,0;0,0;0;0,0;0,0;0,0;0,0;0,0;0,0;0,0
12/05/2024;4906;4763;40,9;35,1;0;0,0;0,0;4763;0,0;0,0;0,0;0,0;0,0;0,0;0,0
13/05/2024;5679;5514;42,86;36,32;5027;39,98;34,03;5277;627,52;51,88;26,92;4439,0;7,09;4,79;61,96
14/05/2024;5300;5146;44,34;34,02;5031;41,35;33,32;5423;633,13;50,41;26,58;4438,0;8,77;3,87;63,87
15/05/2024;5357;5201;43,33;37,69;5030;41,43;34,86;5624;610,12;53,28;27,77;4459,0;8,56;7,46;65,69
16/05/2024;5355;5199;40,6;37,1;5035;39,98;34,79;5823;607,44;51,23;26,38;4467,0;9,01;8,67;68,75
17/05/2024;0;0;0,0;0,0;5862;39,97;34,95;0;727,76;52,73;27,45;5181,0;6,54;6,76;64,49
18/05/2024;0;0;0,0;0,0;0;0,0;0,0;0;0,0;0,0;0,0;0,0;0,0;0,0;0,0
19/05/2024;5189;5038;41,65;35,88;0;0,0;0,0;5038;0,0;0,0;0,0;0,0;0,0;0,0;0,0
20/05/2024;5537;5376;43,91;34,6;5023;40,75;33,67;5414;648,14;52,61;26,99;4415,0;6,56;5,72;64,21
21/05/2024;5506;5346;39,71;35,6;5034;39,09;34,01;5760;574,49;48,79;26,1;4498,0;10,18;8,24;68,34
22/05/2024;5036;4889;41,56;35,28;5031;39,57;33,72;5649;594,33;53,4;27,63;4476,0;7,59;7,04;65,81
23/05/2024;5675;5510;42,66;36,3;5021;39,83;34,51;6159;594,22;52,97;27,77;4466,0;7,69;8,5;67,91
24/05/2024;0;0;0,0;0,0;6205;40,06;33,92;0;781,19;52,38;27,02;5473,0;6,7;7,08;64,59
25/05/2024;0;0;0,0;0,0;0;0,0;0,0;0;0,0;0,0;0,0;0,0;0,0;0,0;0,0
26/05/2024;5152;5002;43,23;36,68;0;0,0;0,0;5002;0,0;0,0;0,0;0,0;0,0;0,0;0,0
27/05/2024;5601;5438;39,63;34,86;5021;39,71;34,23;5440;637,6;52,52;27,58;4423,0;5,23;4,97;60,26
28/05/2024;4892;4750;43,06;37,05;5018;39,86;34,99;5190;610,18;53,61;27,17;4447,0;7,45;7,76;64,4
29/05/2024;4793;4653;42,49;35,13;5026;40,33;34,04;4843;629,53;51,83;26,39;4436,0;8,07;5,8;64,22
30/05/2024;5013;4867;42,7;36,77;5021;40,37;34,65;4710;609,88;52,33;28,0;4450,0;7,04;7,97;66,13
31/05/2024;0;0;0,0;0,0;4724;40,69;34,73;0;565,42;54,49;28,2;4195,0;7,7;6,55;64,09
01/06/2024;0;0;0,0;0,0;0;0,0;0,0;0;0,0;0,0;0,0;0,0;0,0;0,0;0,0
02/06/2024;5010;4864;40,17;36,11;0;0,0;0,0;4864;0,0;0,0;0,0;0,0;0,0;0,0;0,0
03/06/2024;5070;4922;40,82;35,39;5023;38,59;34,27;4786;694,23;52,41;26,92;4370,0;1,55;3,4;55,86
04/06/2024;5069;4921;44,33;34,65;5029;40,41;33,62;4707;676,87;53,5;27,55;4393,0;3,73;3,29;58,31
05/06/2024;5312;5157;41,88;34,65;5025;39,99;33,54;4864;612,43;54,04;28,39;4452,0;5,95;5,56;62,97
06/06/2024;5347;5191;42,75;36,17;5027;40,77;33,95;5055;676,49;52,19;27,16;4392,0;4,73;2,25;57,13
07/06/2024;0;0;0,0;0,0;5074;40,77;34,25;0;625,43;51,07;25,85;4489,0;9,87;6,42;67,81
08/06/2024;0;0;0,0;0,0;0;0,0;0,0;0;0,0;0,0;0,0;0,0;0,0;0,0;0,0
09/06/2024;5221;5069;40,87;34,64;0;0,0;0,0;5069;0,0;0,0;0,0;0,0;0,0;0,0;0,0
10/06/2024;5188;5037;41,1;35,49;5024;39,42;33,52;5106;632,67;51,78;27,42;4431,0;5,49;5,81;63,34
11/06/2024;5193;5042;44,37;35,0;5024;40,76;33,38;5148;621,16;52,66;26,82;4442,0;8,58;5,92;67,3
12/06/2024;4558;4425;44,29;34,73;5025;41,24;32,95;4573;628,49;51,97;26,22;4436,0;9,39;4,78;64,13
13/06/2024;5641;5477;38,87;35,16;5029;39,4;33,38;5050;615,4;51,46;26,6;4453,0;7,58;5,81;64,49
14/06/2024;0;0;0,0;0,0;5064;39,34;33,53;0;604,65;51,41;27,37;4499,0;7,35;7,34;66,25
15/06/2024;0;0;0,0;0,0;0;0,0;0,0;0;0,0;0,0;0,0;0,0;0,0;0,0;0,0
16/06/2024;5312;5157;43,05;34,39;0;0,0;0,0;5157;0,0;0,0;0,0;0,0;0,0;0,0;0,0
17/06/2024;5625;5461;42,02;33,82;5021;40,88;32,89;5618;623,3;50,37;26,68;4437,0;8,64;4,86;65,46
18/06/2024;5342;5186;41,94;34,61;5031;40,4;33,0;5804;659,95;50,22;25,78;4412,0;7,4;3,01;61,88
19/06/2024;5563;5401;46,61;35,79;5025;42,04;33,53;6205;586,23;53,77;26,87;4478,0;11,75;7,54;70,31
20/06/2024;5068;4920;40,99;36,21;5034;41,29;33,86;6125;649,78;51,38;27,15;4425,0;6,94;4,72;63,07
21/06/2024;0;0;0,0;0,0;6161;40,9;34,06;0;771,97;53,71;28,76;5438,0;5,41;5,55;61,23
22/06/2024;0;0;0,0;0,0;0;0,0;0,0;0;0,0;0,0;0,0;0,0;0,0;0,0;0,0
23/06/2024;4964;4819;42,83;34,74;0;0,0;0,0;4819;0,0;0,0;0,0;0,0;0,0;0,0;0,0
24/06/2024;5192;5041;44,38;36,06;5031;42,0;33,58;4860;617,96;50,62;26,87;4453,0;9,97;6,32;67,07
25/06/2024;5478;5318;42,4;35,92;5019;40,93;34,12;5178;623,48;50,67;26,61;4435,0;8,69;6,04;65,18
26/06/2024;4936;4792;40,93;36,05;5018;40,37;33,99;4970;612,33;54,47;27,91;4445,0;7,01;7,21;65,16
27/06/2024;5437;5279;41,9;35,38;5019;39,76;34,1;5249;630,11;52,37;27,26;4429,0;6,15;4,11;60,88
28/06/2024;0;0;0,0;0,0;5280;39,85;34,1;0;624,88;52,78;28,34;4696,0;6,93;7,84;65,46
29/06/2024;0;0;0,0;0,0;0;0,0;0,0;0;0,0;0,0;0,0;0,0;0,0;0,0;0,0
30/06/2024;4921;4778;42,91;35,94;0;0,0;0,0;4778;0,0;0,0;0,0;0,0;0,0;0,0;0,0
01/07/2024;5258;5105;42,81;36,34;5022;40,87;34,35;4883;619,24;52,87;27,3;4442,0;7,98;6,04;64,98
02/07/2024;4770;4631;41,31;34,6;5020;40,62;33,75;4514;659,2;50,25;25,24;4401,0;8,37;5,19;65,2
03/07/2024;5168;5017;42,12;36,0;5025;40,34;34,44;4531;633,63;54,26;27,5;4431,0;6,3;5,31;62,86
04/07/2024;5060;4913;41,38;36,37;5016;39,91;34,58;4444;589,44;53,41;28,27;4465,0;7,37;8,62;66,22
05/07/2024;0;0;0,0;0,0;4466;40,02;34,62;0;546,38;51,29;27,29;3955,0;7,35;7,08;67,56
06/07/2024;0;0;0,0;0,0;0;0,0;0,0;0;0,0;0,0;0,0;0,0;0,0;0,0;0,0
07/07/2024;5004;4858;42,21;34,87;0;0,0;0,0;4858;0,0;0,0;0,0;0,0;0,0;0,0;0,0
08/07/2024;5322;5167;45,02;36,31;5025;41,54;33,9;5025;648,94;52,86;27,62;4416,0;6,55;4,3;61,45
09/07/2024;4692;4555;42,99;35,78;5021;41,38;34,25;4580;646,5;51,56;25,68;4415,0;9,32;5,71;65,86
10/07/2024;5419;5261;42,61;36,71;5029;40,78;34,47;4841;629,05;51,27;26,93;4440,0;7,91;7,69;67,31
11/07/2024;5051;4904;43,06;33,45;5025;41,07;33,33;4745;620,95;53,45;27,45;4444,0;7,9;6,05;64,6
12/07/2024;0;0;0,0;0,0;4768;41,31;33,37;0;568,25;52,58;27,25;4237,0;9,71;6,05;66,79
13/07/2024;0;0;0,0;0,0;0;0,0;0,0;0;0,0;0,0;0,0;0,0;0,0;0,0;0,0
14/07/2024;5382;5225;42,6;35,01;0;0,0;0,0;5225;0,0;0,0;0,0;0,0;0,0;0,0;0,0
15/07/2024;5907;5735;43,23;36,33;5026;41,05;34,25;5960;633,39;50,93;27,47;4433,0;7,12;6,0;63,25
16/07/2024;5174;5023;42,37;36,2;5029;41,02;34,19;5983;581,35;53,12;27,57;4486,0;10,0;7,55;67,91
17/07/2024;5380;5223;42,35;37,48;5024;40,38;34,78;6206;632,14;50,64;26,83;4432,0;7,37;6,72;64,69
18/07/2024;5083;4935;41,99;34,37;5030;39,83;34,13;6141;604,52;51,4;26,79;4465,0;8,44;6,81;66,63
19/07/2024;0;0;0,0;0,0;6172;40,14;34,21;0;785,38;50,72;26,18;5436,0;7,66;5,82;65,13
20/07/2024;0;0;0,0;0,0;0;0,0;0,0;0;0,0;0,0;0,0;0,0;0,0;0,0;0,0
21/07/2024;5334;5179;40,92;36,02;0;0,0;0,0;5179;0,0;0,0;0,0;0,0;0,0;0,0;0,0
22/07/2024;5050;4903;45,15;37,06;5029;41,12;35,26;5082;686,26;51,27;26,24;4384,0;5,98;4,29;60,24
23/07/2024;5792;5623;44,65;37,16;5018;41,72;35,24;5705;609,9;52,49;27,55;4447,0;9,09;9,06;69,23
24/07/2024;5518;5357;41,34;36,07;5025;40,55;34,78;6062;610,7;53,26;27,72;4454,0;7,56;7,73;66,35
25/07/2024;5226;5074;43,65;34,37;5025;41,18;33,81;6136;649,86;50,8;26,61;4416,0;7,58;5,17;63,36
26/07/2024;0;0;0,0;0,0;6162;41,04;34,12;0;741,57;52,82;27,6;5469,0;8,65;8,62;67,63
27/07/2024;0;0;0,0;0,0;0;0,0;0,0;0;0,0;0,0;0,0;0,0;0,0;0,0;0,0
28/07/2024;5718;5551;41,16;36,05;0;0,0;0,0;5551;0,0;0,0;0,0;0,0;0,0;0,0;0,0
29/07/2024;4320;4194;42,45;37,75;5025;39,82;35,1;4745;624,96;53,31;27,72;4440,0;5,95;7,36;64,88
30/07/2024;5094;4946;42,05;36,91;5033;39,68;34,88;4691;620,5;51,73;28,02;4452,0;5,68;7,29;64,79
31/07/2024;5922;5750;39,22;36,05;5028;38,48;34,41;5441;672,7;52,54;27,16;4396,0;2,38;4,68;56,77
01/08/2024;5408;5250;42,14;35,72;5024;39,72;34,43;5691;591,5;55,88;28,47;4471,0;6,91;8,49;66,51
02/08/2024;0;0;0,0;0,0;5728;39,24;34,42;0;697,87;51,86;27,79;5075,0;5,97;6,93;64,33
03/08/2024;0;0;0,0;0,0;0;0,0;0,0;0;0,0;0,0;0,0;0,0;0,0;0,0;0,0
04/08/2024;5011;4865;42,08;35,56;0;0,0;0,0;4865;0,0;0,0;0,0;0,0;0,0;0,0;0,0
05/08/2024;5120;4971;44,67;36,28;5023;41,12;34,11;4836;598,32;52,96;28,17;4464,0;8,25;7,23;66,17
06/08/2024;4961;4817;42,44;34,65;5035;41,08;33,71;4653;686,09;50,12;25,96;4390,0;6,45;3,56;61,21
07/08/2024;4959;4815;44,49;35,71;5029;41,85;33,78;4468;633,02;50,21;25,82;4436,0;10,45;4,92;65,84
08/08/2024;5625;5461;44,7;33,96;5029;42,39;32,79;4929;592,54;54,96;28,32;4475,0;9,83;5,7;65,78
09/08/2024;0;0;0,0;0,0;4963;42,48;33,03;0;598,11;51,84;27,35;4404,0;10,51;5,78;68,33
10/08/2024;0;0;0,0;0,0;0;0,0;0,0;0;0,0;0,0;0,0;0,0;0,0;0,0;0,0
11/08/2024;5572;5410;42,96;35,95;0;0,0;0,0;5410;0,0;0,0;0,0;0,0;0,0;0,0;0,0
12/08/2024;4634;4499;42,34;35,68;5027;40,75;34,22;4909;650,35;51,1;27,53;4417,0;5,73;5,81;63,7
13/08/2024;4891;4749;43,32;35,06;5030;40,93;33,98;4658;605,71;55,2;28,27;4464,0;7,62;7,0;65,19
14/08/2024;5193;5042;43,61;36,38;5028;41,37;34,21;4700;649,27;50,94;26,99;4419,0;7,3;5,61;62,65
15/08/2024;4717;4580;44,49;35,1;5024;42,08;33,89;4280;678,92;50,43;26,96;4386,0;6,39;3,06;61,04
16/08/2024;0;0;0,0;0,0;4300;42,35;34,04;0;573,13;51,44;27,47;3762,0;6,41;3,61;61,38
17/08/2024;0;0;0,0;0,0;0;0,0;0,0;0;0,0;0,0;0,0;0,0;0,0;0,0;0,0
18/08/2024;5397;5240;42,61;35,13;0;0,0;0,0;5240;0,0;0,0;0,0;0,0;0,0;0,0;0,0
19/08/2024;5446;5287;42,92;34,95;5023;40,75;33,57;5527;592,94;52,65;28,08;4469,0;8,32;6,54;64,59
20/08/2024;5478;5318;39,69;35,13;5025;39,51;33,73;5845;608,63;52,76;27,29;4456,0;7,12;6,66;64,08
21/08/2024;5205;5053;42,72;35,32;5025;39,9;33,45;5898;604,07;52,92;26,82;4460,0;8,4;6,72;66,08
22/08/2024;5266;5113;40,13;33,7;5029;39,36;32,91;6011;603,36;53,96;28,08;4465,0;6,27;5,35;62,18
23/08/2024;0;0;0,0;0,0;6047;39,38;32,98;0;809,42;49,99;26,41;5287,0;4,54;3,32;58,83
24/08/2024;0;0;0,0;0,0;0;0,0;0,0;0;0,0;0,0;0,0;0,0;0,0;0,0;0,0
25/08/2024;5241;5088;40,18;34,0;0;0,0;0,0;5088;0,0;0,0;0,0;0,0;0,0;0,0;0,0
26/08/2024;5368;5212;42,68;35,51;5025;39,51;33,02;5300;660,51;51,68;25,98;4405,0;5,98;2,84;60,73
27/08/2024;5304;5150;41,52;36,91;5024;40,13;34,25;5450;657,33;49,52;26,73;4407,0;5,77;3,15;58,86
28/08/2024;5495;5335;42,3;36,14;5020;39,57;34,72;5785;629,48;53,43;27,38;4430,0;5,81;5,98;63,77
29/08/2024;4680;4544;40,56;35,38;5031;39,17;34,01;5329;586,46;52,52;26,87;4483,0;8,68;7,61;67,21
30/08/2024;0;0;0,0;0,0;5358;39,39;34,02;0;691,49;51,5;26,59;4710,0;5,66;5,07;62,37
31/08/2024;0;0;0,0;0,0;0;0,0;0,0;0;0,0;0,0;0,0;0,0;0,0;0,0;0,0
01/09/2024;5171;5020;42,04;35,37;0;0,0;0,0;5020;0,0;0,0;0,0;0,0;0,0;0,0;0,0
02/09/2024;5059;4912;44,16;35,92;5033;41,26;34,41;4932;607,2;52,12;27,96;4465,0;8,22;7,41;65,72
03/09/2024;4980;4835;42,86;36,96;5024;41,16;34,76;4767;613,91;50,89;26,21;4450,0;10,14;8,11;69,39
04/09/2024;4947;4803;39,22;36,02;5028;39,4;34,26;4570;636,56;52,16;26,95;4431,0;5,87;5,76;62,63
05/09/2024;4734;4596;45,82;36,06;5026;41,37;34,55;4166;626,7;51,09;26,75;4439,0;8,93;6,4;65,18
06/09/2024;0;0;0,0;0,0;4187;41,74;34,35;0;521,19;49,51;25,28;3699,0;11,38;6,81;68,61
07/09/2024;0;0;0,0;0,0;0;0,0;0,0;0;0,0;0,0;0,0;0,0;0,0;0,0;0,0
08/09/2024;5378;5221;41,51;35,71;0;0,0;0,0;5221;0,0;0,0;0,0;0,0;0,0;0,0;0,0
09/09/2024;5221;5069;45,2;34,28;5022;41,2;33,7;5290;663,29;53,83;27,37;4399,0;5,7;3,24;60,25
10/09/2024;5528;5367;43,38;33,98;5032;41,76;32,82;5657;663,18;52,22;27,28;4410,0;6,54;2,06;59,15
11/09/2024;5089;4941;39,11;36,53;5025;39,43;33,86;5598;594,46;53,61;27,22;4470,0;8,02;6,51;66,33
12/09/2024;5129;4980;40,54;36,37;5027;39,55;34,28;5578;620,82;52,8;26,8;4446,0;7,18;7,14;65,24
13/09/2024;0;0;0,0;0,0;5599;39,29;34,63;0;642,58;53,11;27,25;4999,0;8,8;8,97;69,48
14/09/2024;0;0;0,0;0,0;0;0,0;0,0;0;0,0;0,0;0,0;0,0;0,0;0,0;0,0
15/09/2024;4697;4560;41,06;35,1;0;0,0;0,0;4560;0,0;0,0;0,0;0,0;0,0;0,0;0,0
16/09/2024;5027;4881;43,01;37,73;5030;40,4;34,69;4441;574,91;52,35;27,59;4494,0;9,7;8,84;71,72
17/09/2024;5221;5069;40,64;36,74;5016;39,51;34,84;4510;612,05;52,2;27,1;4443,0;7,09;7,01;64,35
18/09/2024;5326;5171;42,55;34,38;5028;40,23;34,27;4681;618,11;51,6;27,42;4449,0;7,28;7,18;64,96
19/09/2024;5222;5070;42,04;36,68;5027;40,27;34,56;4751;699,15;51,27;26,53;4369,0;3,8;3,4;57,96
20/09/2024;0;0;0,0;0,0;4770;40,02;34,42;0;603,03;51,7;27,03;4205,0;6,51;6,11;64,58
21/09/2024;0;0;0,0;0,0;0;0,0;0,0;0;0,0;0,0;0,0;0,0;0,0;0,0;0,0
22/09/2024;4672;4536;41,87;35,57;0;0,0;0,0;4536;0,0;0,0;0,0;0,0;0,0;0,0;0,0
23/09/2024;4900;4757;41,62;34,19;5025;39,99;33,1;4293;623,58;52,03;27,1;4441,0;7,04;6,62;64,57
24/09/2024;5431;5273;39,16;35,36;5024;38,73;33,61;4566;658,69;52,99;27,63;4406,0;2,8;4,8;59,45
25/09/2024;4786;4647;43,3;35,0;5019;39,96;33,62;4213;649,21;49,38;27,1;4410,0;5,49;4,91;61,92
26/09/2024;5277;5123;44,89;35,05;5024;41,84;33,41;4336;669,7;51,45;26,81;4395,0;6,84;3,23;63,33
27/09/2024;0;0;0,0;0,0;4353;41,37;33,55;0;565,79;51,4;26,68;3822,0;7,42;3,79;63,48
28/09/2024;0;0;0,0;0,0;0;0,0;0,0;0;0,0;0,0;0,0;0,0;0,0;0,0;0,0
29/09/2024;5008;4862;41,77;35,24;0;0,0;0,0;4862;0,0;0,0;0,0;0,0;0,0;0,0;0,0
30/09/2024;5641;5477;41,02;35,4;5035;39,37;34,1;5339;647,85;50,45;26,6;4428,0;5,75;4,93;62,83
01/10/2024;5456;5297;41,44;35,62;5018;39,57;33,77;5636;645,39;52,14;26,56;4413,0;6,04;5,24;62,86
02/10/2024;5080;4932;41,19;35,88;5025;39,2;34,06;5568;657,42;51,84;27,64;4408,0;3,41;3,5;57,8
03/10/2024;4430;4301;41,71;35,95;5023;39,66;34,28;4869;672,67;51,18;26,98;4391,0;3,99;2,53;57,92
04/10/2024;0;0;0,0;0,0;4894;39,35;34,22;0;617,04;51,52;26,92;4316,0;6,01;5,75;62,14
05/10/2024;0;0;0,0;0,0;0;0,0;0,0;0;0,0;0,0;0,0;0,0;0,0;0,0;0,0
06/10/2024;4816;4676;41,32;37,14;0;0,0;0,0;4676;0,0;0,0;0,0;0,0;0,0;0,0;0,0
07/10/2024;4757;4618;41,98;35,86;5029;40,07;34,8;4294;533,91;53,04;28,22;4533,0;10,92;12,51;74,82
08/10/2024;5040;4893;43,09;37,03;5032;40,52;35,05;4187;647,35;52,65;27,71;4425,0;5,39;6,48;62,64
09/10/2024;4679;4543;40,38;36,35;5024;39,37;34,99;3730;647,99;50,07;26,5;4416,0;5,75;4,97;61,46
10/10/2024;5056;4909;42,41;34,27;5020;40,19;33,64;3639;632,44;51,61;26,53;4427,0;7,52;4,23;62,43
11/10/2024;0;0;0,0;0,0;3657;40,29;33,81;0;450,97;52,41;26,9;3235,0;7,91;5,57;64,5
12/10/2024;0;0;0,0;0,0;0;0,0;0,0;0;0,0;0,0;0,0;0,0;0,0;0,0;0,0
13/10/2024;4928;4784;40,93;36,21;0;0,0;0,0;4784;0,0;0,0;0,0;0,0;0,0;0,0;0,0
14/10/2024;5471;5312;42,14;35,73;5022;39,78;34,41;5096;670,23;50,87;25,99;4393,0;5,68;3,8;59,66
15/10/2024;5347;5191;40,7;35,42;5026;39,23;34,06;5287;642,81;51,04;26,53;4423,0;5,89;5,42;62,31
16/10/2024;5314;5159;44,19;35,95;5025;40,47;34,42;5446;640,55;51,54;26,31;4425,0;7,78;6,78;64,55
17/10/2024;4927;4783;41,61;35,96;5019;40,21;34,22;5229;634,1;53,48;27,03;4425,0;6,72;6,5;63,84
18/10/2024;0;0;0,0;0,0;5257;40,27;34,27;0;660,03;52,5;26,91;4639,0;7,17;7,29;64,87
19/10/2024;0;0;0,0;0,0;0;0,0;0,0;0;0,0;0,0;0,0;0,0;0,0;0,0;0,0
20/10/2024;5625;5461;42,23;35,79;0;0,0;0,0;5461;0,0;0,0;0,0;0,0;0,0;0,0;0,0
21/10/2024;4835;4694;44,82;35,77;5020;41,67;34,38;5155;637,18;51,61;27,02;4423,0;8,23;4,98;65,06
22/10/2024;5024;4878;40,01;34,37;5025;39,77;33,63;5033;633,93;53,21;27,66;4431,0;5,41;5,22;62,0
23/10/2024;5645;5481;42,27;34,31;5033;39,55;33,01;5514;599,25;52,46;28,44;4473,0;6,27;6,31;62,57
24/10/2024;5024;4878;42,35;36,71;5022;40,09;33,77;5392;624,04;51,29;26,92;4438,0;7,45;6,1;64,04
25/10/2024;0;0;0,0;0,0;5419;40,19;33,77;0;699,14;50,98;26,67;4763,0;6,43;4,78;63,34
26/10/2024;0;0;0,0;0,0;0;0,0;0,0;0;0,0;0,0;0,0;0,0;0,0;0,0;0,0
27/10/2024;4838;4697;43,17;35,18;0;0,0;0,0;4697;0,0;0,0;0,0;0,0;0,0;0,0;0,0
28/10/2024;5405;5248;43,9;37,13;5030;41,55;34,32;4945;632,81;50,97;26,14;4437,0;9,64;6,06;66,13
29/10/2024;5060;4913;43,53;35,5;5022;41,41;34,51;4858;663,34;50,63;26,38;4399,0;7,37;3,75;61,58
30/10/2024;5077;4929;40,78;35,76;5023;39,85;34,28;4787;614,07;51,52;26,61;4448,0;8,1;8,24;67,03
31/10/2024;5314;5159;44,44;36,27;5019;41,01;34,41;4946;605,08;52,94;27,45;4453,0;8,66;7,18;67,88
01/11/2024;0;0;0,0;0,0;4968;41,32;34,23;0;623,56;52,71;26,95;4384,0;8,34;6,56;65,95
02/11/2024;0;0;0,0;0,0;0;0,0;0,0;0;0,0;0,0;0,0;0,0;0,0;0,0;0,0
03/11/2024;5111;4962;41,9;37,07;0;0,0;0,0;4962;0,0;0,0;0,0;0,0;0,0;0,0;0,0
04/11/2024;5213;5061;42,31;34,0;5025;40,18;34,21;5023;633,24;52,43;27,29;4432,0;6,44;6,39;62,44
05/11/2024;4654;4518;39,09;35,52;5015;39,17;34,02;4541;636,28;51,78;26,53;4419,0;6,17;5,49;62,17
06/11/2024;5123;4974;41,51;35,83;5023;39,57;34,21;4515;671,38;51,01;26,38;4392,0;4,88;4,3;59,81
07/11/2024;5738;5571;44,53;38,06;5024;41,12;35,25;5086;656,21;52,32;28,2;4408,0;4,77;6,95;62,85
08/11/2024;0;0;0,0;0,0;5110;41,23;35,68;0;616,46;52,54;27,36;4533,0;9,11;9,9;70,46
09/11/2024;0;0;0,0;0,0;0;0,0;0,0;0;0,0;0,0;0,0;0,0;0,0;0,0;0,0
10/11/2024;4924;4781;43,46;35,2;0;0,0;0,0;4781;0,0;0,0;0,0;0,0;0,0;0,0;0,0
11/11/2024;4863;4721;40,59;35,12;5026;39,66;33,4;4502;663,33;48,0;24,8;4403,0;7,8;4,37;61,9
12/11/2024;5295;5141;41,48;36,76;5019;40,01;34,68;4643;640,22;52,05;27,23;4419,0;5,82;6,1;64,08
13/11/2024;5348;5192;42,26;34,72;5022;40,3;33,68;4835;608,88;53,08;27,71;4452,0;7,44;6,28;64,9
14/11/2024;4911;4768;43,93;37,19;5020;40,85;34,59;4603;558,72;54,59;27,99;4499,0;10,58;9,81;72,32
15/11/2024;0;0;0,0;0,0;4619;41,38;34,8;0;540,33;52,7;27,87;4114,0;9,7;8,68;69,81
16/11/2024;0;0;0,0;0,0;0;0,0;0,0;0;0,0;0,0;0,0;0,0;0,0;0,0;0,0
17/11/2024;4892;4750;42,67;34,93;0;0,0;0,0;4750;0,0;0,0;0,0;0,0;0,0;0,0;0,0
18/11/2024;5504;5344;44,26;36,0;5017;41,41;33,85;5094;639,82;50,69;26,42;4417,0;8,52;5,52;64,56
19/11/2024;5243;5090;44,14;35,57;5021;41,93;34,02;5184;630,28;53,39;27,18;4431,0;8,68;5,04;66,16
20/11/2024;5229;5077;41,26;33,81;5017;40,86;33,27;5261;628,31;52,83;27,05;4428,0;7,75;5,32;63,59
21/11/2024;5124;4975;41,92;34,6;5026;40,32;33,4;5236;631,6;52,69;27,91;4434,0;5,8;4,4;61,37
22/11/2024;0;0;0,0;0,0;5259;40,35;33,54;0;669,07;52,29;27,53;4632,0;5,89;4,74;60,96
23/11/2024;0;0;0,0;0,0;0;0,0;0,0;0;0,0;0,0;0,0;0,0;0,0;0,0;0,0
24/11/2024;4825;4684;42,03;35,4;0;0,0;0,0;4684;0,0;0,0;0,0;0,0;0,0;0,0;0,0
25/11/2024;5364;5208;42,35;37,46;5026;40,2;34,64;4892;615,41;52,03;27,82;4450,0;6,86;7,71;65,58
26/11/2024;5239;5086;41,97;35,82;5022;40,43;34,67;4978;606,48;53,32;27,04;4455,0;8,54;7,04;68,59
27/11/2024;5274;5120;39,3;35,58;5025;38,57;34,27;5098;629,87;53,12;27,71;4435,0;4,27;6,19;62,36
28/11/2024;4894;4751;43,49;33,64;5017;40,64;33,58;4849;614,45;52,09;26,74;4442,0;8,7;6,55;65,88
29/11/2024;0;0;0,0;0,0;4872;40,36;33,34;0;634,9;52,69;28,3;4276,0;3,89;3,79;59,61
30/11/2024;0;0;0,0;0,0;0;0,0;0,0;0;0,0;0,0;0,0;0,0;0,0;0,0;0,0
01/12/2024;5296;5142;41,15;37,41;0;0,0;0,0;5142;0,0;0,0;0,0;0,0;0,0;0,0;0,0
02/12/2024;5058;4911;44,88;36,42;5019;41,0;35,52;5053;621,54;52,07;27,49;4437,0;7,67;8,24;66,61
03/12/2024;5670;5505;44,64;34,89;5029;41,94;34,45;5558;620,19;52,13;27,0;4448,0;9,51;5,65;65,56
04/12/2024;5081;4933;42,54;34,04;5018;40,94;33,52;5491;662,65;52,13;26,34;4396,0;6,9;4,29;61,84
05/12/2024;5242;5089;43,87;35,7;5025;41,94;33,89;5580;620,29;51,59;27,23;4444,0;9,2;6,21;67,02
06/12/2024;0;0;0,0;0,0;5614;41,24;33,8;0;705,09;50,68;26,95;4953,0;8,13;5,28;65,36
07/12/2024;0;0;0,0;0,0;0;0,0;0,0;0;0,0;0,0;0,0;0,0;0,0;0,0;0,0
08/12/2024;5036;4889;44,63;35,96;0;0,0;0,0;4889;0,0;0,0;0,0;0,0;0,0;0,0;0,0
09/12/2024;4751;4613;43,35;34,85;5036;41,96;33,63;4502;651,24;50,67;27,27;4425,0;7,44;4,91;63,52
10/12/2024;5029;4883;45,15;34,1;5029;42,5;33,22;4385;636,62;53,27;27,95;4432,0;7,89;4,02;64,07
11/12/2024;5426;5268;40,33;36,03;5028;40,28;33,81;4653;655,25;50,66;26,9;4413,0;5,8;4,14;60,95
12/12/2024;5423;5265;44,1;36,1;5023;41,47;34,35;4918;564,35;52,52;27,69;4497,0;11,33;9,64;71,12
13/12/2024;0;0;0,0;0,0;4949;41,31;34,28;0;635,38;51,54;28,04;4353,0;5,95;5,48;62,6
14/12/2024;0;0;0,0;0,0;0;0,0;0,0;0;0,0;0,0;0,0;0,0;0,0;0,0;0,0
15/12/2024;5288;5134;43,49;35,63;0;0,0;0,0;5134;0,0;0,0;0,0;0,0;0,0;0,0;0,0
16/12/2024;4460;4330;42,07;37,14;5021;40,8;34,74;4464;651,59;50,03;25,32;4410,0;8,73;4,75;65,33
17/12/2024;5175;5024;42,4;36,05;5019;40,38;34,43;4488;644,89;53,22;27,88;4414,0;5,12;6,28;62,93
18/12/2024;5177;5026;41,23;34,37;5027;39,83;33,38;4514;610,52;52,05;27,64;4456,0;6,88;6,52;64,35
19/12/2024;5202;5050;39,68;35,2;5018;39,21;33,54;4564;614,61;51,05;26,92;4443,0;6,93;4,34;62,34
20/12/2024;0;0;0,0;0,0;4591;39,16;33,44;0;567,09;52,41;26,19;4060,0;7,59;4,53;63,14
21/12/2024;0;0;0,0;0,0;0;0,0;0,0;0;0,0;0,0;0,0;0,0;0,0;0,0;0,0
22/12/2024;4958;4814;40,06;35,13;0;0,0;0,0;4814;0,0;0,0;0,0;0,0;0,0;0,0;0,0
23/12/2024;5042;4895;41,3;36,58;5022;39,19;34,24;4709;652,69;49,9;25,39;4410,0;6,92;5,73;62,34
24/12/2024;5142;4992;41,55;34,45;5024;39,39;33,82;4701;666,11;52,78;27,98;4399,0;2,56;4,74;58,92
25/12/2024;5482;5322;43,44;33,3;5031;40,62;32,35;5023;655,48;49,6;26,57;4416,0;6,68;1,76;60,34
26/12/2024;5422;5264;42,68;35,63;5026;40,76;33,44;5287;608,83;50,88;26,79;4457,0;9,19;5,36;65,11
27/12/2024;0;0;0,0;0,0;5319;40,44;33,41;0;656,99;52,55;27,36;4704,0;7,34;4,06;62,94
28/12/2024;0;0;0,0;0,0;0;0,0;0,0;0;0,0;0,0;0,0;0,0;0,0;0,0;0,0
